developer_id,date_key,total_tracked_minutes,deep_work_minutes,pure_flow_minutes,total_interruptions,ci_cd_interruptions,total_cognitive_tax_minutes,flow_efficiency_pct,cognitive_friction_score
101,20260101,510,349,326,4,0,67.74000000000001,82.8,56.45
101,20260102,510,395,365,5,2,111.55,76.59,92.96
101,20260105,510,455,374,5,0,70.7,84.1,58.92
101,20260106,510,375,275,4,1,83.96,76.61,69.97
101,20260107,510,390,377,2,1,34.89,91.53,29.08
101,20260108,510,337,313,1,0,18.44,94.44,15.37
101,20260109,510,335,253,6,1,94.78,72.75,78.98
101,20260112,510,340,279,5,3,70.28999999999999,79.88,58.57
101,20260113,510,245,181,2,1,26.01,87.44,21.68
101,20260114,510,316,292,2,2,30.69,90.49,25.58
101,20260115,510,437,349,9,4,151.47,69.73,100.0
101,20260116,510,309,241,4,2,55.33,81.33,46.11
101,20260119,510,420,356,6,2,96.58,78.66,80.48
101,20260120,510,260,215,4,2,64.76,76.85,53.97
101,20260121,510,335,255,8,3,136.20999999999998,65.18,100.0
101,20260122,510,440,375,7,3,116.77000000000001,76.26,97.31
101,20260123,510,405,330,6,0,78.38,80.81,65.32
101,20260126,510,405,357,6,3,98.93,78.3,82.44
101,20260127,510,280,198,5,2,61.790000000000006,76.22,51.49
101,20260128,510,355,313,5,0,66.73,82.43,55.61
101,20260129,510,235,179,4,1,50.64,77.95,42.2
101,20260130,510,246,197,4,1,47.39,80.61,39.49
101,20260202,510,410,394,5,1,84.46000000000001,82.35,70.38
101,20260203,510,335,289,8,1,114.81,71.57,95.68
101,20260204,510,360,343,4,0,62.94,84.5,52.45
101,20260205,510,275,266,0,0,0.0,100.0,0.0
101,20260206,510,310,264,4,0,70.9,78.83,59.08
101,20260209,510,365,245,10,2,189.49,56.39,100.0
101,20260210,510,295,283,1,1,15.6,94.78,13.0
101,20260211,510,300,227,5,1,71.59,76.02,59.66
101,20260212,510,369,308,5,1,95.03,76.42,79.19
101,20260213,510,355,299,2,1,46.65,86.5,38.88
101,20260216,510,330,228,4,2,58.9,79.47,49.08
101,20260217,510,395,303,8,3,127.94,70.31,100.0
101,20260218,510,340,318,5,2,92.4,77.49,77.0
101,20260219,510,320,274,5,3,90.05,75.26,75.04
101,20260220,510,395,342,7,2,111.77,75.37,93.14
101,20260223,510,225,189,3,3,45.43,80.62,37.86
101,20260224,510,382,321,7,2,125.81,71.84,100.0
101,20260225,510,290,231,4,1,79.42,74.42,66.18
101,20260226,510,350,297,4,0,84.86,77.78,70.72
101,20260227,510,400,352,5,0,90.31,79.58,75.26
101,20260302,510,385,331,4,1,90.28999999999999,78.57,75.24
101,20260303,510,380,325,4,2,72.35,81.79,60.29
101,20260304,510,360,312,6,3,102.36,75.3,85.3
101,20260305,510,260,151,5,3,65.7,69.68,54.75
101,20260306,510,250,192,5,2,78.9,70.87,65.75
101,20260309,510,390,364,5,3,82.33,81.55,68.61
101,20260310,510,385,339,6,4,93.94,78.3,78.28
101,20260311,510,485,445,4,3,62.03,87.77,51.69
101,20260312,510,435,392,3,1,57.120000000000005,87.28,47.6
101,20260313,510,343,283,7,3,115.75,70.97,96.46
101,20260316,510,340,251,4,2,73.67,77.31,61.39
101,20260317,510,395,320,3,2,34.92,90.16,29.1
101,20260318,510,365,277,8,3,152.27,64.53,100.0
101,20260319,510,310,226,8,4,126.0,64.2,100.0
101,20260320,510,415,382,2,0,37.879999999999995,90.98,31.57
101,20260323,510,140,111,1,0,20.88,84.17,17.4
101,20260324,510,310,249,4,0,50.28,83.2,41.9
101,20260325,510,417,297,4,2,56.470000000000006,84.02,47.06
101,20260326,510,385,284,5,3,74.65,79.19,62.21
101,20260327,510,355,331,6,2,93.48,77.98,77.9
101,20260330,510,331,259,6,0,129.65,66.64,100.0
101,20260331,510,210,125,5,2,72.63,63.25,60.52
102,20260101,510,380,335,6,1,106.34,75.91,88.62
102,20260102,510,425,401,5,3,79.39,83.47,66.16
102,20260105,510,395,312,4,1,66.13,82.51,55.11
102,20260106,510,398,398,2,1,33.55,92.23,27.96
102,20260107,510,360,334,3,2,52.32,86.46,43.6
102,20260108,510,350,283,5,2,95.96000000000001,74.68,79.97
102,20260109,510,290,153,5,3,68.31,69.13,56.92
102,20260112,510,200,200,4,1,69.88,74.11,58.23
102,20260113,510,435,384,5,1,107.86,78.07,89.88
102,20260114,510,370,338,1,0,19.15,94.64,15.96
102,20260115,510,300,245,3,0,43.3,84.98,36.08
102,20260116,510,346,219,6,3,104.03,67.8,86.69
102,20260119,510,308,176,7,3,113.38,60.82,94.48
102,20260120,510,305,238,2,2,32.3,88.05,26.92
102,20260121,510,355,290,4,2,86.87,76.95,72.39
102,20260122,510,270,248,2,2,24.990000000000002,90.85,20.83
102,20260123,510,445,386,3,1,44.489999999999995,89.67,37.07
102,20260126,510,420,362,4,1,57.349999999999994,86.32,47.79
102,20260127,510,431,286,2,0,37.11,88.51,30.92
102,20260128,510,320,281,5,3,88.91,75.96,74.09
102,20260129,510,440,424,6,2,107.09,79.84,89.24
102,20260130,510,365,329,4,4,60.38,84.49,50.32
102,20260202,510,440,380,5,1,89.69,80.9,74.74
102,20260203,510,310,201,3,1,34.06,85.51,28.38
102,20260204,510,395,290,5,2,69.0,80.78,57.5
102,20260205,510,350,320,3,1,48.620000000000005,86.81,40.52
102,20260206,510,280,233,4,2,48.2,82.86,40.17
102,20260209,510,296,245,3,1,58.87,80.63,49.06
102,20260210,510,455,414,5,2,62.54,86.88,52.12
102,20260211,510,350,315,5,2,85.27,78.7,71.06
102,20260212,510,410,315,8,2,111.06,73.93,92.55
102,20260213,510,315,254,6,2,102.22,71.3,85.18
102,20260216,510,415,415,6,1,97.21,81.02,81.01
102,20260217,510,338,263,6,2,90.59,74.38,75.49
102,20260218,510,385,321,6,3,82.24000000000001,79.61,68.53
102,20260219,510,371,340,4,2,79.68,81.01,66.4
102,20260220,510,387,323,6,1,80.78999999999999,79.99,67.32
102,20260223,510,375,288,10,3,149.69,65.8,100.0
102,20260224,510,351,223,8,3,132.84,62.67,100.0
102,20260225,510,390,356,3,1,44.839999999999996,88.81,37.37
102,20260226,510,345,311,5,1,94.38,76.72,78.65
102,20260227,510,365,294,6,2,86.29,77.31,71.91
102,20260302,510,307,211,7,3,110.21,65.69,91.84
102,20260303,510,420,358,4,3,66.83,84.27,55.69
102,20260304,510,320,296,4,2,72.49000000000001,80.33,60.41
102,20260305,510,375,279,4,1,76.77,78.42,63.97
102,20260306,510,240,187,3,1,62.5,74.95,52.08
102,20260309,510,322,304,4,2,56.94,84.22,47.45
102,20260310,510,315,250,2,1,39.92,86.23,33.27
102,20260311,510,355,263,4,1,75.88,77.61,63.23
102,20260312,510,295,279,4,1,67.31,80.56,56.09
102,20260313,510,410,301,7,3,95.11,75.99,79.26
102,20260316,510,255,189,3,3,44.1,81.08,36.75
102,20260317,510,310,283,4,1,67.25999999999999,80.8,56.05
102,20260318,510,280,177,3,2,54.28,76.53,45.23
102,20260319,510,350,320,2,1,32.839999999999996,90.69,27.37
102,20260320,510,275,197,5,2,72.66,73.05,60.55
102,20260323,510,340,307,3,1,46.46,86.86,38.72
102,20260324,510,405,289,3,3,41.29,87.5,34.41
102,20260325,510,430,375,4,0,66.86,84.87,55.72
102,20260326,510,435,350,8,3,133.19,72.44,100.0
102,20260327,510,350,300,4,1,78.49,79.26,65.41
102,20260330,510,387,358,4,2,64.4,84.75,53.67
102,20260331,510,385,310,4,1,73.83,80.76,61.52
103,20260101,510,365,275,5,4,104.3,72.5,86.92
103,20260102,510,373,315,3,1,42.85,88.03,35.71
103,20260105,510,255,238,4,2,64.0,78.81,53.33
103,20260106,510,370,311,4,2,72.31,81.14,60.26
103,20260107,510,310,292,5,2,87.74000000000001,76.89,73.12
103,20260108,510,400,359,5,3,86.82,80.53,72.35
103,20260109,510,355,333,6,5,87.21000000000001,79.25,72.68
103,20260112,510,321,208,7,2,114.36999999999999,64.52,95.31
103,20260113,510,390,357,5,3,77.25,82.21,64.38
103,20260114,510,280,205,4,1,66.69,75.45,55.58
103,20260115,510,250,176,5,1,71.86,71.01,59.88
103,20260116,510,301,184,5,2,82.38,69.07,68.65
103,20260119,510,374,350,5,2,95.46000000000001,78.57,79.55
103,20260120,510,440,393,4,2,51.2,88.47,42.67
103,20260121,510,295,227,3,2,41.82,84.44,34.85
103,20260122,510,299,240,0,0,0.0,100.0,0.0
103,20260123,510,347,308,4,2,59.03,83.92,49.19
103,20260126,510,320,242,3,1,60.47,80.01,50.39
103,20260127,510,300,244,6,1,97.76,71.4,81.47
103,20260128,510,365,260,8,3,137.17000000000002,65.46,100.0
103,20260129,510,440,407,4,2,58.61,87.41,48.84
103,20260130,510,215,181,3,2,47.89,79.08,39.91
103,20260202,510,370,334,5,3,72.2,82.23,60.17
103,20260203,510,269,196,5,2,77.94999999999999,71.55,64.96
103,20260204,510,390,373,3,1,55.34,87.08,46.12
103,20260205,510,270,201,5,4,80.41,71.43,67.01
103,20260206,510,325,271,5,3,77.73,77.71,64.78
103,20260209,510,353,286,6,0,114.31,71.44,95.26
103,20260210,510,335,257,8,2,111.06,69.83,92.55
103,20260211,510,322,246,7,1,118.57,67.48,98.81
103,20260212,510,400,294,6,1,94.73,75.63,78.94
103,20260213,510,430,408,7,5,92.3,81.55,76.92
103,20260216,510,375,360,6,1,118.28,75.27,98.57
103,20260217,510,390,340,3,2,38.36,89.86,31.97
103,20260218,510,393,300,5,1,91.5,76.63,76.25
103,20260219,510,290,256,4,2,59.31,81.19,49.42
103,20260220,510,259,178,3,1,58.59,75.24,48.82
103,20260223,510,455,366,4,1,43.57,89.36,36.31
103,20260224,510,235,195,3,1,46.31,80.81,38.59
103,20260225,510,390,339,6,0,75.46000000000001,81.79,62.88
103,20260226,510,411,378,7,4,91.47,80.52,76.22
103,20260227,510,440,373,8,2,109.72,77.27,91.43
103,20260302,510,420,330,5,3,84.28,79.66,70.23
103,20260303,510,361,300,7,3,113.33,72.58,94.44
103,20260304,510,120,87,1,0,10.55,89.19,8.79
103,20260305,510,345,275,4,3,57.23,82.77,47.69
103,20260306,510,420,334,3,1,40.01,89.3,33.34
103,20260309,510,285,237,4,1,63.85,78.78,53.21
103,20260310,510,480,362,8,1,129.55,73.64,100.0
103,20260311,510,350,313,5,2,91.56,77.37,76.3
103,20260312,510,405,365,7,3,88.86,80.42,74.05
103,20260313,510,450,411,5,2,95.30000000000001,81.18,79.42
103,20260316,510,348,335,2,0,19.45,94.51,16.21
103,20260317,510,399,285,5,0,93.9,75.22,78.25
103,20260318,510,343,301,5,2,85.29,77.92,71.08
103,20260319,510,235,187,4,1,61.72,75.18,51.43
103,20260320,510,355,204,5,2,92.36,68.84,76.97
103,20260323,510,389,349,3,1,63.06,84.7,52.55
103,20260324,510,365,322,2,0,36.349999999999994,89.86,30.29
103,20260325,510,345,296,3,1,49.07,85.78,40.89
103,20260326,510,385,346,7,5,109.34,75.99,91.12
103,20260327,510,257,233,4,1,69.53,77.02,57.94
103,20260330,510,273,248,1,0,10.13,96.08,8.44
103,20260331,510,373,317,4,1,65.38,82.9,54.48
104,20260101,510,206,179,2,0,36.29,83.14,30.24
104,20260102,510,279,255,2,1,31.1,89.13,25.92
104,20260105,510,270,179,5,2,88.21,66.99,73.51
104,20260106,510,350,258,8,5,130.32999999999998,66.44,100.0
104,20260107,510,312,237,5,4,87.84,72.96,73.2
104,20260108,510,420,399,5,2,83.54,82.69,69.62
104,20260109,510,355,299,2,1,40.34,88.11,33.62
104,20260112,510,425,417,2,1,30.540000000000003,93.18,25.45
104,20260113,510,400,400,4,1,58.03,87.33,48.36
104,20260114,510,325,295,5,1,81.19,78.42,67.66
104,20260115,510,335,213,5,2,80.92999999999999,72.47,67.44
104,20260116,510,425,390,5,1,81.73,82.67,68.11
104,20260119,510,318,253,4,1,63.21,80.01,52.68
104,20260120,510,375,288,5,1,98.13,74.59,81.77
104,20260121,510,421,346,6,2,99.23,77.71,82.69
104,20260122,510,180,96,5,3,74.42,56.33,62.02
104,20260123,510,315,303,4,0,53.620000000000005,84.96,44.68
104,20260126,510,330,281,3,1,25.060000000000002,91.81,20.88
104,20260127,510,364,297,2,1,25.270000000000003,92.16,21.06
104,20260128,510,365,309,3,0,55.230000000000004,84.84,46.03
104,20260129,510,395,372,7,4,122.92,75.16,100.0
104,20260130,510,341,286,2,0,36.739999999999995,88.62,30.62
104,20260202,510,424,355,10,6,166.13,68.12,100.0
104,20260203,510,240,182,4,2,73.22,71.31,61.02
104,20260204,510,330,227,5,1,75.83,74.96,63.19
104,20260205,510,260,184,4,1,50.75,78.38,42.29
104,20260206,510,435,270,3,2,39.58,87.21,32.98
104,20260209,510,280,232,4,1,70.39,76.72,58.66
104,20260210,510,210,179,2,0,28.240000000000002,86.37,23.53
104,20260211,510,343,247,6,1,98.75,71.44,82.29
104,20260212,510,319,264,2,1,26.39,90.91,21.99
104,20260213,510,290,232,6,0,86.17,72.92,71.81
104,20260216,510,303,271,6,1,122.26,68.91,100.0
104,20260217,510,365,288,2,2,31.509999999999998,90.14,26.26
104,20260218,510,435,311,6,2,116.36000000000001,72.77,96.97
104,20260219,510,362,238,4,2,46.120000000000005,83.77,38.43
104,20260220,510,435,343,8,5,150.8,69.46,100.0
104,20260223,510,308,255,4,4,67.59,79.05,56.32
104,20260224,510,380,283,7,4,100.4,73.81,83.67
104,20260225,510,335,295,5,2,76.34,79.44,63.62
104,20260226,510,400,383,6,1,123.94999999999999,75.55,100.0
104,20260227,510,348,348,3,2,37.989999999999995,90.16,31.66
104,20260302,510,377,273,2,1,22.37,92.43,18.64
104,20260303,510,365,290,6,4,100.25,74.31,83.54
104,20260304,510,369,329,6,3,102.28,76.28,85.23
104,20260305,510,349,188,5,2,81.07000000000001,69.87,67.56
104,20260306,510,250,208,3,2,39.44,84.06,32.87
104,20260309,510,385,301,7,3,114.34,72.47,95.28
104,20260310,510,345,317,7,1,124.73,71.76,100.0
104,20260311,510,340,319,2,1,37.64,89.45,31.37
104,20260312,510,380,284,4,2,64.64,81.46,53.87
104,20260313,510,425,329,6,2,107.26,75.41,89.38
104,20260316,510,390,308,7,2,110.94,73.52,92.45
104,20260317,510,345,253,7,3,86.81,74.45,72.34
104,20260318,510,245,233,5,2,78.44,74.81,65.37
104,20260319,510,305,228,7,2,104.74000000000001,68.52,87.28
104,20260320,510,425,357,6,1,124.42,74.16,100.0
104,20260323,510,285,196,3,1,43.21,81.94,36.01
104,20260324,510,363,335,6,2,96.51,77.63,80.42
104,20260325,510,316,249,5,3,99.03,71.55,82.52
104,20260326,510,285,252,3,2,43.81,85.19,36.51
104,20260327,510,300,282,2,0,31.139999999999997,90.06,25.95
104,20260330,510,405,288,4,1,73.0,79.78,60.83
104,20260331,510,385,332,5,0,73.5,81.87,61.25
105,20260101,510,285,215,4,0,66.0,76.51,55.0
105,20260102,510,266,142,3,1,44.21,76.26,36.84
105,20260105,510,375,363,9,7,149.92,70.77,100.0
105,20260106,510,380,337,6,3,71.69,82.46,59.74
105,20260107,510,410,334,7,4,118.66,73.79,98.88
105,20260108,510,365,274,5,1,78.28,77.78,65.23
105,20260109,510,220,164,3,1,32.01,83.67,26.67
105,20260112,510,390,334,4,0,55.519999999999996,85.75,46.27
105,20260113,510,405,330,4,3,41.47,88.84,34.56
105,20260114,510,355,285,3,1,53.33,84.24,44.44
105,20260115,510,225,153,5,1,82.21,65.05,68.51
105,20260116,510,411,337,4,2,71.96000000000001,82.4,59.97
105,20260119,510,440,385,5,2,88.65,81.28,73.88
105,20260120,510,455,430,5,1,92.13,82.35,76.77
105,20260121,510,375,315,5,3,71.6,81.48,59.67
105,20260122,510,305,248,5,2,90.07,73.36,75.06
105,20260123,510,325,325,2,2,29.259999999999998,91.74,24.38
105,20260126,510,325,223,5,2,94.91,70.15,79.09
105,20260127,510,335,286,2,2,31.59,90.05,26.32
105,20260128,510,340,247,5,0,110.66,69.06,92.22
105,20260129,510,410,354,5,3,72.86,82.93,60.72
105,20260130,510,363,316,3,2,57.269999999999996,84.66,47.72
105,20260202,510,399,322,5,2,65.57,83.08,54.64
105,20260203,510,230,230,2,2,35.769999999999996,86.54,29.81
105,20260204,510,290,276,3,1,38.68,87.71,32.23
105,20260205,510,234,165,4,1,46.32,78.08,38.6
105,20260206,510,341,254,6,2,96.25999999999999,72.52,80.22
105,20260209,510,375,375,2,1,36.54,91.12,30.45
105,20260210,510,290,166,5,1,79.65,67.58,66.38
105,20260211,510,349,308,3,1,50.67,85.87,42.22
105,20260212,510,405,316,4,3,57.62,84.58,48.02
105,20260213,510,285,245,6,2,83.06,74.68,69.22
105,20260216,510,495,435,6,2,104.28999999999999,80.66,86.91
105,20260217,510,375,357,2,1,37.35,90.53,31.13
105,20260218,510,370,332,3,2,40.09,89.23,33.41
105,20260219,510,355,248,8,2,133.73,64.97,100.0
105,20260220,510,350,350,1,1,19.45,94.74,16.21
105,20260223,510,345,324,5,2,92.03,77.88,76.69
105,20260224,510,328,275,5,4,77.64,77.98,64.7
105,20260225,510,340,252,3,2,44.29,85.05,36.91
105,20260226,510,244,186,5,2,109.78,62.88,91.48
105,20260227,510,330,273,5,2,78.48,77.67,65.4
105,20260302,510,425,364,3,0,34.97,91.23,29.14
105,20260303,510,450,363,8,6,121.57,74.91,100.0
105,20260304,510,310,245,4,1,59.519999999999996,80.45,49.6
105,20260305,510,281,175,4,1,56.36,75.64,46.97
105,20260306,510,405,367,5,3,86.35,80.95,71.96
105,20260309,510,390,310,5,1,104.66,74.76,87.22
105,20260310,510,365,268,8,3,158.62,62.82,100.0
105,20260311,510,240,168,5,2,74.7,69.22,62.25
105,20260312,510,410,385,6,4,89.58,81.12,74.65
105,20260313,510,356,317,3,2,61.980000000000004,83.65,51.65
105,20260316,510,280,268,2,1,39.94,87.03,33.28
105,20260317,510,258,180,5,3,72.27,71.35,60.22
105,20260318,510,365,313,6,2,94.05,76.89,78.38
105,20260319,510,415,330,5,2,78.4,80.8,65.33
105,20260320,510,485,444,4,3,54.74,89.02,45.62
105,20260323,510,267,231,4,0,62.67999999999999,78.66,52.23
105,20260324,510,400,372,5,2,71.8,83.82,59.83
105,20260325,510,150,61,5,2,90.96000000000001,40.14,75.8
105,20260326,510,348,322,6,1,85.94,78.93,71.62
105,20260327,510,410,251,6,2,100.8,71.35,84.0
105,20260330,510,377,315,3,0,42.51,88.11,35.43
105,20260331,510,315,216,6,3,96.47,69.13,80.39
106,20260101,510,264,199,2,1,30.770000000000003,86.61,25.64
106,20260102,510,285,173,5,2,86.43,66.68,72.03
106,20260105,510,395,350,3,2,41.66,89.36,34.72
106,20260106,510,350,288,5,2,104.39,73.4,86.99
106,20260107,510,379,361,4,1,50.620000000000005,87.7,42.18
106,20260108,510,465,384,4,1,79.41,82.86,66.18
106,20260109,510,470,407,6,3,86.57000000000001,82.46,72.14
106,20260112,510,372,291,6,4,78.6,78.73,65.5
106,20260113,510,285,229,4,1,68.07,77.09,56.72
106,20260114,510,276,196,4,3,65.26,75.02,54.38
106,20260115,510,337,271,7,4,123.77,68.65,100.0
106,20260116,510,390,322,5,2,80.82,79.94,67.35
106,20260119,510,215,164,5,1,65.3,71.52,54.42
106,20260120,510,420,384,5,1,73.18,83.99,60.98
106,20260121,510,350,305,4,1,49.18,86.11,40.98
106,20260122,510,305,249,3,2,37.440000000000005,86.93,31.2
106,20260123,510,420,318,8,3,147.37,68.33,100.0
106,20260126,510,320,288,7,1,117.35,71.05,97.79
106,20260127,510,287,266,3,0,52.31,83.57,43.59
106,20260128,510,480,390,5,2,73.73,84.1,61.44
106,20260129,510,350,329,6,4,86.75,79.13,72.29
106,20260130,510,335,311,5,1,74.97,80.58,62.48
106,20260202,510,365,305,4,2,72.06,80.89,60.05
106,20260203,510,358,244,4,1,65.62,78.81,54.68
106,20260204,510,370,306,6,0,107.91,73.93,89.92
106,20260205,510,358,301,2,1,28.97,91.22,24.14
106,20260206,510,325,235,7,4,113.86,67.36,94.88
106,20260209,510,420,331,9,3,113.73,74.43,94.78
106,20260210,510,365,326,4,3,71.77000000000001,81.96,59.81
106,20260211,510,395,362,4,1,69.41,83.91,57.84
106,20260212,510,450,420,5,0,86.11,82.99,71.76
106,20260213,510,365,278,5,4,81.2,77.39,67.67
106,20260216,510,285,197,6,2,77.86,71.67,64.88
106,20260217,510,365,283,5,1,84.31,77.05,70.26
106,20260218,510,370,259,3,2,39.91,86.65,33.26
106,20260219,510,455,401,2,2,30.25,92.99,25.21
106,20260220,510,385,322,4,2,61.849999999999994,83.89,51.54
106,20260223,510,235,139,5,0,95.3,59.33,79.42
106,20260224,510,335,296,3,2,46.27,86.48,38.56
106,20260225,510,415,399,2,1,27.32,93.59,22.77
106,20260226,510,330,264,4,1,69.17,79.24,57.64
106,20260227,510,269,192,5,2,79.83,70.63,66.53
106,20260302,510,238,198,2,0,26.17,88.33,21.81
106,20260303,510,355,292,5,1,61.790000000000006,82.53,51.49
106,20260304,510,240,213,4,2,82.89,71.99,69.08
106,20260305,510,420,365,4,2,54.769999999999996,86.95,45.64
106,20260306,510,279,261,3,2,56.540000000000006,82.19,47.12
106,20260309,510,353,334,6,5,67.14,83.26,55.95
106,20260310,510,400,289,6,5,108.72,72.66,90.6
106,20260311,510,350,270,5,1,84.07000000000001,76.26,70.06
106,20260312,510,370,370,3,1,47.260000000000005,88.67,39.38
106,20260313,510,295,239,5,2,90.83,72.46,75.69
106,20260316,510,290,215,6,4,86.98,71.2,72.48
106,20260317,510,470,458,4,1,49.05,90.33,40.88
106,20260318,510,454,414,3,1,49.730000000000004,89.28,41.44
106,20260319,510,390,320,5,1,84.75999999999999,79.06,70.63
106,20260320,510,380,340,2,2,30.8,91.69,25.67
106,20260323,510,320,305,4,2,35.85,89.48,29.88
106,20260324,510,364,318,5,2,94.8,77.03,79.0
106,20260325,510,428,390,6,1,106.52,78.55,88.77
106,20260326,510,295,279,3,2,42.73,86.72,35.61
106,20260327,510,395,358,4,0,67.65,84.11,56.38
106,20260330,510,401,358,8,4,128.33,73.61,100.0
106,20260331,510,305,215,4,0,95.24,69.3,79.37
107,20260101,510,335,262,7,3,119.2,68.73,99.33
107,20260102,510,267,244,1,0,12.74,95.04,10.62
107,20260105,510,255,109,6,1,99.77000000000001,52.21,83.14
107,20260106,510,389,324,2,2,23.75,93.17,19.79
107,20260107,510,220,196,1,1,14.7,93.02,12.25
107,20260108,510,410,340,4,2,67.6,83.42,56.33
107,20260109,510,455,421,6,2,91.61,82.13,76.34
107,20260112,510,450,323,7,3,112.58,74.15,93.82
107,20260113,510,405,405,5,1,93.67,81.22,78.06
107,20260114,510,370,318,3,2,41.93,88.35,34.94
107,20260115,510,320,255,4,0,48.49,84.02,40.41
107,20260116,510,275,235,5,3,81.31,74.29,67.76
107,20260119,510,305,235,3,0,64.57,78.45,53.81
107,20260120,510,435,354,6,2,115.82,75.35,96.52
107,20260121,510,380,353,5,0,101.21000000000001,77.72,84.34
107,20260122,510,311,287,6,2,135.53,67.92,100.0
107,20260123,510,380,345,3,1,48.989999999999995,87.57,40.82
107,20260126,510,455,407,5,3,72.71,84.84,60.59
107,20260127,510,313,300,3,2,49.16,85.92,40.97
107,20260128,510,480,468,5,3,72.97,86.51,60.81
107,20260129,510,341,293,2,1,26.32,91.76,21.93
107,20260130,510,425,338,4,1,75.62,81.72,63.02
107,20260202,510,294,183,5,2,94.83,65.87,79.03
107,20260203,510,345,283,5,2,66.81,80.9,55.68
107,20260204,510,375,356,4,2,70.99,83.37,59.16
107,20260205,510,365,335,3,0,60.84,84.63,50.7
107,20260206,510,410,366,3,1,46.230000000000004,88.79,38.53
107,20260209,510,300,267,6,3,94.27,73.91,78.56
107,20260210,510,440,384,5,3,71.02,84.39,59.18
107,20260211,510,360,360,2,0,34.93,91.16,29.11
107,20260212,510,387,341,6,3,99.04,77.49,82.53
107,20260213,510,360,302,6,3,96.42,75.8,80.35
107,20260216,510,400,368,6,3,97.86,78.99,81.55
107,20260217,510,315,303,5,2,83.3,78.44,69.42
107,20260218,510,280,168,3,0,51.41,76.57,42.84
107,20260219,510,321,293,2,1,35.730000000000004,89.13,29.78
107,20260220,510,346,238,6,2,101.6,70.08,84.67
107,20260223,510,355,303,4,3,56.35,84.32,46.96
107,20260224,510,264,200,6,2,83.99000000000001,70.43,69.99
107,20260225,510,285,245,3,1,45.99,84.2,38.33
107,20260226,510,395,353,2,0,26.67,92.98,22.22
107,20260227,510,305,285,7,4,111.53999999999999,71.87,92.95
107,20260302,510,300,257,5,1,79.23,76.44,66.03
107,20260303,510,341,229,5,1,107.86,67.98,89.88
107,20260304,510,295,190,6,3,105.14,64.38,87.62
107,20260305,510,340,292,5,3,86.59,77.13,72.16
107,20260306,510,455,414,7,3,114.93,78.27,95.78
107,20260309,510,410,322,8,5,137.97,70.0,100.0
107,20260310,510,410,276,9,2,166.49,62.37,100.0
107,20260311,510,275,192,4,2,54.7,77.83,45.58
107,20260312,510,350,324,0,0,0.0,100.0,0.0
107,20260313,510,380,322,2,1,23.84,93.11,19.87
107,20260316,510,350,296,4,0,69.14,81.06,57.62
107,20260317,510,400,350,6,1,118.17999999999999,74.76,98.48
107,20260318,510,400,326,7,2,103.27,75.94,86.06
107,20260319,510,440,405,4,2,67.76,85.67,56.47
107,20260320,510,340,293,6,3,95.4,75.44,79.5
107,20260323,510,370,319,4,3,69.62,82.09,58.02
107,20260324,510,335,292,4,3,55.06,84.14,45.88
107,20260325,510,450,429,3,3,45.51,90.41,37.92
107,20260326,510,345,266,4,1,58.870000000000005,81.88,49.06
107,20260327,510,345,326,4,1,74.88,81.32,62.4
107,20260330,510,310,203,5,0,71.19,74.04,59.32
107,20260331,510,360,318,6,4,86.65,78.59,72.21
108,20260101,510,365,316,8,4,136.3,69.87,100.0
108,20260102,510,330,242,5,1,68.03,78.06,56.69
108,20260105,510,383,383,4,3,64.39,85.61,53.66
108,20260106,510,425,317,9,4,156.99,66.88,100.0
108,20260107,510,255,243,4,1,54.9,81.57,45.75
108,20260108,510,370,302,5,2,98.61,75.39,82.18
108,20260109,510,420,360,5,1,69.53,83.81,57.94
108,20260112,510,130,96,3,3,42.17,69.48,35.14
108,20260113,510,290,274,2,0,17.21,94.09,14.34
108,20260114,510,367,309,6,4,96.28,76.24,80.23
108,20260115,510,370,276,5,3,69.0,80.0,57.5
108,20260116,510,495,431,5,3,99.12,81.3,82.6
108,20260119,510,325,281,6,4,114.42,71.06,95.35
108,20260120,510,352,284,3,1,45.41,86.21,37.84
108,20260121,510,470,422,3,1,48.349999999999994,89.72,40.29
108,20260122,510,285,248,4,1,78.84,75.88,65.7
108,20260123,510,295,210,9,3,153.26,57.81,100.0
108,20260126,510,275,183,7,3,86.31,67.95,71.93
108,20260127,510,410,354,7,5,110.17,76.27,91.81
108,20260128,510,380,355,3,2,41.629999999999995,89.5,34.69
108,20260129,510,331,259,6,4,93.73,73.43,78.11
108,20260130,510,385,371,3,0,59.45,86.19,49.54
108,20260202,510,300,300,2,1,28.759999999999998,91.25,23.97
108,20260203,510,455,403,8,5,164.03,71.07,100.0
108,20260204,510,340,235,7,3,118.72,66.44,98.93
108,20260205,510,423,350,7,2,95.95,78.48,79.96
108,20260206,510,425,298,7,3,119.47,71.38,99.56
108,20260209,510,345,333,2,0,40.099999999999994,89.25,33.42
108,20260210,510,410,340,5,3,81.02,80.76,67.52
108,20260211,510,440,285,6,1,100.31,73.97,83.59
108,20260212,510,230,206,6,0,96.97,67.99,80.81
108,20260213,510,375,268,5,3,74.71000000000001,78.2,62.26
108,20260216,510,326,261,5,3,74.97999999999999,77.68,62.48
108,20260217,510,390,337,3,1,76.65,81.47,63.88
108,20260218,510,305,290,5,3,78.23,78.76,65.19
108,20260219,510,395,252,10,3,154.2,62.04,100.0
108,20260220,510,390,322,3,0,66.65,82.85,55.54
108,20260223,510,295,232,2,1,41.16,84.93,34.3
108,20260224,510,305,208,4,1,56.39,78.67,46.99
108,20260225,510,385,330,4,1,68.15,82.88,56.79
108,20260226,510,359,321,5,1,75.63,80.93,63.02
108,20260227,510,425,425,5,2,78.28,84.45,65.23
108,20260302,510,319,248,5,2,77.87,76.1,64.89
108,20260303,510,415,360,5,1,68.96,83.92,57.47
108,20260304,510,360,327,3,0,65.07,83.4,54.22
108,20260305,510,385,290,7,5,115.09,71.59,95.91
108,20260306,510,290,278,4,0,64.66,81.13,53.88
108,20260309,510,395,383,6,3,88.01,81.31,73.34
108,20260310,510,295,262,4,1,57.25,82.07,47.71
108,20260311,510,339,199,8,2,142.43,58.28,100.0
108,20260312,510,310,186,7,2,127.43,59.34,100.0
108,20260313,510,372,318,3,1,45.42,87.5,37.85
108,20260316,510,375,319,5,1,90.09,77.98,75.08
108,20260317,510,325,301,6,2,90.56,76.87,75.47
108,20260318,510,452,390,5,0,72.98,84.24,60.82
108,20260319,510,225,225,2,2,31.08,87.86,25.9
108,20260320,510,362,249,6,1,82.34,75.15,68.62
108,20260323,510,364,285,6,1,88.39,76.33,73.66
108,20260324,510,318,318,2,1,22.1,93.5,18.42
108,20260325,510,365,205,4,3,57.32,78.15,47.77
108,20260326,510,335,253,5,1,82.21000000000001,75.48,68.51
108,20260327,510,362,300,2,1,25.71,92.11,21.42
108,20260330,510,350,302,4,1,66.35,81.99,55.29
108,20260331,510,350,283,4,2,63.62,81.65,53.02
109,20260101,510,315,280,2,2,28.33,90.81,23.61
109,20260102,510,355,321,6,3,92.4,77.65,77.0
109,20260105,510,399,344,6,1,104.57,76.69,87.14
109,20260106,510,245,191,5,1,85.50999999999999,69.08,71.26
109,20260107,510,385,296,8,3,132.23,69.12,100.0
109,20260108,510,360,286,8,6,121.08000000000001,70.26,100.0
109,20260109,510,325,208,3,1,47.45,81.42,39.54
109,20260112,510,342,246,5,2,95.53,72.03,79.61
109,20260113,510,331,290,2,1,33.5,89.64,27.92
109,20260114,510,371,306,4,2,57.92,84.08,48.27
109,20260115,510,365,298,4,2,73.57,80.2,61.31
109,20260116,510,265,208,3,0,64.23,76.41,53.52
109,20260119,510,290,269,4,1,78.78,77.35,65.65
109,20260120,510,385,295,4,3,69.78,80.87,58.15
109,20260121,510,435,365,6,3,91.69,79.92,76.41
109,20260122,510,270,205,3,3,43.64,82.45,36.37
109,20260123,510,392,268,3,1,64.55,80.59,53.79
109,20260126,510,337,296,4,1,57.95,83.63,48.29
109,20260127,510,380,302,4,3,70.15,81.15,58.46
109,20260128,510,330,241,3,1,62.519999999999996,79.4,52.1
109,20260129,510,345,297,6,2,88.31,77.08,73.59
109,20260130,510,180,79,2,1,47.7,62.35,39.75
109,20260202,510,275,263,3,0,50.6,83.86,42.17
109,20260203,510,315,243,6,0,100.39,70.77,83.66
109,20260204,510,345,321,4,1,66.85,82.76,55.71
109,20260205,510,373,311,7,4,83.77,78.78,69.81
109,20260206,510,399,319,9,4,132.9,70.59,100.0
109,20260209,510,415,374,6,4,100.64,78.8,83.87
109,20260210,510,320,287,2,0,43.89,86.74,36.58
109,20260211,510,295,261,2,0,31.520000000000003,89.22,26.27
109,20260212,510,365,329,3,1,51.25,86.52,42.71
109,20260213,510,410,349,6,3,123.43,73.87,100.0
109,20260216,510,280,227,7,3,117.67,65.86,98.06
109,20260217,510,375,325,5,1,112.03,74.37,93.36
109,20260218,510,317,241,3,2,57.28,80.8,47.73
109,20260219,510,455,400,4,2,63.28999999999999,86.34,52.74
109,20260220,510,440,382,5,2,79.57000000000001,82.76,66.31
109,20260223,510,380,317,4,3,58.49,84.42,48.74
109,20260224,510,334,302,4,2,58.46,83.78,48.72
109,20260225,510,326,201,8,3,145.19,58.06,100.0
109,20260226,510,239,162,2,0,27.03,85.7,22.52
109,20260227,510,290,115,5,0,60.56,65.5,50.47
109,20260302,510,400,305,6,2,95.62,76.13,79.68
109,20260303,510,305,241,6,2,88.83,73.07,74.02
109,20260304,510,450,415,2,1,47.04,89.82,39.2
109,20260305,510,355,307,3,1,42.65,87.8,35.54
109,20260306,510,330,288,3,1,36.45,88.77,30.38
109,20260309,510,380,337,5,2,82.14,80.4,68.45
109,20260310,510,305,279,6,2,98.52,73.9,82.1
109,20260311,510,253,199,2,1,28.36,87.53,23.63
109,20260312,510,350,316,2,2,26.17,92.35,21.81
109,20260313,510,315,246,5,1,81.52,75.11,67.93
109,20260316,510,250,238,2,1,36.94,86.56,30.78
109,20260317,510,351,209,6,3,105.74000000000001,66.4,88.12
109,20260318,510,345,296,2,0,43.05,87.3,35.87
109,20260319,510,340,328,3,2,57.760000000000005,85.03,48.13
109,20260320,510,319,174,6,3,96.80000000000001,64.25,80.67
109,20260323,510,420,324,5,3,90.26,78.21,75.22
109,20260324,510,315,255,9,2,168.37,60.23,100.0
109,20260325,510,435,314,8,2,147.99,67.97,100.0
109,20260326,510,351,333,4,2,63.72,83.94,53.1
109,20260327,510,365,268,4,1,67.52,79.88,56.27
109,20260330,510,350,319,4,0,69.49,82.11,57.91
109,20260331,510,278,202,5,2,84.95,70.4,70.79
110,20260101,510,375,363,6,2,97.21000000000001,78.88,81.01
110,20260102,510,250,216,3,2,41.870000000000005,83.76,34.89
110,20260105,510,355,295,3,2,46.98,86.26,39.15
110,20260106,510,395,348,6,1,121.58000000000001,74.11,100.0
110,20260107,510,371,336,4,1,73.69,82.01,61.41
110,20260108,510,285,223,2,1,30.64,87.92,25.53
110,20260109,510,510,478,3,1,48.22,90.84,40.18
110,20260112,510,335,251,6,1,126.11,66.56,100.0
110,20260113,510,288,246,5,2,78.85,75.73,65.71
110,20260114,510,414,374,3,1,60.8,86.02,50.67
110,20260115,510,166,128,2,1,29.759999999999998,81.14,24.8
110,20260116,510,370,286,6,4,91.83,75.7,76.53
110,20260119,510,405,295,11,4,207.38,58.72,100.0
110,20260120,510,319,266,4,2,52.2,83.6,43.5
110,20260121,510,310,201,4,1,61.39,76.6,51.16
110,20260122,510,265,234,1,0,19.09,92.46,15.91
110,20260123,510,335,233,4,2,63.41,78.61,52.84
110,20260126,510,375,254,5,2,76.71000000000001,76.8,63.93
110,20260127,510,250,206,3,1,49.32,80.68,41.1
110,20260128,510,280,241,2,2,34.55,87.46,28.79
110,20260129,510,435,402,6,3,91.83,81.4,76.53
110,20260130,510,265,188,4,1,70.45,72.74,58.71
110,20260202,510,277,233,2,1,26.32,89.85,21.93
110,20260203,510,400,358,5,3,73.59,82.95,61.33
110,20260204,510,385,320,6,2,92.2,77.63,76.83
110,20260205,510,265,185,4,1,82.97,69.04,69.14
110,20260206,510,375,335,4,2,54.18,86.08,45.15
110,20260209,510,270,146,7,1,142.45,50.62,100.0
110,20260210,510,358,277,3,0,33.980000000000004,89.07,28.32
110,20260211,510,335,262,8,6,125.29,67.65,100.0
110,20260212,510,355,296,5,1,92.3,76.23,76.92
110,20260213,510,317,225,5,2,75.08,74.98,62.57
110,20260216,510,329,251,6,3,86.57000000000001,74.35,72.14
110,20260217,510,485,466,7,4,110.22,80.87,91.85
110,20260218,510,260,178,6,2,97.67,64.57,81.39
110,20260219,510,440,380,4,1,60.43,86.28,50.36
110,20260220,510,357,282,3,1,78.4,78.25,65.33
110,20260223,510,310,285,1,0,21.49,92.99,17.91
110,20260224,510,310,246,5,1,82.85,74.81,69.04
110,20260225,510,400,301,7,2,103.86,74.35,86.55
110,20260226,510,370,286,7,2,108.09,72.57,90.08
110,20260227,510,290,254,5,2,92.9,73.22,77.42
110,20260302,510,408,321,6,1,95.32,77.1,79.43
110,20260303,510,310,230,7,0,117.28999999999999,66.23,97.74
110,20260304,510,332,305,1,1,17.17,94.67,14.31
110,20260305,510,234,152,5,2,73.72,67.34,61.43
110,20260306,510,291,244,2,0,31.83,88.46,26.52
110,20260309,510,330,223,2,1,45.09,83.18,37.58
110,20260310,510,239,173,5,3,79.3,68.57,66.08
110,20260311,510,209,145,5,3,76.21000000000001,65.55,63.51
110,20260312,510,440,396,3,1,37.739999999999995,91.3,31.45
110,20260313,510,350,263,5,1,85.87,75.39,71.56
110,20260316,510,410,390,4,2,62.87,86.12,52.39
110,20260317,510,291,279,1,0,16.13,94.53,13.44
110,20260318,510,211,195,5,3,84.26,69.83,70.22
110,20260319,510,305,305,1,1,19.55,93.98,16.29
110,20260320,510,225,151,3,0,52.61,74.16,43.84
110,20260323,510,310,257,5,3,86.34,74.85,71.95
110,20260324,510,335,260,7,4,114.51,69.42,95.43
110,20260325,510,330,217,7,4,135.65,61.53,100.0
110,20260326,510,215,158,3,1,50.660000000000004,75.72,42.22
110,20260327,510,348,292,3,1,50.46,85.27,42.05
110,20260330,510,435,412,2,0,26.119999999999997,94.04,21.77
110,20260331,510,400,320,4,2,60.26,84.15,50.22
111,20260101,510,440,344,4,1,45.64,88.29,38.03
111,20260102,510,265,231,4,2,61.08,79.09,50.9
111,20260105,510,405,405,5,2,93.07,81.31,77.56
111,20260106,510,295,164,7,4,134.51,54.94,100.0
111,20260107,510,270,180,6,3,86.12,67.64,71.77
111,20260108,510,370,283,4,1,81.85,77.57,68.21
111,20260109,510,480,480,2,0,41.92,91.97,34.93
111,20260112,510,386,339,4,0,59.47,85.08,49.56
111,20260113,510,470,415,4,2,69.87,85.59,58.22
111,20260114,510,325,272,3,0,43.27,86.28,36.06
111,20260115,510,315,263,4,1,95.09,73.45,79.24
111,20260116,510,335,322,2,0,37.09,89.67,30.91
111,20260119,510,330,300,3,2,42.14,87.68,35.12
111,20260120,510,425,386,6,1,101.74,79.14,84.78
111,20260121,510,470,380,8,5,131.13,74.35,100.0
111,20260122,510,355,310,6,4,100.49000000000001,75.52,83.74
111,20260123,510,320,241,5,1,89.99,72.81,74.99
111,20260126,510,290,227,4,1,74.55,75.28,62.12
111,20260127,510,202,168,2,1,31.689999999999998,84.13,26.41
111,20260128,510,313,235,3,1,65.97,78.08,54.97
111,20260129,510,349,293,3,2,36.17,89.01,30.14
111,20260130,510,395,294,6,1,103.4,73.98,86.17
111,20260202,510,425,330,4,3,63.239999999999995,83.92,52.7
111,20260203,510,303,236,4,2,54.42,81.26,45.35
111,20260204,510,410,362,5,1,88.7,80.32,73.92
111,20260205,510,335,320,4,3,55.57,85.2,46.31
111,20260206,510,390,334,5,2,87.26,79.29,72.72
111,20260209,510,355,302,3,1,48.82,86.08,40.68
111,20260210,510,355,333,3,0,53.84,86.08,44.87
111,20260211,510,298,241,5,2,68.73,77.81,57.28
111,20260212,510,341,250,4,2,67.01,78.86,55.84
111,20260213,510,335,312,2,1,24.92,92.6,20.77
111,20260216,510,320,242,4,3,59.56,80.25,49.63
111,20260217,510,390,350,5,1,77.05,81.96,64.21
111,20260218,510,230,195,2,1,28.18,87.37,23.48
111,20260219,510,315,281,3,1,62.650000000000006,81.77,52.21
111,20260220,510,315,212,4,2,65.62,76.36,54.68
111,20260223,510,290,221,3,2,40.11,84.64,33.42
111,20260224,510,380,368,4,2,53.46,87.32,44.55
111,20260225,510,305,241,4,2,64.55,78.87,53.79
111,20260226,510,465,425,7,2,108.67,79.64,90.56
111,20260227,510,384,349,5,2,95.52000000000001,78.51,79.6
111,20260302,510,334,294,3,0,59.08,83.27,49.23
111,20260303,510,476,381,8,4,121.2,75.87,100.0
111,20260304,510,440,407,6,2,97.32,80.7,81.1
111,20260305,510,403,362,5,1,89.46000000000001,80.18,74.55
111,20260306,510,321,299,5,2,61.87,82.86,51.56
111,20260309,510,403,403,5,2,70.02,85.2,58.35
111,20260310,510,400,305,7,1,138.52,68.77,100.0
111,20260311,510,340,304,2,2,27.6,91.68,23.0
111,20260312,510,420,396,2,1,35.81,91.71,29.84
111,20260313,510,365,299,5,4,81.14,78.66,67.62
111,20260316,510,290,207,6,5,89.87,69.73,74.89
111,20260317,510,335,213,6,3,105.10000000000001,66.96,87.58
111,20260318,510,367,261,6,1,114.36,69.53,95.3
111,20260319,510,425,305,6,2,109.47,73.59,91.22
111,20260320,510,216,185,2,1,35.43,83.93,29.52
111,20260323,510,325,290,3,2,49.83,85.34,41.52
111,20260324,510,395,364,4,3,55.75,86.72,46.46
111,20260325,510,290,233,3,2,47.21,83.15,39.34
111,20260326,510,337,319,3,1,46.89,87.18,39.07
111,20260327,510,345,345,1,0,8.65,97.55,7.21
111,20260330,510,270,217,6,3,91.27,70.39,76.06
111,20260331,510,341,317,2,0,21.779999999999998,93.57,18.15
112,20260101,510,308,260,1,1,17.3,93.76,14.42
112,20260102,510,304,219,4,3,48.81,81.77,40.67
112,20260105,510,367,292,4,1,77.09,79.11,64.24
112,20260106,510,320,197,5,1,68.01,74.34,56.68
112,20260107,510,339,266,8,2,140.22,65.48,100.0
112,20260108,510,330,253,2,0,31.49,88.93,26.24
112,20260109,510,440,404,5,1,79.19999999999999,83.61,66.0
112,20260112,510,287,217,5,2,88.91,70.94,74.09
112,20260113,510,300,276,7,4,121.86,69.37,100.0
112,20260114,510,420,383,6,0,95.76,80.0,79.8
112,20260115,510,320,287,2,1,37.45,88.46,31.21
112,20260116,510,342,300,4,3,73.95,80.22,61.63
112,20260119,510,305,272,5,2,84.25,76.35,70.21
112,20260120,510,305,293,4,2,68.28,81.1,56.9
112,20260121,510,450,385,4,3,57.72,86.96,48.1
112,20260122,510,395,307,2,0,25.240000000000002,92.4,21.03
112,20260123,510,385,325,7,3,127.1,71.89,100.0
112,20260126,510,270,208,5,4,81.18,71.93,67.65
112,20260127,510,281,281,3,2,59.81,82.45,49.84
112,20260128,510,329,244,6,4,112.75,68.4,93.96
112,20260129,510,435,338,7,3,126.63,72.75,100.0
112,20260130,510,295,233,6,2,94.78999999999999,71.08,78.99
112,20260202,510,290,276,3,1,51.89,84.17,43.24
112,20260203,510,295,216,4,2,69.05000000000001,75.78,57.54
112,20260204,510,335,284,3,0,46.32,85.98,38.6
112,20260205,510,311,199,4,2,77.87,71.87,64.89
112,20260206,510,290,236,6,3,104.08,69.4,86.73
112,20260209,510,375,316,6,2,99.69999999999999,76.02,83.08
112,20260210,510,350,240,5,2,88.38,73.09,73.65
112,20260211,510,350,235,5,3,93.24,71.59,77.7
112,20260212,510,307,227,3,2,45.96,83.16,38.3
112,20260213,510,290,266,5,2,72.85,78.5,60.71
112,20260216,510,291,185,4,1,88.88,67.55,74.07
112,20260217,510,270,210,4,2,71.67,74.56,59.73
112,20260218,510,445,403,3,1,58.540000000000006,87.32,48.78
112,20260219,510,372,305,5,1,83.06,78.6,69.22
112,20260220,510,295,257,4,1,49.82,83.76,41.52
112,20260223,510,450,385,4,1,63.440000000000005,85.85,52.87
112,20260224,510,435,407,3,0,60.44,87.07,50.37
112,20260225,510,354,318,5,2,99.75999999999999,76.12,83.13
112,20260226,510,385,331,7,1,123.16,72.88,100.0
112,20260227,510,285,244,6,1,93.2,72.36,77.67
112,20260302,510,368,314,4,2,60.19,83.91,50.16
112,20260303,510,255,221,4,0,73.6,75.02,61.33
112,20260304,510,290,278,2,0,40.8,87.2,34.0
112,20260305,510,370,318,3,2,45.49,87.49,37.91
112,20260306,510,300,276,0,0,0.0,100.0,0.0
112,20260309,510,340,314,3,3,52.42,85.69,43.68
112,20260310,510,385,301,6,0,114.01,72.53,95.01
112,20260311,510,285,256,6,4,106.55,70.61,88.79
112,20260312,510,250,250,3,2,58.36,81.07,48.63
112,20260313,510,355,334,1,1,13.17,96.21,10.98
112,20260316,510,245,170,1,0,15.35,91.72,12.79
112,20260317,510,395,373,6,1,99.27,78.98,82.72
112,20260318,510,264,252,3,2,58.0,81.29,48.33
112,20260319,510,265,194,5,2,66.19,74.56,55.16
112,20260320,510,307,281,4,0,73.81,79.2,61.51
112,20260323,510,390,323,3,1,50.94,86.38,42.45
112,20260324,510,327,315,2,1,34.55,90.12,28.79
112,20260325,510,410,348,8,5,121.35000000000001,74.15,100.0
112,20260326,510,337,290,5,1,76.36,79.16,63.63
112,20260327,510,350,273,5,5,77.3,77.93,64.42
112,20260330,510,335,207,9,1,157.12,56.85,100.0
112,20260331,510,440,402,7,3,108.22,78.79,90.18
113,20260101,510,435,310,10,4,175.82,63.81,100.0
113,20260102,510,322,289,5,0,92.57,75.74,77.14
113,20260105,510,318,278,3,1,41.05,87.13,34.21
113,20260106,510,369,308,7,3,115.28,72.77,96.07
113,20260107,510,353,301,5,2,100.57000000000001,74.96,83.81
113,20260108,510,416,328,5,1,71.58,82.09,59.65
113,20260109,510,420,337,8,3,117.02,74.23,97.52
113,20260112,510,413,373,7,4,117.58,76.03,97.98
113,20260113,510,365,299,2,0,49.79,85.72,41.49
113,20260114,510,315,256,3,1,45.17,85.0,37.64
113,20260115,510,355,309,4,1,59.76,83.79,49.8
113,20260116,510,380,355,3,1,34.25,91.2,28.54
113,20260119,510,421,409,5,2,79.61,83.71,66.34
113,20260120,510,295,209,6,2,77.62,72.92,64.68
113,20260121,510,370,349,5,3,92.97,78.96,77.47
113,20260122,510,365,247,7,1,98.34,71.52,81.95
113,20260123,510,364,304,6,3,110.3,73.38,91.92
113,20260126,510,347,215,5,1,77.59,73.48,64.66
113,20260127,510,270,214,4,1,64.36,76.88,53.63
113,20260128,510,374,351,2,1,32.49,91.53,27.08
113,20260129,510,390,273,8,3,114.81,70.4,95.68
113,20260130,510,270,257,3,2,45.03,85.09,37.53
113,20260202,510,330,279,6,3,119.48,70.02,99.57
113,20260203,510,378,340,3,1,45.5,88.2,37.92
113,20260204,510,285,244,3,0,29.46,89.23,24.55
113,20260205,510,425,371,1,1,10.85,97.16,9.04
113,20260206,510,257,152,4,2,72.56,67.69,60.47
113,20260209,510,308,251,0,0,0.0,100.0,0.0
113,20260210,510,315,246,4,4,69.34,78.01,57.78
113,20260211,510,401,366,3,0,52.1,87.54,43.42
113,20260212,510,370,310,5,2,90.09,77.48,75.08
113,20260213,510,365,330,4,2,55.8,85.54,46.5
113,20260216,510,349,275,5,2,68.15,80.14,56.79
113,20260217,510,425,362,7,2,125.4,74.27,100.0
113,20260218,510,360,306,6,2,80.32000000000001,79.21,66.93
113,20260219,510,313,264,5,1,86.25999999999999,75.37,71.88
113,20260220,510,304,255,3,3,43.87,85.32,36.56
113,20260223,510,260,228,3,2,39.92,85.1,33.27
113,20260224,510,324,237,5,4,70.58,77.05,58.82
113,20260225,510,326,240,8,3,105.27,69.51,87.72
113,20260226,510,437,338,4,1,87.7,79.4,73.08
113,20260227,510,333,128,3,1,75.96000000000001,62.76,63.3
113,20260302,510,325,193,8,5,132.91,59.22,100.0
113,20260303,510,260,177,5,0,83.88,67.85,69.9
113,20260304,510,360,259,5,3,93.05,73.57,77.54
113,20260305,510,215,201,1,0,23.74,89.44,19.78
113,20260306,510,370,321,3,1,49.61,86.61,41.34
113,20260309,510,465,384,7,1,131.41,74.5,100.0
113,20260310,510,435,364,3,2,54.230000000000004,87.03,45.19
113,20260311,510,237,190,4,0,72.29,72.44,60.24
113,20260312,510,405,358,8,5,128.65,73.56,100.0
113,20260313,510,285,81,8,4,135.02,37.5,100.0
113,20260316,510,260,184,5,0,81.2,69.38,67.67
113,20260317,510,350,305,5,2,86.25,77.96,71.88
113,20260318,510,315,303,5,0,82.25,78.65,68.54
113,20260319,510,410,390,3,0,63.83,85.94,53.19
113,20260320,510,435,333,11,5,161.39,67.36,100.0
113,20260323,510,410,382,3,2,41.68,90.16,34.73
113,20260324,510,375,286,6,3,114.4,71.43,95.33
113,20260325,510,360,287,6,3,113.45,71.67,94.54
113,20260326,510,350,251,6,1,114.77,68.62,95.64
113,20260327,510,235,203,3,0,50.339999999999996,80.13,41.95
113,20260330,510,375,216,8,0,111.86,65.88,93.22
113,20260331,510,345,286,4,2,70.82,80.15,59.02
114,20260101,510,376,353,4,1,64.58,84.53,53.82
114,20260102,510,360,284,6,2,76.55,78.77,63.79
114,20260105,510,380,292,4,1,57.55,83.54,47.96
114,20260106,510,350,307,1,1,15.56,95.18,12.97
114,20260107,510,269,224,2,0,20.43,91.64,17.02
114,20260108,510,350,319,3,0,53.43,85.65,44.52
114,20260109,510,340,251,5,3,80.0,75.83,66.67
114,20260112,510,345,276,7,4,136.62,66.89,100.0
114,20260113,510,303,247,6,3,105.00999999999999,70.17,87.51
114,20260114,510,295,223,1,1,14.59,93.86,12.16
114,20260115,510,300,300,4,1,69.48,81.2,57.9
114,20260116,510,380,313,7,3,134.56,69.93,100.0
114,20260119,510,395,346,7,1,112.75999999999999,75.42,93.97
114,20260120,510,360,300,6,3,106.73,73.76,88.94
114,20260121,510,385,287,4,1,77.93,78.65,64.94
114,20260122,510,372,319,2,1,29.85,91.44,24.88
114,20260123,510,240,193,5,1,70.62,73.21,58.85
114,20260126,510,298,232,6,3,85.8,73.0,71.5
114,20260127,510,220,120,1,0,7.27,94.29,6.06
114,20260128,510,310,242,5,2,104.65,69.81,87.21
114,20260129,510,370,306,8,7,126.3,70.78,100.0
114,20260130,510,360,286,7,2,116.35000000000001,71.08,96.96
114,20260202,510,347,311,2,1,21.34,93.58,17.78
114,20260203,510,250,205,6,1,72.19,73.96,60.16
114,20260204,510,260,191,5,1,77.81,71.05,64.84
114,20260205,510,385,333,6,2,93.86999999999999,78.01,78.22
114,20260206,510,285,199,3,2,42.22,82.5,35.18
114,20260209,510,307,237,3,1,40.72,85.34,33.93
114,20260210,510,335,319,4,2,71.16,81.76,59.3
114,20260211,510,340,223,5,3,77.31,74.26,64.42
114,20260212,510,380,297,5,2,75.63,79.7,63.02
114,20260213,510,271,239,2,1,31.67,88.3,26.39
114,20260216,510,315,231,5,3,80.4,74.18,67.0
114,20260217,510,335,305,4,0,65.21000000000001,82.39,54.34
114,20260218,510,280,261,1,1,16.07,94.2,13.39
114,20260219,510,358,288,6,2,123.08999999999999,70.06,100.0
114,20260220,510,330,292,3,0,46.02,86.39,38.35
114,20260223,510,294,250,7,2,109.38,69.56,91.15
114,20260224,510,420,408,5,3,81.02,83.43,67.52
114,20260225,510,355,244,6,3,105.50999999999999,69.81,87.92
114,20260226,510,297,261,5,1,98.77,72.55,82.31
114,20260227,510,410,354,2,0,43.47,89.06,36.22
114,20260302,510,275,234,4,1,62.15,79.01,51.79
114,20260303,510,288,252,4,3,66.15,79.21,55.12
114,20260304,510,251,214,3,1,55.239999999999995,79.48,46.03
114,20260305,510,412,412,0,0,0.0,100.0,0.0
114,20260306,510,393,279,6,3,84.37,76.78,70.31
114,20260309,510,392,334,3,2,60.8,84.6,50.67
114,20260310,510,345,302,5,2,83.67,78.31,69.73
114,20260311,510,350,252,6,2,114.33,68.79,95.28
114,20260312,510,315,298,1,0,15.75,94.98,13.12
114,20260313,510,310,241,6,5,86.86,73.51,72.38
114,20260316,510,395,317,3,2,41.59,88.4,34.66
114,20260317,510,390,342,4,3,51.050000000000004,87.01,42.54
114,20260318,510,471,425,8,4,125.05,77.27,100.0
114,20260319,510,380,254,5,2,80.43,75.95,67.03
114,20260320,510,325,277,2,0,46.040000000000006,85.75,38.37
114,20260323,510,364,248,3,1,45.29,84.56,37.74
114,20260324,510,376,253,8,3,116.99,68.38,97.49
114,20260325,510,470,393,6,3,71.59,84.59,59.66
114,20260326,510,371,276,2,0,47.78,85.24,39.82
114,20260327,510,320,252,4,3,71.63,77.87,59.69
114,20260330,510,360,302,5,2,87.81,77.47,73.18
114,20260331,510,320,298,5,2,87.6,77.28,73.0
115,20260101,510,365,296,5,0,106.49,73.54,88.74
115,20260102,510,375,304,4,1,70.74,81.12,58.95
115,20260105,510,270,206,5,2,75.12,73.28,62.6
115,20260106,510,187,151,3,0,55.75,73.04,46.46
115,20260107,510,430,360,5,3,74.74000000000001,82.81,62.28
115,20260108,510,395,339,4,2,56.64,85.68,47.2
115,20260109,510,305,251,1,0,18.57,93.11,15.48
115,20260112,510,315,266,2,1,28.450000000000003,90.34,23.71
115,20260113,510,338,226,8,3,127.59,63.92,100.0
115,20260114,510,436,355,6,3,99.64,78.08,83.03
115,20260115,510,385,320,3,2,55.47,85.23,46.22
115,20260116,510,285,214,5,2,85.07000000000001,71.56,70.89
115,20260119,510,430,370,5,1,69.32,84.22,57.77
115,20260120,510,405,254,4,3,79.59,76.14,66.32
115,20260121,510,285,219,4,1,55.8,79.69,46.5
115,20260122,510,420,364,5,1,99.82,78.48,83.18
115,20260123,510,245,188,6,2,71.6,72.42,59.67
115,20260126,510,395,263,6,1,94.23,73.62,78.53
115,20260127,510,382,352,6,2,94.41,78.85,78.68
115,20260128,510,375,257,10,4,166.64,60.66,100.0
115,20260129,510,335,270,4,2,72.92,78.74,60.77
115,20260130,510,234,204,1,1,21.95,90.29,18.29
115,20260202,510,422,337,5,1,66.15,83.59,55.12
115,20260203,510,440,353,4,3,65.56,84.34,54.63
115,20260204,510,325,238,5,3,103.78999999999999,69.63,86.49
115,20260205,510,445,399,5,2,73.64,84.42,61.37
115,20260206,510,285,244,4,2,78.04,75.77,65.03
115,20260209,510,405,274,7,3,110.28999999999999,71.3,91.91
115,20260210,510,408,338,5,2,69.23,83.0,57.69
115,20260211,510,424,384,5,1,91.38,80.78,76.15
115,20260212,510,189,174,3,1,48.06,78.36,40.05
115,20260213,510,329,329,5,0,80.4,80.36,67.0
115,20260216,510,341,263,7,0,113.23,69.9,94.36
115,20260217,510,295,246,4,3,60.18000000000001,80.34,50.15
115,20260218,510,404,404,6,0,80.13,83.45,66.77
115,20260219,510,415,387,4,2,71.21000000000001,84.46,59.34
115,20260220,510,220,157,3,0,43.66,78.24,36.38
115,20260223,510,325,287,4,2,64.73,81.6,53.94
115,20260224,510,385,318,4,1,64.45,83.15,53.71
115,20260225,510,235,158,5,2,75.96000000000001,67.53,63.3
115,20260226,510,328,288,2,1,29.53,90.7,24.61
115,20260227,510,235,178,2,1,26.02,87.25,21.68
115,20260302,510,355,300,5,4,82.88,78.35,69.07
115,20260303,510,382,362,5,4,82.53999999999999,81.43,68.78
115,20260304,510,427,388,1,0,10.54,97.36,8.78
115,20260305,510,206,169,3,2,50.86,76.87,42.38
115,20260306,510,465,383,3,2,59.870000000000005,86.48,49.89
115,20260309,510,330,267,7,1,130.9,67.1,100.0
115,20260310,510,435,373,10,6,146.05,71.86,100.0
115,20260311,510,390,322,7,2,108.35000000000001,74.82,90.29
115,20260312,510,265,160,2,1,45.879999999999995,77.72,38.23
115,20260313,510,267,223,5,1,79.33,73.76,66.11
115,20260316,510,305,185,2,0,37.38,83.19,31.15
115,20260317,510,345,345,3,3,51.92,86.92,43.27
115,20260318,510,206,121,5,2,76.67999999999999,61.21,63.9
115,20260319,510,262,204,4,1,78.69,72.16,65.57
115,20260320,510,390,390,4,1,64.4,85.83,53.67
115,20260323,510,410,340,4,0,58.89,85.24,49.08
115,20260324,510,425,392,4,0,71.35,84.6,59.46
115,20260325,510,275,166,3,0,60.71,73.22,50.59
115,20260326,510,410,328,7,4,132.51,71.23,100.0
115,20260327,510,395,347,3,1,50.72,87.25,42.27
115,20260330,510,305,241,3,2,50.69,82.62,42.24
115,20260331,510,410,336,7,3,128.58,72.32,100.0
116,20260101,510,330,193,9,1,129.23,59.9,100.0
116,20260102,510,410,306,8,2,125.09,70.98,100.0
116,20260105,510,405,362,5,3,74.58,82.92,62.15
116,20260106,510,380,345,2,2,27.380000000000003,92.65,22.82
116,20260107,510,345,329,4,2,48.39,87.18,40.33
116,20260108,510,326,226,5,3,81.80000000000001,73.42,68.17
116,20260109,510,195,139,4,3,51.830000000000005,72.84,43.19
116,20260112,510,178,145,3,1,34.86,80.62,29.05
116,20260113,510,260,217,3,1,32.76,86.88,27.3
116,20260114,510,270,192,3,1,63.35,75.19,52.79
116,20260115,510,284,191,4,1,70.2,73.12,58.5
116,20260116,510,265,228,4,1,77.4,74.66,64.5
116,20260119,510,395,298,7,2,150.75,66.41,100.0
116,20260120,510,440,355,7,2,81.94,81.25,68.28
116,20260121,510,387,317,5,1,75.99,80.66,63.32
116,20260122,510,302,167,5,1,83.35,66.71,69.46
116,20260123,510,310,156,6,4,91.59,63.01,76.32
116,20260126,510,330,311,3,0,51.72,85.74,43.1
116,20260127,510,249,183,5,3,98.28999999999999,65.06,81.91
116,20260128,510,417,358,6,2,89.77,79.95,74.81
116,20260129,510,410,339,5,2,84.09,80.12,70.08
116,20260130,510,241,216,5,2,73.98,74.49,61.65
116,20260202,510,345,333,5,3,79.57,80.71,66.31
116,20260203,510,368,222,3,0,56.91,79.6,47.42
116,20260204,510,390,373,4,2,78.11999999999999,82.68,65.1
116,20260205,510,345,288,3,2,42.67,87.1,35.56
116,20260206,510,425,407,9,4,153.18,72.66,100.0
116,20260209,510,395,378,4,2,64.38,85.45,53.65
116,20260210,510,221,177,1,1,9.26,95.03,7.72
116,20260211,510,224,212,2,0,43.64,82.93,36.37
116,20260212,510,319,263,5,2,88.67,74.79,73.89
116,20260213,510,370,230,8,3,132.65,63.42,100.0
116,20260216,510,420,343,5,1,54.809999999999995,86.22,45.67
116,20260217,510,395,359,4,1,59.94,85.69,49.95
116,20260218,510,204,182,0,0,0.0,100.0,0.0
116,20260219,510,430,371,4,1,47.01,88.75,39.17
116,20260220,510,320,248,3,3,46.8,84.12,39.0
116,20260223,510,265,233,2,2,38.46,85.83,32.05
116,20260224,510,370,317,2,2,34.32,90.23,28.6
116,20260225,510,385,297,6,4,97.42,75.3,81.18
116,20260226,510,180,133,3,2,52.75,71.6,43.96
116,20260227,510,470,436,5,3,78.64,84.72,65.53
116,20260302,510,320,254,7,2,124.54,67.1,100.0
116,20260303,510,410,330,5,2,68.86,82.74,57.38
116,20260304,510,340,183,9,3,123.73,59.66,100.0
116,20260305,510,340,231,5,2,74.59,75.59,62.16
116,20260306,510,275,201,3,2,56.46,78.07,47.05
116,20260309,510,365,346,5,2,65.38000000000001,84.11,54.48
116,20260310,510,290,221,3,2,58.67,79.02,48.89
116,20260311,510,435,404,3,2,34.68,92.09,28.9
116,20260312,510,380,326,4,3,65.65,83.24,54.71
116,20260313,510,325,246,4,0,55.3,81.65,46.08
116,20260316,510,400,320,4,1,71.88,81.66,59.9
116,20260317,510,340,324,5,2,75.0,81.2,62.5
116,20260318,510,476,427,5,3,80.86,84.08,67.38
116,20260319,510,365,317,6,1,98.5,76.29,82.08
116,20260320,510,310,254,4,1,57.37,81.57,47.81
116,20260323,510,200,129,5,2,77.36,62.51,64.47
116,20260324,510,440,416,6,3,94.45,81.5,78.71
116,20260325,510,350,330,3,1,50.019999999999996,86.84,41.68
116,20260326,510,300,300,3,2,45.14,86.92,37.62
116,20260327,510,311,311,2,1,43.510000000000005,87.73,36.26
116,20260330,510,350,298,2,1,33.6,89.87,28.0
116,20260331,510,315,235,4,1,86.22,73.16,71.85
117,20260101,510,328,285,3,0,49.24,85.27,41.03
117,20260102,510,280,249,3,3,43.59,85.1,36.33
117,20260105,510,257,233,2,1,30.58,88.4,25.48
117,20260106,510,308,219,5,1,92.21000000000001,70.37,76.84
117,20260107,510,270,173,5,3,83.95,67.33,69.96
117,20260108,510,364,262,2,1,26.16,90.92,21.8
117,20260109,510,405,358,5,3,81.4,81.47,67.83
117,20260112,510,395,286,6,2,87.66,76.54,73.05
117,20260113,510,350,171,9,6,152.14000000000001,52.92,100.0
117,20260114,510,335,322,2,1,15.95,95.28,13.29
117,20260115,510,510,492,5,1,76.11,86.6,63.42
117,20260116,510,380,242,5,2,102.82,70.18,85.68
117,20260119,510,400,344,6,2,75.45,82.01,62.88
117,20260120,510,265,164,8,3,108.83,60.11,90.69
117,20260121,510,440,341,10,3,159.06,68.19,100.0
117,20260122,510,360,336,6,1,100.19,77.03,83.49
117,20260123,510,298,266,5,4,64.11,80.58,53.42
117,20260126,510,405,369,3,1,60.81,85.85,50.68
117,20260127,510,335,323,3,1,60.64,84.19,50.53
117,20260128,510,380,311,10,3,165.45000000000002,65.27,100.0
117,20260129,510,415,384,5,2,104.45,78.62,87.04
117,20260130,510,360,254,6,3,106.92,70.38,89.1
117,20260202,510,345,143,8,1,156.11,47.81,100.0
117,20260203,510,336,288,3,1,31.93,90.02,26.61
117,20260204,510,415,274,7,4,114.44,70.54,95.37
117,20260205,510,430,379,5,2,84.43,81.78,70.36
117,20260206,510,295,186,3,3,50.16,78.76,41.8
117,20260209,510,310,310,6,4,97.57,76.06,81.31
117,20260210,510,309,208,5,3,72.86,74.06,60.72
117,20260211,510,395,383,3,0,38.55,90.86,32.12
117,20260212,510,354,354,6,2,100.05,77.96,83.38
117,20260213,510,325,266,5,1,76.82,77.59,64.02
117,20260216,510,430,406,7,3,112.89,78.24,94.08
117,20260217,510,395,366,4,0,62.78,85.36,52.32
117,20260218,510,342,266,3,1,41.980000000000004,86.37,34.98
117,20260219,510,335,302,4,3,72.08,80.73,60.07
117,20260220,510,375,324,4,2,63.84,83.54,53.2
117,20260223,510,420,313,6,0,72.62,81.17,60.52
117,20260224,510,256,202,4,0,63.36,76.12,52.8
117,20260225,510,295,194,2,2,29.15,86.94,24.29
117,20260226,510,360,326,6,1,115.28,73.88,96.07
117,20260227,510,480,468,8,2,105.28,81.64,87.73
117,20260302,510,390,321,7,3,118.71000000000001,73.0,98.93
117,20260303,510,405,405,2,0,30.93,92.9,25.78
117,20260304,510,350,299,6,2,101.33,74.69,84.44
117,20260305,510,291,235,3,1,53.29,81.52,44.41
117,20260306,510,315,247,3,1,35.08,87.56,29.23
117,20260309,510,355,296,3,2,40.67,87.92,33.89
117,20260310,510,480,446,7,3,108.85,80.38,90.71
117,20260311,510,360,289,5,1,80.74,78.16,67.28
117,20260312,510,365,306,5,3,82.42,78.78,68.68
117,20260313,510,290,248,5,1,71.46000000000001,77.63,59.55
117,20260316,510,375,249,5,2,89.51,73.56,74.59
117,20260317,510,315,280,3,1,45.3,86.07,37.75
117,20260318,510,345,317,5,0,70.9,81.72,59.08
117,20260319,510,335,290,3,2,52.71,84.62,43.92
117,20260320,510,320,276,2,1,38.78,87.68,32.32
117,20260323,510,345,277,6,3,102.65,72.96,85.54
117,20260324,510,353,323,6,5,97.92,76.74,81.6
117,20260325,510,325,313,3,3,42.760000000000005,87.98,35.63
117,20260326,510,385,363,5,0,93.46,79.53,77.88
117,20260327,510,400,359,5,3,78.91,81.98,65.76
117,20260330,510,425,382,5,2,99.47,79.34,82.89
117,20260331,510,400,378,4,1,45.58,89.24,37.98
118,20260101,510,315,232,7,0,115.74000000000001,66.72,96.45
118,20260102,510,335,255,8,2,130.63,66.13,100.0
118,20260105,510,325,216,6,1,89.43,70.72,74.53
118,20260106,510,311,276,6,3,104.53,72.53,87.11
118,20260107,510,339,211,8,0,177.76,54.28,100.0
118,20260108,510,395,383,6,3,101.57,79.04,84.64
118,20260109,510,373,286,6,2,91.65,75.73,76.38
118,20260112,510,295,226,1,0,8.43,96.4,7.02
118,20260113,510,405,332,6,2,105.23,75.93,87.69
118,20260114,510,405,367,6,1,104.81,77.79,87.34
118,20260115,510,358,345,6,4,98.15,77.85,81.79
118,20260116,510,375,336,2,0,38.03,89.83,31.69
118,20260119,510,325,233,4,2,65.55,78.04,54.62
118,20260120,510,325,325,2,1,32.0,91.04,26.67
118,20260121,510,190,136,4,3,59.84,69.44,49.87
118,20260122,510,360,283,3,0,36.53,88.57,30.44
118,20260123,510,349,250,7,2,119.62,67.64,99.68
118,20260126,510,320,279,4,1,62.42,81.72,52.02
118,20260127,510,265,217,4,1,77.77,73.62,64.81
118,20260128,510,435,375,6,3,117.13,76.2,97.61
118,20260129,510,286,213,7,3,89.84,70.33,74.87
118,20260130,510,300,260,4,3,67.38,79.42,56.15
118,20260202,510,305,160,8,5,142.46,52.9,100.0
118,20260203,510,269,201,3,1,42.0,82.72,35.0
118,20260204,510,355,298,4,1,73.27,80.27,61.06
118,20260205,510,300,277,6,1,109.31,71.7,91.09
118,20260206,510,365,310,4,3,75.19,80.48,62.66
118,20260209,510,400,371,2,0,25.75,93.51,21.46
118,20260210,510,415,311,3,2,46.39,87.02,38.66
118,20260211,510,285,179,5,2,71.17,71.55,59.31
118,20260212,510,419,348,2,1,31.15,91.78,25.96
118,20260213,510,270,193,4,1,61.92,75.71,51.6
118,20260216,510,360,327,3,0,45.1,87.88,37.58
118,20260217,510,365,287,4,2,66.06,81.29,55.05
118,20260218,510,245,208,2,0,23.73,89.76,19.78
118,20260219,510,315,253,3,1,36.77,87.31,30.64
118,20260220,510,345,317,2,1,27.85,91.92,23.21
118,20260223,510,374,333,4,2,49.84,86.98,41.53
118,20260224,510,350,305,8,3,146.66,67.53,100.0
118,20260225,510,420,354,5,1,89.77,79.77,74.81
118,20260226,510,300,219,5,3,68.35,76.21,56.96
118,20260227,510,375,361,3,1,50.31,87.77,41.92
118,20260302,510,385,282,2,2,33.84,89.29,28.2
118,20260303,510,365,259,5,2,73.2,77.97,61.0
118,20260304,510,425,310,8,2,125.98,71.1,100.0
118,20260305,510,315,298,6,3,102.31,74.44,85.26
118,20260306,510,331,318,2,1,40.260000000000005,88.76,33.55
118,20260309,510,445,406,5,0,94.31,81.15,78.59
118,20260310,510,317,292,2,1,31.270000000000003,90.33,26.06
118,20260311,510,390,365,6,3,93.43,79.62,77.86
118,20260312,510,360,265,10,0,162.19,62.03,100.0
118,20260313,510,275,226,1,0,29.67,88.4,24.72
118,20260316,510,350,283,3,1,42.230000000000004,87.02,35.19
118,20260317,510,322,220,7,3,112.32000000000001,66.2,93.6
118,20260318,510,390,260,4,0,47.09,84.67,39.24
118,20260319,510,185,124,2,1,38.75,76.19,32.29
118,20260320,510,294,230,2,0,44.43,83.81,37.03
118,20260323,510,326,262,2,1,34.22,88.45,28.52
118,20260324,510,335,288,4,2,69.03,80.67,57.53
118,20260325,510,366,279,5,1,83.21,77.03,69.34
118,20260326,510,287,287,1,1,18.51,93.94,15.43
118,20260327,510,390,240,4,2,72.47,76.81,60.39
118,20260330,510,220,139,4,1,59.72,69.95,49.77
118,20260331,510,160,144,2,1,34.480000000000004,80.68,28.73
119,20260101,510,351,270,4,2,62.86,81.12,52.38
119,20260102,510,310,283,5,3,87.83999999999999,76.31,73.2
119,20260105,510,256,188,6,1,119.06,61.23,99.22
119,20260106,510,446,399,6,1,99.43,80.05,82.86
119,20260107,510,286,212,5,0,70.9,74.94,59.08
119,20260108,510,325,261,4,1,58.47,81.7,48.72
119,20260109,510,395,363,3,1,49.04,88.1,40.87
119,20260112,510,380,348,2,1,27.11,92.77,22.59
119,20260113,510,245,222,2,1,26.259999999999998,89.42,21.88
119,20260114,510,360,312,4,3,45.47,87.28,37.89
119,20260115,510,400,400,4,1,66.34,85.77,55.28
119,20260116,510,294,208,4,3,56.53,78.63,47.11
119,20260119,510,396,374,4,4,65.5,85.1,54.58
119,20260120,510,290,204,5,2,87.11,70.08,72.59
119,20260121,510,380,331,3,2,57.1,85.29,47.58
119,20260122,510,350,289,5,3,99.72,74.35,83.1
119,20260123,510,390,308,5,4,78.07,79.78,65.06
119,20260126,510,413,399,6,1,87.25999999999999,82.05,72.72
119,20260127,510,387,358,5,3,71.62,83.33,59.68
119,20260128,510,210,174,5,0,86.19999999999999,66.87,71.83
119,20260129,510,335,287,5,4,67.1,81.05,55.92
119,20260130,510,425,344,5,2,83.58,80.45,69.65
119,20260202,510,240,160,4,2,64.97,71.12,54.14
119,20260203,510,385,331,5,2,82.19,80.11,68.49
119,20260204,510,210,117,5,2,61.31,65.62,51.09
119,20260205,510,395,285,8,0,141.24,66.86,100.0
119,20260206,510,300,249,4,2,65.28,79.23,54.4
119,20260209,510,349,270,6,2,70.24,79.36,58.53
119,20260210,510,425,413,6,3,90.1,82.09,75.08
119,20260211,510,305,221,6,4,78.53,73.78,65.44
119,20260212,510,254,133,6,3,97.17,57.78,80.97
119,20260213,510,290,244,1,0,21.26,91.99,17.72
119,20260216,510,388,341,2,2,32.53,91.29,27.11
119,20260217,510,210,201,2,1,37.11,84.41,30.92
119,20260218,510,315,303,0,0,0.0,100.0,0.0
119,20260219,510,420,397,4,3,54.03,88.02,45.02
119,20260220,510,320,298,2,0,26.27,91.9,21.89
119,20260223,510,355,305,6,2,91.94,76.84,76.62
119,20260224,510,365,339,4,2,62.86,84.36,52.38
119,20260225,510,345,291,5,3,69.25,80.78,57.71
119,20260226,510,265,225,6,1,103.75,68.44,86.46
119,20260227,510,355,297,6,2,87.55,77.23,72.96
119,20260302,510,263,183,1,1,15.95,91.98,13.29
119,20260303,510,380,303,2,1,38.26,88.79,31.88
119,20260304,510,335,303,2,1,32.81,90.23,27.34
119,20260305,510,355,343,5,2,92.25,78.81,76.88
119,20260306,510,305,224,4,2,65.17,77.46,54.31
119,20260309,510,430,373,6,3,112.89,76.77,94.08
119,20260310,510,201,158,2,1,38.28,80.5,31.9
119,20260311,510,265,207,1,0,23.98,89.62,19.98
119,20260312,510,340,216,7,4,85.73,71.59,71.44
119,20260313,510,390,367,4,2,70.74,83.84,58.95
119,20260316,510,245,209,3,0,58.92,78.01,49.1
119,20260317,510,315,266,2,1,25.74,91.18,21.45
119,20260318,510,315,265,6,2,99.24,72.75,82.7
119,20260319,510,346,346,2,1,28.240000000000002,92.45,23.53
119,20260320,510,415,357,3,1,40.730000000000004,89.76,33.94
119,20260323,510,314,227,5,2,109.64,67.43,91.37
119,20260324,510,290,242,7,3,124.03999999999999,66.11,100.0
119,20260325,510,363,318,4,1,76.64,80.58,63.87
119,20260326,510,305,266,4,3,52.480000000000004,83.52,43.73
119,20260327,510,300,252,6,4,87.74,74.17,73.12
119,20260330,510,345,237,10,5,148.35999999999999,61.5,100.0
119,20260331,510,425,375,7,2,108.91,77.49,90.76
120,20260101,510,265,223,4,1,87.87,71.73,73.23
120,20260102,510,365,289,6,2,84.14,77.45,70.12
120,20260105,510,365,365,1,0,18.0,95.3,15.0
120,20260106,510,401,343,7,2,123.81,73.48,100.0
120,20260107,510,260,202,2,0,27.259999999999998,88.11,22.72
120,20260108,510,305,246,5,4,70.37,77.76,58.64
120,20260109,510,210,210,1,1,19.91,91.34,16.59
120,20260112,510,280,228,4,3,63.05,78.34,52.54
120,20260113,510,385,342,5,1,94.82,78.29,79.02
120,20260114,510,290,244,4,0,50.839999999999996,82.76,42.37
120,20260115,510,350,266,5,4,72.7,78.54,60.58
120,20260116,510,389,305,4,3,71.08,81.1,59.23
120,20260119,510,415,334,5,4,73.25,82.01,61.04
120,20260120,510,255,235,5,2,85.25,73.38,71.04
120,20260121,510,257,217,3,2,46.489999999999995,82.36,38.74
120,20260122,510,275,263,4,1,64.25,80.37,53.54
120,20260123,510,289,204,4,1,57.12,78.12,47.6
120,20260126,510,396,373,5,1,79.83,82.37,66.53
120,20260127,510,380,254,5,3,75.52,77.08,62.93
120,20260128,510,375,278,6,2,105.51,72.49,87.93
120,20260129,510,434,301,4,2,40.33,88.18,33.61
120,20260130,510,305,244,3,1,37.39,86.71,31.16
120,20260202,510,380,294,5,2,88.94,76.77,74.12
120,20260203,510,305,238,5,1,80.9,74.63,67.42
120,20260204,510,345,186,7,1,127.11,59.4,100.0
120,20260205,510,340,254,7,1,111.82,69.43,93.18
120,20260206,510,285,203,6,2,119.28,62.99,99.4
120,20260209,510,320,234,6,4,97.47,70.59,81.23
120,20260210,510,278,201,4,0,83.27,70.71,69.39
120,20260211,510,389,266,6,3,107.83000000000001,71.16,89.86
120,20260212,510,295,248,1,1,13.3,94.91,11.08
120,20260213,510,343,300,2,1,26.380000000000003,91.92,21.98
120,20260216,510,430,363,9,4,167.81,68.39,100.0
120,20260217,510,343,271,6,1,81.7,76.84,68.08
120,20260218,510,302,234,3,1,30.51,88.47,25.43
120,20260219,510,331,236,3,1,45.7,83.78,38.08
120,20260220,510,270,222,6,4,101.55,68.61,84.62
120,20260223,510,463,432,4,1,61.48,87.54,51.23
120,20260224,510,395,343,8,2,125.25,73.25,100.0
120,20260225,510,280,231,3,3,52.51,81.48,43.76
120,20260226,510,350,322,8,3,126.69,71.76,100.0
120,20260227,510,185,126,4,1,72.64,63.43,60.53
120,20260302,510,370,288,5,1,88.22999999999999,76.55,73.52
120,20260303,510,320,304,3,1,54.07,84.9,45.06
120,20260304,510,329,283,1,1,15.36,94.85,12.8
120,20260305,510,305,231,5,2,84.78,73.15,70.65
120,20260306,510,315,235,4,3,67.37,77.72,56.14
120,20260309,510,400,373,3,2,56.5,86.85,47.08
120,20260310,510,260,224,2,1,30.009999999999998,88.19,25.01
120,20260311,510,390,334,2,0,40.53,89.18,33.78
120,20260312,510,480,411,4,0,90.28,81.99,75.23
120,20260313,510,380,334,4,2,58.68,85.06,48.9
120,20260316,510,300,272,4,1,58.650000000000006,82.26,48.88
120,20260317,510,355,243,5,4,78.61,75.56,65.51
120,20260318,510,295,229,4,3,51.54,81.63,42.95
120,20260319,510,342,277,4,0,74.67,78.77,62.22
120,20260320,510,370,336,4,2,56.9,85.52,47.42
120,20260323,510,420,334,5,1,73.56,81.95,61.3
120,20260324,510,355,311,3,3,54.989999999999995,84.97,45.82
120,20260325,510,405,323,5,0,62.74,83.74,52.28
120,20260326,510,331,312,3,1,64.56,82.86,53.8
120,20260327,510,283,236,4,3,57.82,80.32,48.18
120,20260330,510,455,405,5,2,91.46,81.58,76.22
120,20260331,510,368,286,5,1,81.39,77.85,67.82
121,20260101,510,415,225,7,1,107.19,67.73,89.32
121,20260102,510,345,300,3,0,55.03,84.5,45.86
121,20260105,510,357,305,4,2,63.0,82.88,52.5
121,20260106,510,325,257,6,4,99.0,72.19,82.5
121,20260107,510,305,259,2,2,25.93,90.9,21.61
121,20260108,510,390,274,6,1,77.95,77.85,64.96
121,20260109,510,320,228,6,2,87.64,72.23,73.03
121,20260112,510,345,282,6,0,107.48,72.4,89.57
121,20260113,510,425,319,8,2,158.02,66.87,100.0
121,20260114,510,405,306,6,4,100.08000000000001,75.35,83.4
121,20260115,510,270,200,5,2,99.49,66.78,82.91
121,20260116,510,400,298,5,2,88.63,77.08,73.86
121,20260119,510,347,269,3,1,51.93,83.82,43.28
121,20260120,510,300,229,5,2,90.07,71.77,75.06
121,20260121,510,215,119,7,3,89.78,57.0,74.82
121,20260122,510,338,290,1,1,21.36,93.14,17.8
121,20260123,510,360,311,3,0,48.04,86.62,40.03
121,20260126,510,207,147,2,0,41.74,77.88,34.78
121,20260127,510,295,244,7,3,110.0,68.93,91.67
121,20260128,510,310,227,8,1,140.98,61.69,100.0
121,20260129,510,350,254,3,1,43.54,85.37,36.28
121,20260130,510,345,218,4,3,72.0,75.17,60.0
121,20260202,510,425,366,6,1,111.5,76.65,92.92
121,20260203,510,445,398,7,5,112.19,78.01,93.49
121,20260204,510,337,256,4,1,65.38,79.66,54.48
121,20260205,510,385,367,3,1,38.5,90.51,32.08
121,20260206,510,390,270,4,1,70.39,79.32,58.66
121,20260209,510,375,274,9,2,163.61,62.61,100.0
121,20260210,510,351,339,3,3,41.3,89.14,34.42
121,20260211,510,358,314,2,0,44.769999999999996,87.52,37.31
121,20260212,510,349,279,6,5,104.5,72.75,87.08
121,20260213,510,395,363,9,3,140.6,72.08,100.0
121,20260216,510,310,310,2,0,27.200000000000003,91.93,22.67
121,20260217,510,316,180,5,2,69.43,72.16,57.86
121,20260218,510,380,319,3,0,36.519999999999996,89.73,30.43
121,20260219,510,305,222,4,1,76.61,74.34,63.84
121,20260220,510,380,305,7,2,115.78,72.48,96.48
121,20260223,510,345,270,3,0,70.35,79.33,58.62
121,20260224,510,300,251,4,1,71.52000000000001,77.82,59.6
121,20260225,510,265,231,4,2,53.44,81.21,44.53
121,20260226,510,320,227,6,3,106.14999999999999,68.14,88.46
121,20260227,510,285,207,6,0,82.38,71.53,68.65
121,20260302,510,325,282,5,3,68.08000000000001,80.55,56.73
121,20260303,510,362,298,4,2,56.35,84.1,46.96
121,20260304,510,305,188,5,0,65.83,74.07,54.86
121,20260305,510,285,223,4,2,57.95,79.37,48.29
121,20260306,510,305,285,4,2,56.76,83.39,47.3
121,20260309,510,395,340,4,0,58.43,85.33,48.69
121,20260310,510,290,245,6,2,99.85,71.05,83.21
121,20260311,510,311,203,7,4,95.87,67.92,79.89
121,20260312,510,348,249,5,3,81.9,75.25,68.25
121,20260313,510,280,154,4,2,63.59,70.78,52.99
121,20260316,510,433,337,3,1,50.45,86.98,42.04
121,20260317,510,335,225,5,2,85.99000000000001,72.35,71.66
121,20260318,510,185,170,2,2,28.62,85.59,23.85
121,20260319,510,375,268,8,3,123.42999999999999,68.47,100.0
121,20260320,510,308,238,4,1,50.12,82.6,41.77
121,20260323,510,270,168,4,3,59.849999999999994,73.73,49.88
121,20260324,510,303,229,5,2,81.16,73.83,67.63
121,20260325,510,340,316,3,1,55.12,85.15,45.93
121,20260326,510,380,292,6,2,109.58999999999999,72.71,91.32
121,20260327,510,360,310,5,1,86.32,78.22,71.93
121,20260330,510,390,314,4,1,49.02,86.5,40.85
121,20260331,510,305,293,2,1,23.95,92.44,19.96
122,20260101,510,310,279,6,1,92.78,75.04,77.32
122,20260102,510,330,243,5,2,83.5,74.43,69.58
122,20260105,510,435,399,4,3,63.36,86.3,52.8
122,20260106,510,352,292,4,2,66.14,81.53,55.12
122,20260107,510,292,248,6,2,117.75,67.81,98.12
122,20260108,510,450,450,7,1,121.81,78.7,100.0
122,20260109,510,315,252,1,0,13.79,94.81,11.49
122,20260112,510,276,252,4,2,80.96,75.68,67.47
122,20260113,510,380,290,5,1,70.31,80.49,58.59
122,20260114,510,337,264,4,3,66.01,80.0,55.01
122,20260115,510,390,346,6,2,110.84,75.74,92.37
122,20260116,510,380,293,4,4,61.91,82.56,51.59
122,20260119,510,395,362,3,1,49.13,88.05,40.94
122,20260120,510,360,342,5,1,86.55,79.8,72.12
122,20260121,510,269,166,5,3,83.43,66.55,69.53
122,20260122,510,350,279,5,3,74.65,78.89,62.21
122,20260123,510,405,362,6,1,116.36,75.68,96.97
122,20260126,510,310,265,6,3,103.58,71.9,86.32
122,20260127,510,300,276,3,0,46.83,85.49,39.02
122,20260128,510,445,411,5,0,78.4,83.98,65.33
122,20260129,510,197,139,3,3,47.08,74.7,39.23
122,20260130,510,250,238,1,1,13.73,94.55,11.44
122,20260202,510,335,323,5,0,92.36,77.76,76.97
122,20260203,510,300,249,7,4,91.87,73.05,76.56
122,20260204,510,423,399,2,0,23.3,94.48,19.42
122,20260205,510,396,342,4,0,58.45,85.4,48.71
122,20260206,510,210,172,4,1,54.31,76.0,45.26
122,20260209,510,381,327,6,1,103.53,75.95,86.28
122,20260210,510,303,150,2,2,17.28,89.67,14.4
122,20260211,510,215,203,5,2,80.15,71.69,66.79
122,20260212,510,354,264,3,0,46.45,85.04,38.71
122,20260213,510,380,326,5,1,82.74,79.76,68.95
122,20260216,510,255,181,7,5,106.83,62.88,89.02
122,20260217,510,220,179,4,0,84.39,67.96,70.32
122,20260218,510,480,352,7,3,119.77,74.61,99.81
122,20260219,510,346,314,7,1,121.26,72.14,100.0
122,20260220,510,355,334,2,0,31.04,91.5,25.87
122,20260223,510,310,298,3,1,70.24000000000001,80.93,58.53
122,20260224,510,370,353,4,2,70.29,83.39,58.58
122,20260225,510,305,265,6,5,108.21,71.01,90.18
122,20260226,510,240,204,4,3,62.26,76.62,51.88
122,20260227,510,380,329,3,1,56.62,85.32,47.18
122,20260302,510,272,238,6,4,88.77,72.83,73.98
122,20260303,510,363,326,2,0,30.5,91.44,25.42
122,20260304,510,345,300,4,1,72.42,80.55,60.35
122,20260305,510,470,340,9,2,162.1,67.72,100.0
122,20260306,510,282,141,2,0,33.230000000000004,80.93,27.69
122,20260309,510,406,320,8,2,120.64,72.62,100.0
122,20260310,510,470,435,4,1,82.6,84.04,68.83
122,20260311,510,395,383,7,3,125.53999999999999,75.31,100.0
122,20260312,510,295,245,4,2,78.64,75.7,65.53
122,20260313,510,245,245,4,2,58.120000000000005,80.83,48.43
122,20260316,510,220,153,5,2,89.96,62.97,74.97
122,20260317,510,395,327,7,4,114.84,74.01,95.7
122,20260318,510,399,337,7,3,126.74,72.67,100.0
122,20260319,510,295,260,3,0,44.16,85.48,36.8
122,20260320,510,395,374,5,3,78.81,82.6,65.68
122,20260323,510,318,275,5,2,86.24,76.13,71.87
122,20260324,510,395,287,4,3,56.690000000000005,83.51,47.24
122,20260325,510,320,249,6,3,123.87,66.78,100.0
122,20260326,510,330,257,6,2,95.55,72.9,79.62
122,20260327,510,279,176,4,1,54.19,76.46,45.16
122,20260330,510,262,225,4,2,60.97,78.68,50.81
122,20260331,510,460,427,3,1,54.75,88.64,45.62
123,20260101,510,395,368,3,2,54.82,87.03,45.68
123,20260102,510,300,268,4,1,91.99000000000001,74.45,76.66
123,20260105,510,330,282,2,0,29.560000000000002,90.51,24.63
123,20260106,510,350,301,4,2,52.04,85.26,43.37
123,20260107,510,335,240,6,2,87.15,73.36,72.62
123,20260108,510,240,181,5,3,73.67,71.07,61.39
123,20260109,510,202,172,1,0,29.34,85.43,24.45
123,20260112,510,375,282,7,4,109.66,72.0,91.38
123,20260113,510,455,439,5,2,84.47,83.86,70.39
123,20260114,510,380,304,6,1,113.98,72.73,94.98
123,20260115,510,210,134,3,2,48.56,73.4,40.47
123,20260116,510,365,311,6,2,122.65,71.72,100.0
123,20260119,510,358,254,5,2,82.62,75.46,68.85
123,20260120,510,380,315,2,1,31.29,90.96,26.08
123,20260121,510,275,224,6,3,94.35,70.36,78.62
123,20260122,510,430,404,4,3,56.27,87.77,46.89
123,20260123,510,330,295,5,2,84.73,77.69,70.61
123,20260126,510,377,377,5,3,83.64,81.84,69.7
123,20260127,510,295,196,5,2,80.89,70.79,67.41
123,20260128,510,430,382,2,0,27.13,93.37,22.61
123,20260129,510,305,244,3,2,48.24,83.49,40.2
123,20260130,510,330,275,3,2,60.620000000000005,81.94,50.52
123,20260202,510,358,286,3,1,58.7,82.97,48.92
123,20260203,510,420,348,7,3,132.21,72.47,100.0
123,20260204,510,420,332,5,0,108.67,75.34,90.56
123,20260205,510,265,249,4,0,70.25999999999999,77.99,58.55
123,20260206,510,300,258,5,1,72.99,77.95,60.82
123,20260209,510,295,265,4,3,61.61,81.14,51.34
123,20260210,510,335,207,6,2,107.2,65.88,89.33
123,20260211,510,235,185,4,3,54.410000000000004,77.27,45.34
123,20260212,510,415,361,7,2,133.79,72.96,100.0
123,20260213,510,364,278,5,1,82.95,77.02,69.12
123,20260216,510,395,347,4,1,64.69,84.29,53.91
123,20260217,510,250,199,4,2,49.08,80.22,40.9
123,20260218,510,300,229,6,2,95.64,70.54,79.7
123,20260219,510,330,298,5,2,95.73,75.69,79.78
123,20260220,510,311,267,3,3,41.35,86.59,34.46
123,20260223,510,240,188,7,3,131.04,58.93,100.0
123,20260224,510,480,437,6,5,105.47,80.56,87.89
123,20260225,510,380,339,4,2,56.06,85.81,46.72
123,20260226,510,315,242,5,3,86.53,73.66,72.11
123,20260227,510,276,196,4,4,61.92999999999999,75.99,51.61
123,20260302,510,355,295,6,3,97.32,75.19,81.1
123,20260303,510,310,216,7,1,100.2,68.31,83.5
123,20260304,510,408,349,6,4,91.17999999999999,79.29,75.98
123,20260305,510,337,223,6,1,80.85,73.39,67.38
123,20260306,510,279,262,7,2,87.24,75.02,72.7
123,20260309,510,268,247,1,0,20.07,92.49,16.73
123,20260310,510,265,234,3,1,30.91,88.33,25.76
123,20260311,510,390,322,8,3,101.82,75.98,84.85
123,20260312,510,375,253,7,1,100.66,71.54,83.88
123,20260313,510,442,368,5,3,87.1,80.86,72.58
123,20260316,510,279,244,4,1,69.36,77.87,57.8
123,20260317,510,365,313,8,3,103.66,75.12,86.38
123,20260318,510,335,314,3,1,42.97,87.96,35.81
123,20260319,510,271,246,5,4,74.18,76.83,61.82
123,20260320,510,440,346,8,4,97.98,77.93,81.65
123,20260323,510,308,248,3,0,52.69,82.48,43.91
123,20260324,510,300,220,5,2,78.54,73.69,65.45
123,20260325,510,345,285,5,1,89.83000000000001,76.03,74.86
123,20260326,510,385,323,2,1,29.75,91.57,24.79
123,20260327,510,345,231,5,2,73.98,75.74,61.65
123,20260330,510,493,469,6,3,91.94,83.61,76.62
123,20260331,510,445,386,7,1,124.04,75.68,100.0
124,20260101,510,265,150,5,4,78.56,65.63,65.47
124,20260102,510,405,359,7,2,114.15,75.87,95.12
124,20260105,510,340,274,7,5,118.77,69.76,98.98
124,20260106,510,284,225,3,0,39.64,85.02,33.03
124,20260107,510,380,281,7,4,119.6,70.14,99.67
124,20260108,510,404,346,4,1,38.21,90.05,31.84
124,20260109,510,465,410,7,2,100.36,80.34,83.63
124,20260112,510,420,379,6,2,107.96000000000001,77.83,89.97
124,20260113,510,316,216,5,1,100.53999999999999,68.24,83.78
124,20260114,510,360,260,7,3,134.46,65.91,100.0
124,20260115,510,463,446,6,2,94.55,82.51,78.79
124,20260116,510,330,215,6,3,123.67,63.48,100.0
124,20260119,510,305,253,4,0,56.23,81.82,46.86
124,20260120,510,175,158,4,3,67.59,70.04,56.32
124,20260121,510,370,312,4,1,70.43,81.58,58.69
124,20260122,510,305,293,3,2,38.14,88.48,31.78
124,20260123,510,330,195,8,3,139.08,58.37,100.0
124,20260126,510,425,292,5,2,91.39,76.16,76.16
124,20260127,510,345,298,4,2,70.83,80.8,59.02
124,20260128,510,325,231,5,1,93.63000000000001,71.16,78.03
124,20260129,510,365,347,5,2,80.99000000000001,81.08,67.49
124,20260130,510,290,187,6,2,93.87,66.58,78.22
124,20260202,510,249,235,0,0,0.0,100.0,0.0
124,20260203,510,330,215,8,2,114.36,65.28,95.3
124,20260204,510,339,311,2,2,36.760000000000005,89.43,30.63
124,20260205,510,415,328,7,3,98.57000000000001,76.89,82.14
124,20260206,510,290,189,5,1,82.42,69.63,68.68
124,20260209,510,270,191,6,2,125.39,60.37,100.0
124,20260210,510,274,254,5,2,65.59,79.48,54.66
124,20260211,510,380,314,6,0,92.23,77.3,76.86
124,20260212,510,326,279,4,1,84.81,76.69,70.68
124,20260213,510,320,299,3,3,47.47,86.3,39.56
124,20260216,510,350,279,6,3,102.30000000000001,73.17,85.25
124,20260217,510,455,455,4,2,75.63,85.75,63.02
124,20260218,510,370,304,3,1,28.89,91.32,24.08
124,20260219,510,420,384,3,2,47.120000000000005,89.07,39.27
124,20260220,510,470,447,5,3,78.25,85.1,65.21
124,20260223,510,230,117,5,2,77.56,60.14,64.63
124,20260224,510,330,299,3,0,44.989999999999995,86.92,37.49
124,20260225,510,305,283,5,2,80.35,77.89,66.96
124,20260226,510,410,398,4,1,64.03999999999999,86.14,53.37
124,20260227,510,365,250,6,1,103.4,70.74,86.17
124,20260302,510,302,280,2,1,35.150000000000006,88.85,29.29
124,20260303,510,388,283,6,1,85.32,76.84,71.1
124,20260304,510,406,344,6,5,96.69,78.06,80.58
124,20260305,510,260,260,2,1,33.42,88.61,27.85
124,20260306,510,405,279,7,3,123.11,69.38,100.0
124,20260309,510,320,230,4,2,64.85,78.01,54.04
124,20260310,510,445,405,7,3,101.0,80.04,84.17
124,20260311,510,325,285,5,0,83.74000000000001,77.29,69.78
124,20260312,510,265,247,4,2,58.78,80.78,48.98
124,20260313,510,380,334,6,3,109.42,75.32,91.18
124,20260316,510,325,238,7,2,121.6,66.18,100.0
124,20260317,510,355,296,5,0,88.22,77.04,73.52
124,20260318,510,255,227,2,2,31.99,87.65,26.66
124,20260319,510,405,366,6,3,86.27000000000001,80.93,71.89
124,20260320,510,245,174,2,0,32.09,84.43,26.74
124,20260323,510,359,316,5,3,78.36,80.13,65.3
124,20260324,510,385,372,3,3,40.27,90.23,33.56
124,20260325,510,345,267,4,4,60.69,81.48,50.58
124,20260326,510,352,280,4,2,75.15,78.84,62.63
124,20260327,510,330,271,2,1,27.29,90.85,22.74
124,20260330,510,380,319,3,1,54.87,85.32,45.72
124,20260331,510,299,240,7,1,114.05,67.79,95.04
125,20260101,510,190,149,4,2,67.0,68.98,55.83
125,20260102,510,310,262,4,1,50.379999999999995,83.87,41.98
125,20260105,510,350,242,4,2,86.62,73.64,72.18
125,20260106,510,294,278,4,1,66.32,80.74,55.27
125,20260107,510,390,296,6,3,75.68,79.64,63.07
125,20260108,510,310,211,4,3,44.19,82.68,36.82
125,20260109,510,305,183,2,1,30.049999999999997,85.9,25.04
125,20260112,510,303,303,3,1,49.019999999999996,86.07,40.85
125,20260113,510,360,336,2,1,32.75,91.12,27.29
125,20260114,510,294,217,5,3,89.96000000000001,70.69,74.97
125,20260115,510,345,289,6,2,86.22,77.02,71.85
125,20260116,510,390,375,4,0,53.17,87.58,44.31
125,20260119,510,315,232,6,2,105.28999999999999,68.78,87.74
125,20260120,510,420,367,5,3,88.16,80.63,73.47
125,20260121,510,420,363,5,2,59.34,85.95,49.45
125,20260122,510,310,183,5,1,99.87,64.69,83.22
125,20260123,510,320,303,2,0,44.62,87.16,37.18
125,20260126,510,380,323,6,1,79.3,80.29,66.08
125,20260127,510,363,262,5,1,106.58,71.08,88.82
125,20260128,510,310,286,1,0,11.84,96.02,9.87
125,20260129,510,365,297,5,3,78.22,79.15,65.18
125,20260130,510,315,211,8,1,130.77,61.74,100.0
125,20260202,510,335,317,4,1,62.72,83.48,52.27
125,20260203,510,252,252,3,0,45.15,84.81,37.62
125,20260204,510,450,355,7,2,112.42,75.95,93.68
125,20260205,510,402,279,6,1,105.29,72.6,87.74
125,20260206,510,325,250,5,3,56.38,81.6,46.98
125,20260209,510,272,192,5,4,76.79,71.43,63.99
125,20260210,510,380,329,6,5,79.94,80.45,66.62
125,20260211,510,330,311,7,5,117.78,72.53,98.15
125,20260212,510,360,305,5,3,85.07,78.19,70.89
125,20260213,510,395,295,4,0,67.25,81.44,56.04
125,20260216,510,340,211,7,4,99.58,67.94,82.98
125,20260217,510,435,367,5,2,58.38,86.28,48.65
125,20260218,510,342,233,4,2,69.7,76.97,58.08
125,20260219,510,255,204,5,3,82.71000000000001,71.15,68.92
125,20260220,510,365,337,4,3,66.39,83.54,55.32
125,20260223,510,447,418,2,0,50.61,89.2,42.18
125,20260224,510,320,212,4,3,57.59,78.64,47.99
125,20260225,510,290,233,7,0,108.43,68.24,90.36
125,20260226,510,435,379,4,3,49.29,88.49,41.08
125,20260227,510,380,297,5,2,79.62,78.86,66.35
125,20260302,510,425,373,7,3,119.76,75.7,99.8
125,20260303,510,345,225,7,3,93.27,70.69,77.72
125,20260304,510,205,128,2,0,27.619999999999997,82.25,23.02
125,20260305,510,385,326,6,5,77.11,80.87,64.26
125,20260306,510,282,194,4,3,55.510000000000005,77.75,46.26
125,20260309,510,371,280,6,3,106.94,72.36,89.12
125,20260310,510,450,347,3,1,48.43,87.75,40.36
125,20260311,510,375,362,5,2,83.87,81.19,69.89
125,20260312,510,470,429,2,1,36.79,92.1,30.66
125,20260313,510,355,318,2,1,43.32,88.01,36.1
125,20260316,510,270,199,1,1,13.67,93.57,11.39
125,20260317,510,395,274,3,2,41.28,86.91,34.4
125,20260318,510,445,380,3,0,41.93,90.06,34.94
125,20260319,510,300,244,5,2,72.56,77.08,60.47
125,20260320,510,435,342,9,2,164.85,67.48,100.0
125,20260323,510,335,282,6,0,109.53,72.03,91.28
125,20260324,510,201,64,3,2,48.61,56.83,40.51
125,20260325,510,315,278,7,1,115.37,70.67,96.14
125,20260326,510,245,191,2,1,40.68,82.44,33.9
125,20260327,510,455,431,4,1,70.05,86.02,58.38
125,20260330,510,275,232,5,2,74.06,75.8,61.72
125,20260331,510,352,269,4,4,59.57,81.87,49.64
126,20260101,510,271,271,4,3,41.36,86.76,34.47
126,20260102,510,377,316,3,1,72.86,81.26,60.72
126,20260105,510,280,236,4,2,74.95,75.9,62.46
126,20260106,510,375,274,5,4,71.23,79.37,59.36
126,20260107,510,214,152,4,2,59.83,71.76,49.86
126,20260108,510,390,377,2,1,39.69,90.47,33.07
126,20260109,510,357,343,1,1,16.93,95.3,14.11
126,20260112,510,510,403,10,3,158.75,71.74,100.0
126,20260113,510,348,324,2,2,30.330000000000002,91.44,25.28
126,20260114,510,290,198,4,3,64.44,75.45,53.7
126,20260115,510,290,257,4,2,45.91,84.84,38.26
126,20260116,510,311,280,4,1,68.55,80.33,57.12
126,20260119,510,420,299,8,4,131.98,69.38,100.0
126,20260120,510,300,192,3,3,43.4,81.56,36.17
126,20260121,510,250,178,5,3,70.75,71.56,58.96
126,20260122,510,425,361,4,1,58.2,86.12,48.5
126,20260123,510,430,321,4,2,61.349999999999994,83.95,51.12
126,20260126,510,295,205,4,2,66.92999999999999,75.39,55.78
126,20260127,510,435,415,4,2,48.44,89.55,40.37
126,20260128,510,265,211,5,2,72.18,74.51,60.15
126,20260129,510,350,338,4,1,62.99,84.29,52.49
126,20260130,510,405,361,5,3,87.17999999999999,80.55,72.65
126,20260202,510,375,284,5,2,87.0,76.55,72.5
126,20260203,510,300,243,6,2,87.38,73.55,72.82
126,20260204,510,360,270,5,3,84.96,76.06,70.8
126,20260205,510,335,331,3,1,56.33,85.46,46.94
126,20260206,510,280,208,5,3,86.25,70.69,71.88
126,20260209,510,285,216,3,2,42.56,83.54,35.47
126,20260210,510,345,280,2,2,38.03,88.04,31.69
126,20260211,510,280,257,4,1,85.93,74.94,71.61
126,20260212,510,305,305,1,0,23.19,92.93,19.32
126,20260213,510,280,199,2,0,28.060000000000002,87.64,23.38
126,20260216,510,320,222,6,2,98.67,69.23,82.22
126,20260217,510,330,226,7,3,105.78999999999999,68.12,88.16
126,20260218,510,276,161,8,4,132.68,54.82,100.0
126,20260219,510,365,260,6,3,106.21,71.0,88.51
126,20260220,510,425,344,7,2,115.53,74.86,96.28
126,20260223,510,370,263,3,0,25.02,91.31,20.85
126,20260224,510,406,356,5,2,80.31,81.59,66.92
126,20260225,510,320,308,1,0,21.19,93.56,17.66
126,20260226,510,340,269,7,3,112.23,70.56,93.52
126,20260227,510,236,168,3,1,43.97,79.26,36.64
126,20260302,510,290,266,3,1,75.99000000000001,77.78,63.33
126,20260303,510,235,235,1,1,12.71,94.87,10.59
126,20260304,510,347,317,5,3,90.63,77.77,75.52
126,20260305,510,330,313,2,1,31.839999999999996,90.77,26.53
126,20260306,510,310,241,6,2,94.00999999999999,71.94,78.34
126,20260309,510,350,309,5,3,97.55,76.01,81.29
126,20260310,510,295,249,4,0,67.99000000000001,78.55,56.66
126,20260311,510,265,225,3,1,53.86,80.69,44.88
126,20260312,510,375,336,3,3,43.45,88.55,36.21
126,20260313,510,305,283,1,0,21.13,93.05,17.61
126,20260316,510,385,342,4,1,76.06,81.81,63.38
126,20260317,510,365,281,4,3,64.75999999999999,81.27,53.97
126,20260318,510,415,385,6,4,88.07,81.38,73.39
126,20260319,510,310,294,4,4,53.0,84.73,44.17
126,20260320,510,280,247,4,2,63.41,79.57,52.84
126,20260323,510,265,182,5,4,75.6,70.65,63.0
126,20260324,510,310,233,5,4,83.96000000000001,73.51,69.97
126,20260325,510,355,290,4,3,62.2,82.34,51.83
126,20260326,510,220,167,5,0,101.03999999999999,62.3,84.2
126,20260327,510,326,254,5,1,82.64,75.45,68.87
126,20260330,510,314,219,6,1,112.75999999999999,66.01,93.97
126,20260331,510,345,259,8,2,99.71000000000001,72.2,83.09
127,20260101,510,305,274,5,1,92.83000000000001,74.69,77.36
127,20260102,510,313,247,5,2,91.03,73.07,75.86
127,20260105,510,330,272,4,1,69.02,79.76,57.52
127,20260106,510,445,290,8,5,129.47,69.13,100.0
127,20260107,510,270,230,0,0,0.0,100.0,0.0
127,20260108,510,380,317,4,2,65.03,82.98,54.19
127,20260109,510,379,316,5,5,76.14,80.58,63.45
127,20260112,510,290,244,4,2,58.13,80.76,48.44
127,20260113,510,395,319,4,1,90.11,77.97,75.09
127,20260114,510,375,315,1,1,13.97,95.75,11.64
127,20260115,510,360,322,3,0,42.83,88.26,35.69
127,20260116,510,345,272,6,2,94.75,74.16,78.96
127,20260119,510,265,259,4,2,64.07,80.17,53.39
127,20260120,510,235,222,5,0,86.82000000000001,71.89,72.35
127,20260121,510,276,244,0,0,0.0,100.0,0.0
127,20260122,510,258,216,4,0,61.21,77.92,51.01
127,20260123,510,285,218,6,2,97.15,69.17,80.96
127,20260126,510,440,419,11,3,174.79,70.56,100.0
127,20260127,510,366,353,4,3,72.64,82.93,60.53
127,20260128,510,407,306,5,1,98.89,75.58,82.41
127,20260129,510,345,306,4,2,62.22,83.1,51.85
127,20260130,510,370,358,6,3,80.97,81.55,67.47
127,20260202,510,366,322,6,3,93.06,77.58,77.55
127,20260203,510,420,354,2,1,19.6,94.75,16.33
127,20260204,510,235,212,4,1,66.75999999999999,76.05,55.63
127,20260205,510,340,274,4,1,74.39,78.65,61.99
127,20260206,510,510,462,4,1,56.81,89.05,47.34
127,20260209,510,253,146,3,0,28.89,83.48,24.08
127,20260210,510,310,208,4,1,77.92,72.75,64.93
127,20260211,510,410,358,8,4,141.75,71.64,100.0
127,20260212,510,371,241,5,4,79.25,75.25,66.04
127,20260213,510,342,315,3,2,39.52,88.85,32.93
127,20260216,510,285,227,3,0,23.880000000000003,90.48,19.9
127,20260217,510,348,291,3,0,49.55,85.45,41.29
127,20260218,510,319,257,4,3,62.14,80.53,51.78
127,20260219,510,350,272,6,2,80.72,77.11,67.27
127,20260220,510,225,199,3,1,51.879999999999995,79.32,43.23
127,20260223,510,285,221,6,3,79.58,73.52,66.32
127,20260224,510,390,341,4,1,73.56,82.26,61.3
127,20260225,510,335,260,5,1,88.24000000000001,74.66,73.53
127,20260226,510,415,377,2,1,29.14,92.83,24.28
127,20260227,510,395,383,5,1,101.53999999999999,79.04,84.62
127,20260302,510,305,250,1,0,19.39,92.8,16.16
127,20260303,510,360,295,4,1,58.36,83.48,48.63
127,20260304,510,355,264,5,2,85.44,75.55,71.2
127,20260305,510,315,281,5,3,63.1,81.66,52.58
127,20260306,510,310,310,3,1,56.36,84.62,46.97
127,20260309,510,440,408,4,2,78.39,83.88,65.32
127,20260310,510,330,287,5,4,85.66,77.01,71.38
127,20260311,510,306,238,2,0,40.28,85.53,33.57
127,20260312,510,363,330,4,2,63.900000000000006,83.78,53.25
127,20260313,510,395,372,3,2,37.21,90.91,31.01
127,20260316,510,345,249,3,0,59.05,80.83,49.21
127,20260317,510,410,336,6,4,94.67,78.02,78.89
127,20260318,510,305,244,5,1,100.41,70.85,83.68
127,20260319,510,410,350,3,3,37.94,90.22,31.62
127,20260320,510,250,183,2,0,28.840000000000003,86.39,24.03
127,20260323,510,320,268,6,4,99.97999999999999,72.83,83.32
127,20260324,510,400,376,4,1,58.379999999999995,86.56,48.65
127,20260325,510,413,365,4,0,60.82,85.72,50.68
127,20260326,510,315,279,3,0,43.83,86.42,36.52
127,20260327,510,320,223,3,1,41.11,84.43,34.26
127,20260330,510,265,247,2,1,24.39,91.01,20.33
127,20260331,510,290,258,3,1,55.33,82.34,46.11
128,20260101,510,365,311,5,2,81.31,79.27,67.76
128,20260102,510,360,284,5,1,97.63,74.42,81.36
128,20260105,510,305,238,5,2,92.0,72.12,76.67
128,20260106,510,262,205,5,3,77.49,72.57,64.57
128,20260107,510,430,368,6,1,91.36,80.11,76.13
128,20260108,510,362,322,4,1,95.33,77.16,79.44
128,20260109,510,300,267,2,0,28.04,90.5,23.37
128,20260112,510,380,336,4,2,61.08,84.62,50.9
128,20260113,510,225,118,5,1,55.22,68.12,46.02
128,20260114,510,350,322,3,2,47.99,87.03,39.99
128,20260115,510,510,441,5,2,67.64,86.7,56.37
128,20260116,510,325,288,3,2,53.55,84.32,44.62
128,20260119,510,399,332,5,1,90.47,78.59,75.39
128,20260120,510,379,343,4,2,54.510000000000005,86.29,45.42
128,20260121,510,355,311,3,2,41.27,88.28,34.39
128,20260122,510,332,279,8,1,128.81,68.41,100.0
128,20260123,510,385,337,9,2,148.39,69.43,100.0
128,20260126,510,447,411,3,1,58.510000000000005,87.54,48.76
128,20260127,510,365,319,3,2,39.03,89.1,32.52
128,20260128,510,355,331,5,1,82.01,80.14,68.34
128,20260129,510,280,256,1,0,24.19,91.37,20.16
128,20260130,510,309,248,5,2,98.47999999999999,71.58,82.07
128,20260202,510,440,362,9,1,157.31,69.71,100.0
128,20260203,510,366,288,2,1,37.16,88.57,30.97
128,20260204,510,295,210,7,3,100.97,67.53,84.14
128,20260205,510,385,361,3,2,40.13,90.0,33.44
128,20260206,510,340,320,4,2,49.72,86.55,41.43
128,20260209,510,455,393,5,3,88.36,81.64,73.63
128,20260210,510,435,423,4,3,59.75,87.62,49.79
128,20260211,510,363,336,3,2,50.47,86.94,42.06
128,20260212,510,435,435,4,1,63.16,87.32,52.63
128,20260213,510,410,370,6,0,103.88,78.08,86.57
128,20260216,510,395,351,6,0,130.26,72.93,100.0
128,20260217,510,265,207,5,2,75.98,73.15,63.32
128,20260218,510,345,278,6,2,117.57,70.28,97.98
128,20260219,510,380,318,7,3,127.91,71.31,100.0
128,20260220,510,300,288,4,2,61.269999999999996,82.46,51.06
128,20260223,510,435,352,6,3,110.61,76.09,92.18
128,20260224,510,307,254,6,2,120.32,67.86,100.0
128,20260225,510,365,340,5,0,70.6,82.81,58.83
128,20260226,510,385,293,4,2,84.71000000000001,77.57,70.59
128,20260227,510,220,88,4,1,93.38,48.52,77.82
128,20260302,510,301,196,3,2,45.89,81.03,38.24
128,20260303,510,250,141,4,2,51.599999999999994,73.21,43.0
128,20260304,510,237,177,5,1,95.61,64.93,79.68
128,20260305,510,341,251,4,2,50.82,83.16,42.35
128,20260306,510,330,260,0,0,0.0,100.0,0.0
128,20260309,510,250,210,4,2,81.94,71.93,68.28
128,20260310,510,270,197,6,3,93.23,67.88,77.69
128,20260311,510,315,240,7,0,111.03,68.37,92.52
128,20260312,510,280,208,2,0,37.86,84.6,31.55
128,20260313,510,345,327,4,1,62.85,83.88,52.38
128,20260316,510,385,346,6,2,86.28,80.04,71.9
128,20260317,510,432,376,4,2,69.99,84.31,58.32
128,20260318,510,401,358,3,1,46.870000000000005,88.42,39.06
128,20260319,510,390,317,4,2,51.81,85.95,43.18
128,20260320,510,375,325,4,2,80.07,80.23,66.72
128,20260323,510,175,156,1,0,9.42,94.31,7.85
128,20260324,510,380,353,4,1,51.94,87.17,43.28
128,20260325,510,465,315,6,1,76.15,80.53,63.46
128,20260326,510,270,177,6,4,102.59,63.31,85.49
128,20260327,510,345,292,8,3,124.09,70.18,100.0
128,20260330,510,242,223,2,1,36.11,86.06,30.09
128,20260331,510,293,247,3,0,65.46000000000001,79.05,54.55
129,20260101,510,340,280,6,0,96.4,74.39,80.33
129,20260102,510,375,251,5,2,66.21000000000001,79.13,55.18
129,20260105,510,450,339,6,4,93.76,78.33,78.13
129,20260106,510,432,313,8,5,134.23,69.99,100.0
129,20260107,510,300,167,4,1,77.75,68.23,64.79
129,20260108,510,305,280,8,2,123.24,69.44,100.0
129,20260109,510,323,209,7,3,119.54,63.61,99.62
129,20260112,510,350,303,4,2,61.78,83.06,51.48
129,20260113,510,309,290,3,0,36.47,88.83,30.39
129,20260114,510,440,399,2,1,29.96,93.02,24.97
129,20260115,510,450,367,6,3,108.42999999999999,77.19,90.36
129,20260116,510,330,235,3,1,52.72,81.68,43.93
129,20260119,510,470,446,3,1,50.849999999999994,89.77,42.37
129,20260120,510,245,186,2,1,35.31,84.05,29.42
129,20260121,510,236,165,6,3,119.71000000000001,57.95,99.76
129,20260122,510,280,268,3,0,59.769999999999996,81.76,49.81
129,20260123,510,290,242,7,2,126.16,65.73,100.0
129,20260126,510,330,286,2,1,29.57,90.63,24.64
129,20260127,510,375,303,3,2,42.55,87.69,35.46
129,20260128,510,320,249,7,4,124.13999999999999,66.73,100.0
129,20260129,510,343,313,4,1,44.43,87.57,37.03
129,20260130,510,305,287,3,0,49.620000000000005,85.26,41.35
129,20260202,510,303,192,3,1,49.620000000000005,79.46,41.35
129,20260203,510,485,386,11,5,156.5,71.15,100.0
129,20260204,510,188,138,2,1,32.39,80.99,26.99
129,20260205,510,350,294,2,1,40.019999999999996,88.02,33.35
129,20260206,510,385,298,7,2,108.71000000000001,73.27,90.59
129,20260209,510,410,311,6,0,110.39,73.8,91.99
129,20260210,510,208,161,6,4,78.21000000000001,67.3,65.18
129,20260211,510,379,292,4,4,55.74,83.97,46.45
129,20260212,510,310,240,3,2,33.230000000000004,87.84,27.69
129,20260213,510,288,212,8,7,96.83,68.65,80.69
129,20260216,510,344,255,7,3,106.32000000000001,70.57,88.6
129,20260217,510,435,308,5,2,103.9,74.78,86.58
129,20260218,510,365,321,4,2,72.68,81.54,60.57
129,20260219,510,303,303,2,0,42.08,87.81,35.07
129,20260220,510,465,416,6,4,106.4,79.63,88.67
129,20260223,510,420,359,4,1,50.989999999999995,87.56,42.49
129,20260224,510,353,266,4,1,62.93,80.87,52.44
129,20260225,510,289,229,3,0,62.49,78.56,52.08
129,20260226,510,352,298,4,4,60.019999999999996,83.24,50.02
129,20260227,510,390,304,5,2,72.47,80.75,60.39
129,20260302,510,290,229,5,4,85.72,72.76,71.43
129,20260303,510,398,274,3,0,46.07,85.61,38.39
129,20260304,510,455,342,5,4,86.3,79.85,71.92
129,20260305,510,323,246,5,3,66.9,78.62,55.75
129,20260306,510,285,150,4,1,73.44,67.13,61.2
129,20260309,510,355,317,0,0,0.0,100.0,0.0
129,20260310,510,405,316,7,3,114.81,73.35,95.68
129,20260311,510,375,334,4,3,57.87,85.23,48.22
129,20260312,510,355,267,4,3,76.26,77.78,63.55
129,20260313,510,380,342,6,3,113.77,75.04,94.81
129,20260316,510,377,339,5,2,83.73,80.19,69.77
129,20260317,510,355,311,4,1,76.85000000000001,80.19,64.04
129,20260318,510,187,135,2,0,41.11,76.66,34.26
129,20260319,510,300,243,5,4,84.72,74.15,70.6
129,20260320,510,380,344,5,2,70.24000000000001,83.04,58.53
129,20260323,510,366,331,1,1,14.12,95.91,11.77
129,20260324,510,257,211,5,2,88.77,70.39,73.98
129,20260325,510,315,189,3,0,35.89,84.04,29.91
129,20260326,510,296,239,3,1,35.24,87.15,29.37
129,20260327,510,420,232,9,5,134.10999999999999,63.37,100.0
129,20260330,510,390,308,8,2,108.44,73.96,90.37
129,20260331,510,305,195,5,2,82.84,70.18,69.03
130,20260101,510,330,306,3,0,45.85,86.97,38.21
130,20260102,510,405,283,5,0,64.31,81.48,53.59
130,20260105,510,400,294,8,4,125.89,70.02,100.0
130,20260106,510,338,239,8,4,101.08,70.28,84.23
130,20260107,510,285,202,5,2,96.65,67.64,80.54
130,20260108,510,382,289,4,0,74.54,79.5,62.12
130,20260109,510,225,158,5,3,84.18,65.24,70.15
130,20260112,510,294,236,2,0,34.25,87.33,28.54
130,20260113,510,195,108,2,0,32.44,76.9,27.03
130,20260114,510,305,222,7,5,110.05,66.86,91.71
130,20260115,510,343,263,7,2,130.74,66.8,100.0
130,20260116,510,350,306,4,1,75.79,80.15,63.16
130,20260119,510,261,195,5,2,89.22,68.61,74.35
130,20260120,510,290,195,7,3,131.21,59.78,100.0
130,20260121,510,330,330,4,3,84.36,79.64,70.3
130,20260122,510,395,372,3,2,54.78,87.16,45.65
130,20260123,510,375,339,2,1,29.04,92.11,24.2
130,20260126,510,345,270,6,3,103.24000000000001,72.34,86.03
130,20260127,510,225,191,3,0,48.8,79.65,40.67
130,20260128,510,295,240,4,1,65.91,78.45,54.92
130,20260129,510,235,198,4,1,59.400000000000006,76.92,49.5
130,20260130,510,265,225,3,1,46.3,82.93,38.58
130,20260202,510,340,247,3,3,51.41,82.77,42.84
130,20260203,510,375,294,4,1,71.99000000000001,80.33,59.99
130,20260204,510,395,362,7,5,112.66,76.27,93.88
130,20260205,510,360,280,3,2,49.629999999999995,84.94,41.36
130,20260206,510,495,432,3,2,54.04,88.88,45.03
130,20260209,510,350,264,6,2,84.36,75.78,70.3
130,20260210,510,420,405,6,2,85.79,82.52,71.49
130,20260211,510,314,254,4,1,61.660000000000004,80.47,51.38
130,20260212,510,290,207,2,2,25.450000000000003,89.05,21.21
130,20260213,510,344,304,5,3,94.59,76.27,78.82
130,20260216,510,375,269,9,4,149.01,64.35,100.0
130,20260217,510,265,201,3,2,48.519999999999996,80.55,40.43
130,20260218,510,455,425,5,3,82.03,83.82,68.36
130,20260219,510,390,334,6,4,85.33,79.65,71.11
130,20260220,510,310,237,8,3,140.21,62.83,100.0
130,20260223,510,370,329,4,1,80.08,80.42,66.73
130,20260224,510,230,172,4,1,68.47,71.53,57.06
130,20260225,510,345,276,5,3,97.98,73.8,81.65
130,20260226,510,335,280,4,2,56.300000000000004,83.26,46.92
130,20260227,510,389,299,7,2,100.58,74.83,83.82
130,20260302,510,395,371,7,5,107.5,77.53,89.58
130,20260303,510,365,313,5,1,60.13,83.88,50.11
130,20260304,510,256,204,5,2,95.27000000000001,68.17,79.39
130,20260305,510,330,266,4,2,53.41,83.28,44.51
130,20260306,510,300,278,4,2,60.830000000000005,82.05,50.69
130,20260309,510,350,350,6,2,75.50999999999999,82.25,62.92
130,20260310,510,246,215,0,0,0.0,100.0,0.0
130,20260311,510,340,276,6,4,109.5,71.6,91.25
130,20260312,510,310,244,4,1,61.209999999999994,79.94,51.01
130,20260313,510,340,328,4,1,70.93,82.22,59.11
130,20260316,510,318,281,5,1,83.59,77.07,69.66
130,20260317,510,410,338,8,4,142.85,70.29,100.0
130,20260318,510,425,384,6,1,73.69,83.9,61.41
130,20260319,510,351,304,5,3,62.5,82.95,52.08
130,20260320,510,230,194,3,2,50.45,79.36,42.04
130,20260323,510,451,381,7,2,145.53,72.36,100.0
130,20260324,510,365,274,7,3,121.28,69.32,100.0
130,20260325,510,495,442,5,1,87.33,83.5,72.78
130,20260326,510,395,298,5,2,63.56,82.42,52.97
130,20260327,510,261,194,6,2,112.4,63.32,93.67
130,20260330,510,410,310,8,3,157.16,66.36,100.0
130,20260331,510,357,333,2,1,34.95,90.5,29.12
131,20260101,510,425,413,4,3,55.7,88.12,46.42
131,20260102,510,336,267,5,3,74.00999999999999,78.3,61.67
131,20260105,510,380,258,6,2,93.28,73.45,77.73
131,20260106,510,298,245,1,1,18.05,93.14,15.04
131,20260107,510,428,393,6,4,102.53,79.31,85.44
131,20260108,510,257,225,1,0,16.41,93.2,13.68
131,20260109,510,345,254,5,1,66.39,79.28,55.32
131,20260112,510,340,306,4,2,64.03,82.7,53.36
131,20260113,510,240,213,4,1,63.78,76.96,53.15
131,20260114,510,360,315,7,6,99.94,75.91,83.28
131,20260115,510,255,216,4,3,67.39,76.22,56.16
131,20260116,510,358,261,7,3,104.08,71.49,86.73
131,20260119,510,360,336,8,3,139.81,70.62,100.0
131,20260120,510,435,423,5,3,78.71000000000001,84.31,65.59
131,20260121,510,365,341,5,0,78.32,81.32,65.27
131,20260122,510,344,279,4,1,59.78,82.35,49.82
131,20260123,510,238,146,5,1,66.49,68.71,55.41
131,20260126,510,245,146,4,3,53.03,73.36,44.19
131,20260127,510,319,260,3,1,41.91,86.12,34.92
131,20260128,510,395,344,8,3,140.55,70.99,100.0
131,20260129,510,350,313,6,2,106.8,74.56,89.0
131,20260130,510,382,339,5,2,81.09,80.7,67.58
131,20260202,510,315,297,4,2,72.63999999999999,80.35,60.53
131,20260203,510,278,260,1,0,15.43,94.4,12.86
131,20260204,510,435,377,3,3,50.5,88.19,42.08
131,20260205,510,480,431,5,1,65.13000000000001,86.87,54.28
131,20260206,510,373,285,3,1,54.93,83.84,45.78
131,20260209,510,225,162,3,1,62.76,72.08,52.3
131,20260210,510,321,182,5,1,88.38,67.31,73.65
131,20260211,510,330,235,2,1,31.509999999999998,88.18,26.26
131,20260212,510,275,207,4,0,65.38,76.0,54.48
131,20260213,510,420,347,6,1,83.28,80.65,69.4
131,20260216,510,210,151,3,1,49.629999999999995,75.26,41.36
131,20260217,510,380,335,3,1,61.61,84.47,51.34
131,20260218,510,375,326,4,0,57.62,84.98,48.02
131,20260219,510,408,349,7,3,111.78999999999999,75.74,93.16
131,20260220,510,265,141,3,2,41.68,77.18,34.73
131,20260223,510,445,388,5,1,100.9,79.36,84.08
131,20260224,510,410,322,6,2,96.59,76.92,80.49
131,20260225,510,355,322,6,2,118.43,73.11,98.69
131,20260226,510,295,231,5,0,94.13,71.05,78.44
131,20260227,510,350,311,2,1,32.48,90.54,27.07
131,20260302,510,315,200,3,1,46.4,81.17,38.67
131,20260303,510,290,270,3,1,53.32000000000001,83.51,44.43
131,20260304,510,425,382,3,0,55.099999999999994,87.39,45.92
131,20260305,510,365,250,8,3,119.88,67.59,99.9
131,20260306,510,235,146,5,3,73.15,66.62,60.96
131,20260309,510,350,312,5,1,65.45,82.66,54.54
131,20260310,510,325,243,5,2,83.45,74.44,69.54
131,20260311,510,370,319,7,1,124.3,71.96,100.0
131,20260312,510,359,308,5,3,80.94999999999999,79.19,67.46
131,20260313,510,359,298,3,1,57.07,83.93,47.56
131,20260316,510,375,324,1,0,18.47,94.61,15.39
131,20260317,510,420,300,5,2,62.17,82.83,51.81
131,20260318,510,345,265,3,1,61.81,81.09,51.51
131,20260319,510,300,279,2,2,31.46,89.87,26.22
131,20260320,510,335,295,4,2,67.56,81.37,56.3
131,20260323,510,405,388,4,0,66.65,85.34,55.54
131,20260324,510,264,171,4,3,68.45,71.41,57.04
131,20260325,510,293,218,2,0,38.61,84.95,32.17
131,20260326,510,344,292,6,3,95.56,75.34,79.63
131,20260327,510,465,441,3,1,53.959999999999994,89.1,44.97
131,20260330,510,315,213,4,2,53.870000000000005,79.81,44.89
131,20260331,510,440,265,7,1,124.35,68.06,100.0
132,20260101,510,375,319,4,4,56.129999999999995,85.04,46.77
132,20260102,510,265,257,4,1,59.86,81.11,49.88
132,20260105,510,285,216,5,1,84.98,71.77,70.82
132,20260106,510,424,353,4,2,62.050000000000004,85.05,51.71
132,20260107,510,385,348,5,2,90.07,79.44,75.06
132,20260108,510,345,294,6,2,100.58000000000001,74.51,83.82
132,20260109,510,345,294,4,1,46.25,86.41,38.54
132,20260112,510,340,248,7,4,117.19,67.91,97.66
132,20260113,510,410,375,4,1,72.42,83.81,60.35
132,20260114,510,331,300,3,0,41.79,87.77,34.83
132,20260115,510,285,226,4,1,79.72,73.92,66.43
132,20260116,510,345,274,6,3,94.39,74.38,78.66
132,20260119,510,247,190,2,0,39.58,82.76,32.98
132,20260120,510,370,349,6,2,83.58,80.68,69.65
132,20260121,510,225,187,2,0,29.41,86.41,24.51
132,20260122,510,380,350,6,2,112.75,75.63,93.96
132,20260123,510,375,303,4,1,76.09,79.93,63.41
132,20260126,510,367,320,3,1,36.32,89.81,30.27
132,20260127,510,330,213,5,2,59.160000000000004,78.26,49.3
132,20260128,510,305,214,4,2,59.66,78.2,49.72
132,20260129,510,325,263,3,1,40.31,86.71,33.59
132,20260130,510,395,290,5,4,64.6,81.78,53.83
132,20260202,510,450,371,7,1,123.35,75.05,100.0
132,20260203,510,265,233,5,4,72.89,76.17,60.74
132,20260204,510,458,438,6,2,112.22999999999999,79.6,93.52
132,20260205,510,221,78,3,1,31.32,71.35,26.1
132,20260206,510,390,333,4,2,64.51,83.77,53.76
132,20260209,510,385,321,4,1,46.43,87.36,38.69
132,20260210,510,231,209,3,0,35.49,85.48,29.58
132,20260211,510,255,145,4,2,72.05,66.8,60.04
132,20260212,510,400,307,7,4,99.18,75.58,82.65
132,20260213,510,395,317,7,1,110.75,74.11,92.29
132,20260216,510,240,224,4,2,40.870000000000005,84.57,34.06
132,20260217,510,332,301,3,1,46.85,86.53,39.04
132,20260218,510,380,350,4,1,77.74,81.83,64.78
132,20260219,510,305,259,4,3,75.72,77.38,63.1
132,20260220,510,445,373,6,3,84.9,81.46,70.75
132,20260223,510,350,259,6,4,81.59,76.04,67.99
132,20260224,510,395,291,6,2,84.59,77.48,70.49
132,20260225,510,295,259,6,3,113.46000000000001,69.54,94.55
132,20260226,510,327,259,7,4,103.47,71.45,86.22
132,20260227,510,315,266,3,2,45.57,85.37,37.97
132,20260302,510,455,371,6,1,115.6,76.24,96.33
132,20260303,510,335,260,4,2,62.56,80.61,52.13
132,20260304,510,435,309,8,5,125.17,71.17,100.0
132,20260305,510,419,344,4,0,64.25,84.26,53.54
132,20260306,510,216,159,2,0,21.86,87.91,18.22
132,20260309,510,380,295,3,2,56.89,83.83,47.41
132,20260310,510,255,236,3,2,45.52,83.83,37.93
132,20260311,510,425,413,2,1,25.91,94.1,21.59
132,20260312,510,300,243,1,1,12.4,95.14,10.33
132,20260313,510,355,343,2,2,26.9,92.73,22.42
132,20260316,510,286,227,4,2,73.07000000000001,75.65,60.89
132,20260317,510,388,347,8,3,153.59,69.32,100.0
132,20260318,510,445,414,0,0,0.0,100.0,0.0
132,20260319,510,320,270,3,1,57.36,82.48,47.8
132,20260320,510,396,338,2,0,39.1,89.63,32.58
132,20260323,510,386,332,6,2,85.11,79.6,70.93
132,20260324,510,410,354,3,2,48.17,88.02,40.14
132,20260325,510,367,312,8,4,130.37,70.53,100.0
132,20260326,510,310,227,4,1,70.5,76.3,58.75
132,20260327,510,295,271,5,3,74.3,78.48,61.92
132,20260330,510,229,186,3,2,55.1,77.15,45.92
132,20260331,510,310,263,4,2,52.589999999999996,83.34,43.82
133,20260101,510,465,428,5,3,74.63,85.15,62.19
133,20260102,510,345,315,7,2,94.98,76.83,79.15
133,20260105,510,295,213,4,1,52.879999999999995,80.11,44.07
133,20260106,510,470,402,6,2,93.09,81.2,77.58
133,20260107,510,250,216,2,1,30.490000000000002,87.63,25.41
133,20260108,510,265,216,3,1,28.880000000000003,88.21,24.07
133,20260109,510,245,245,1,0,19.83,92.51,16.52
133,20260112,510,275,152,8,3,117.48,56.4,97.9
133,20260113,510,215,172,2,1,45.29,79.16,37.74
133,20260114,510,305,268,7,1,122.35,68.66,100.0
133,20260115,510,440,380,5,1,62.72,85.83,52.27
133,20260116,510,330,270,4,2,68.56,79.75,57.13
133,20260119,510,380,290,5,2,86.8,76.96,72.33
133,20260120,510,405,405,1,0,16.72,96.04,13.93
133,20260121,510,405,405,5,3,72.25999999999999,84.86,60.22
133,20260122,510,385,361,4,2,72.13,83.35,60.11
133,20260123,510,350,281,3,0,43.769999999999996,86.52,36.47
133,20260126,510,300,255,2,1,27.8,90.17,23.17
133,20260127,510,405,291,7,0,115.11,71.66,95.93
133,20260128,510,418,382,7,4,104.78,78.47,87.32
133,20260129,510,225,175,2,0,29.270000000000003,85.67,24.39
133,20260130,510,320,276,4,2,59.8,82.19,49.83
133,20260202,510,255,222,4,1,62.45,78.05,52.04
133,20260203,510,371,288,2,1,28.409999999999997,91.02,23.67
133,20260204,510,285,239,3,1,45.79,83.92,38.16
133,20260205,510,367,334,3,1,33.89,90.79,28.24
133,20260206,510,270,167,0,0,0.0,100.0,0.0
133,20260209,510,415,348,4,1,69.02,83.45,57.52
133,20260210,510,320,176,6,0,103.4,62.99,86.17
133,20260211,510,240,207,4,2,67.36,75.45,56.13
133,20260212,510,383,265,3,1,44.96,85.49,37.47
133,20260213,510,288,231,5,1,79.45,74.41,66.21
133,20260216,510,353,337,5,2,88.59,79.18,73.82
133,20260217,510,420,408,4,1,54.379999999999995,88.24,45.32
133,20260218,510,375,342,5,1,92.78999999999999,78.66,77.32
133,20260219,510,289,277,4,0,63.42,81.37,52.85
133,20260220,510,230,218,3,0,28.18,88.55,23.48
133,20260223,510,315,301,5,2,88.17,77.34,73.47
133,20260224,510,235,137,2,2,28.81,82.62,24.01
133,20260225,510,275,180,8,5,143.4,55.66,100.0
133,20260226,510,370,278,5,1,100.57,73.43,83.81
133,20260227,510,236,236,3,1,56.59,80.66,47.16
133,20260302,510,460,387,5,2,89.2,81.27,74.33
133,20260303,510,365,352,4,2,65.57000000000001,84.3,54.64
133,20260304,510,434,356,5,0,86.58,80.44,72.15
133,20260305,510,331,285,6,3,90.74,75.85,75.62
133,20260306,510,315,186,6,1,99.61,65.12,83.01
133,20260309,510,310,208,6,2,75.12,73.47,62.6
133,20260310,510,420,358,9,3,154.23,69.89,100.0
133,20260311,510,345,278,4,2,75.63,78.61,63.02
133,20260312,510,332,299,5,2,65.19,82.1,54.32
133,20260313,510,394,303,6,2,103.88,74.47,86.57
133,20260316,510,335,283,4,1,65.98,81.09,54.98
133,20260317,510,450,377,6,5,104.05000000000001,78.37,86.71
133,20260318,510,465,442,4,2,48.8,90.06,40.67
133,20260319,510,347,264,5,1,85.3,75.58,71.08
133,20260320,510,260,219,4,1,80.13,73.21,66.77
133,20260323,510,410,383,8,4,110.35,77.63,91.96
133,20260324,510,380,313,3,3,49.19,86.42,40.99
133,20260325,510,246,169,3,1,55.68000000000001,75.22,46.4
133,20260326,510,334,228,6,2,89.73,71.76,74.78
133,20260327,510,330,246,3,1,48.04,83.66,40.03
133,20260330,510,375,258,7,2,103.33,71.4,86.11
133,20260331,510,255,255,3,2,65.13,79.66,54.28
134,20260101,510,290,252,7,3,129.19,66.11,100.0
134,20260102,510,464,437,6,2,92.86,82.47,77.38
134,20260105,510,407,343,6,2,118.27,74.36,98.56
134,20260106,510,200,159,3,1,64.34,71.19,53.62
134,20260107,510,317,251,4,2,58.38,81.13,48.65
134,20260108,510,455,401,6,1,111.63,78.22,93.02
134,20260109,510,415,335,3,2,54.400000000000006,86.03,45.33
134,20260112,510,310,196,9,6,130.2,60.09,100.0
134,20260113,510,365,222,6,3,93.27,70.42,77.72
134,20260114,510,305,235,5,2,87.86,72.79,73.22
134,20260115,510,395,250,9,4,140.52,64.02,100.0
134,20260116,510,401,313,6,2,93.44,77.01,77.87
134,20260119,510,410,394,5,3,92.28,81.02,76.9
134,20260120,510,345,286,6,3,92.33,75.6,76.94
134,20260121,510,255,219,7,2,108.98,66.77,90.82
134,20260122,510,380,342,6,3,95.41,78.19,79.51
134,20260123,510,327,252,5,0,80.55,75.78,67.12
134,20260126,510,365,311,6,1,113.72,73.22,94.77
134,20260127,510,405,348,5,0,118.87,74.54,99.06
134,20260128,510,330,267,4,0,58.379999999999995,82.06,48.65
134,20260129,510,265,221,5,4,65.07,77.25,54.22
134,20260130,510,193,136,3,3,49.18,73.44,40.98
134,20260202,510,355,316,5,3,72.11,81.42,60.09
134,20260203,510,405,266,8,0,158.09,62.72,100.0
134,20260204,510,411,375,4,2,65.43,85.14,54.52
134,20260205,510,280,256,3,1,40.11,86.45,33.42
134,20260206,510,445,404,6,3,88.94,81.96,74.12
134,20260209,510,412,338,4,0,75.74,81.69,63.12
134,20260210,510,280,244,1,1,20.4,92.28,17.0
134,20260211,510,275,268,5,3,77.9,77.48,64.92
134,20260212,510,270,178,6,3,98.38,64.4,81.98
134,20260213,510,435,358,7,1,112.12,76.15,93.43
134,20260216,510,285,226,4,2,80.97,73.62,67.47
134,20260217,510,423,389,8,3,145.63,72.76,100.0
134,20260218,510,395,312,5,2,73.16,81.01,60.97
134,20260219,510,335,302,4,2,66.92999999999999,81.86,55.78
134,20260220,510,378,277,4,1,70.64,79.68,58.87
134,20260223,510,455,364,4,1,72.53,83.38,60.44
134,20260224,510,245,173,3,2,58.82,74.63,49.02
134,20260225,510,244,208,4,0,72.36,74.19,60.3
134,20260226,510,477,448,6,5,88.61,83.49,73.84
134,20260227,510,375,320,6,1,108.91,74.61,90.76
134,20260302,510,285,249,2,1,31.23,88.86,26.02
134,20260303,510,311,205,6,0,86.64,70.29,72.2
134,20260304,510,405,379,4,2,66.65,85.04,55.54
134,20260305,510,370,370,6,3,110.8,76.96,92.33
134,20260306,510,379,321,7,3,114.99000000000001,73.63,95.82
134,20260309,510,350,258,2,0,37.94,87.18,31.62
134,20260310,510,375,265,5,2,80.2,76.77,66.83
134,20260311,510,380,314,7,2,127.14,71.18,100.0
134,20260312,510,360,336,6,1,72.38,82.28,60.32
134,20260313,510,260,225,2,1,46.989999999999995,82.72,39.16
134,20260316,510,365,277,4,1,86.38,76.23,71.98
134,20260317,510,390,336,5,3,66.50999999999999,83.48,55.42
134,20260318,510,320,267,3,1,39.06,87.24,32.55
134,20260319,510,373,298,4,1,46.07,86.61,38.39
134,20260320,510,395,380,4,2,55.64,87.23,46.37
134,20260323,510,261,244,5,0,97.44,71.46,81.2
134,20260324,510,190,149,4,4,55.71,72.79,46.42
134,20260325,510,365,345,4,1,66.21000000000001,83.9,55.18
134,20260326,510,425,358,5,3,74.2,82.83,61.83
134,20260327,510,286,250,2,0,22.990000000000002,91.58,19.16
134,20260330,510,455,384,3,3,48.42,88.8,40.35
134,20260331,510,276,252,5,1,88.55000000000001,74.0,73.79
135,20260101,510,410,276,9,4,159.22,63.42,100.0
135,20260102,510,380,332,5,3,74.99,81.57,62.49
135,20260105,510,348,324,1,0,22.03,93.63,18.36
135,20260106,510,280,203,4,3,71.29,74.01,59.41
135,20260107,510,375,323,3,1,48.86,86.86,40.72
135,20260108,510,355,343,4,1,72.51,82.55,60.42
135,20260109,510,335,323,4,2,78.09,80.53,65.08
135,20260112,510,418,316,6,2,108.71000000000001,74.4,90.59
135,20260113,510,410,348,7,1,111.14,75.79,92.62
135,20260114,510,395,329,7,3,108.15,75.26,90.12
135,20260115,510,355,260,7,4,123.29,67.83,100.0
135,20260116,510,450,379,4,3,76.50999999999999,83.2,63.76
135,20260119,510,289,248,4,2,52.78,82.45,43.98
135,20260120,510,335,199,4,2,68.94,74.27,57.45
135,20260121,510,345,294,6,4,95.56,75.47,79.63
135,20260122,510,435,337,6,4,83.61,80.12,69.68
135,20260123,510,450,396,9,5,159.48000000000002,71.29,100.0
135,20260126,510,245,180,5,1,92.07,66.16,76.72
135,20260127,510,258,202,5,1,65.52,75.51,54.6
135,20260128,510,238,136,1,0,14.11,90.6,11.76
135,20260129,510,340,249,5,2,91.22,73.19,76.02
135,20260130,510,320,320,0,0,0.0,100.0,0.0
135,20260202,510,337,260,3,1,52.44,83.22,43.7
135,20260203,510,290,260,4,2,55.68,82.36,46.4
135,20260204,510,360,267,4,2,60.519999999999996,81.52,50.43
135,20260205,510,480,412,5,3,94.42,81.36,78.68
135,20260206,510,385,327,8,5,119.91,73.17,99.92
135,20260209,510,305,280,1,1,14.98,94.92,12.48
135,20260210,510,384,365,4,4,54.94,86.92,45.78
135,20260211,510,381,302,9,6,158.18,65.63,100.0
135,20260212,510,335,296,5,3,76.19,79.53,63.49
135,20260213,510,368,289,2,1,45.25,86.46,37.71
135,20260216,510,365,349,3,1,40.36,89.63,33.63
135,20260217,510,330,274,3,1,36.71,88.19,30.59
135,20260218,510,375,307,5,2,79.67,79.4,66.39
135,20260219,510,385,304,6,1,106.67,74.03,88.89
135,20260220,510,340,287,2,0,46.31,86.11,38.59
135,20260223,510,425,377,4,3,52.43,87.79,43.69
135,20260224,510,225,210,2,1,21.509999999999998,90.71,17.92
135,20260225,510,325,264,4,3,68.86,79.31,57.38
135,20260226,510,335,316,6,3,92.87,77.29,77.39
135,20260227,510,440,369,5,1,82.76,81.68,68.97
135,20260302,510,217,135,5,2,85.85,61.13,71.54
135,20260303,510,320,239,5,2,85.76,73.59,71.47
135,20260304,510,495,420,4,1,56.54,88.14,47.12
135,20260305,510,305,276,4,0,84.03,76.66,70.03
135,20260306,510,425,388,5,2,79.36,83.02,66.13
135,20260309,510,230,180,5,1,76.19,70.26,63.49
135,20260310,510,390,355,6,2,93.43,79.17,77.86
135,20260311,510,435,389,8,5,129.17,75.07,100.0
135,20260312,510,389,290,4,1,76.53,79.12,63.78
135,20260313,510,395,339,4,0,63.79,84.16,53.16
135,20260316,510,375,345,5,2,80.75,81.03,67.29
135,20260317,510,400,344,2,0,27.36,92.63,22.8
135,20260318,510,365,303,3,1,42.809999999999995,87.62,35.67
135,20260319,510,325,293,4,2,67.3,81.32,56.08
135,20260320,510,251,180,4,2,54.85,76.64,45.71
135,20260323,510,380,313,5,3,86.7,78.31,72.25
135,20260324,510,340,263,7,2,105.66,71.34,88.05
135,20260325,510,365,353,4,1,55.309999999999995,86.45,46.09
135,20260326,510,380,335,8,3,122.31,73.25,100.0
135,20260327,510,417,347,7,3,110.67,75.82,92.22
135,20260330,510,215,135,6,3,72.77,64.98,60.64
135,20260331,510,345,283,4,3,66.86,80.89,55.72
136,20260101,510,420,360,5,2,95.34,79.06,79.45
136,20260102,510,450,384,8,4,126.3,75.25,100.0
136,20260105,510,435,368,4,1,77.77000000000001,82.55,64.81
136,20260106,510,305,238,5,3,68.23,77.72,56.86
136,20260107,510,270,200,4,1,62.47,76.2,52.06
136,20260108,510,365,287,5,1,81.35,77.92,67.79
136,20260109,510,370,272,3,2,46.73,85.34,38.94
136,20260112,510,225,140,3,2,41.68,77.06,34.73
136,20260113,510,460,382,6,5,99.12,79.4,82.6
136,20260114,510,419,395,5,2,78.59,83.41,65.49
136,20260115,510,393,273,4,2,47.86,85.08,39.88
136,20260116,510,262,201,2,0,35.6,84.95,29.67
136,20260119,510,225,167,2,0,24.04,87.42,20.03
136,20260120,510,440,351,2,1,23.259999999999998,93.79,19.38
136,20260121,510,190,159,4,3,58.2,73.2,48.5
136,20260122,510,375,375,4,2,70.24000000000001,84.22,58.53
136,20260123,510,360,333,3,2,52.519999999999996,86.38,43.77
136,20260126,510,283,229,4,0,80.47,74.0,67.06
136,20260127,510,141,120,1,0,14.64,89.13,12.2
136,20260128,510,225,181,4,2,65.42,73.45,54.52
136,20260129,510,411,385,7,3,142.3,73.01,100.0
136,20260130,510,255,210,2,0,21.93,90.54,18.27
136,20260202,510,278,195,7,3,116.54,62.59,97.12
136,20260203,510,480,337,8,4,127.83,72.5,100.0
136,20260204,510,425,372,7,3,95.45,79.58,79.54
136,20260205,510,355,263,6,2,97.47,72.96,81.23
136,20260206,510,295,268,4,1,83.71000000000001,76.2,69.76
136,20260209,510,290,250,4,1,84.64,74.71,70.53
136,20260210,510,360,255,4,1,79.42,76.25,66.18
136,20260211,510,365,322,6,4,74.57,81.2,62.14
136,20260212,510,432,314,5,2,90.63,77.6,75.52
136,20260213,510,456,430,4,2,47.19,90.11,39.32
136,20260216,510,308,292,3,2,52.55,84.75,43.79
136,20260217,510,360,343,5,0,97.28999999999999,77.9,81.08
136,20260218,510,390,355,6,3,89.89,79.8,74.91
136,20260219,510,375,353,6,3,87.67,80.11,73.06
136,20260220,510,428,368,5,1,88.36,80.64,73.63
136,20260223,510,248,168,3,0,51.57,76.51,42.98
136,20260224,510,325,278,3,1,62.85,81.56,52.38
136,20260225,510,409,387,5,1,102.74,79.02,85.62
136,20260226,510,340,305,6,2,108.11,73.83,90.09
136,20260227,510,293,204,6,2,82.48,71.21,68.73
136,20260302,510,265,234,6,2,80.5,74.4,67.08
136,20260303,510,304,292,1,0,15.28,95.03,12.73
136,20260304,510,212,143,2,0,30.32,82.51,25.27
136,20260305,510,410,370,3,1,41.47,89.92,34.56
136,20260306,510,213,177,3,2,38.23,82.24,31.86
136,20260309,510,355,245,6,3,95.21000000000001,72.01,79.34
136,20260310,510,480,385,7,3,136.10999999999999,73.88,100.0
136,20260311,510,390,316,5,3,84.46,78.91,70.38
136,20260312,510,292,280,3,0,48.94,85.12,40.78
136,20260313,510,285,271,4,1,57.209999999999994,82.57,47.68
136,20260316,510,455,353,6,0,100.80000000000001,77.79,84.0
136,20260317,510,341,293,4,2,66.12,81.59,55.1
136,20260318,510,399,374,5,2,87.91,80.97,73.26
136,20260319,510,465,403,3,1,44.17,90.12,36.81
136,20260320,510,395,316,3,2,54.28,85.34,45.23
136,20260323,510,378,326,2,1,41.64,88.67,34.7
136,20260324,510,315,281,3,0,70.1,80.03,58.42
136,20260325,510,370,291,3,2,38.82,88.23,32.35
136,20260326,510,290,210,4,2,56.85,78.7,47.38
136,20260327,510,340,340,5,0,98.74,77.49,82.28
136,20260330,510,450,409,4,3,67.14,85.9,55.95
136,20260331,510,410,310,4,3,52.58,85.5,43.82
137,20260101,510,375,345,2,1,41.43,89.28,34.52
137,20260102,510,430,344,6,1,100.85,77.33,84.04
137,20260105,510,379,258,4,1,71.65,78.26,59.71
137,20260106,510,479,444,3,0,56.76,88.67,47.3
137,20260107,510,326,254,4,3,51.099999999999994,83.25,42.58
137,20260108,510,212,141,3,0,49.91,73.86,41.59
137,20260109,510,371,261,4,0,74.63,77.76,62.19
137,20260112,510,294,266,5,2,83.13,76.19,69.27
137,20260113,510,295,237,5,3,84.47,73.72,70.39
137,20260114,510,210,85,4,1,56.730000000000004,59.97,47.28
137,20260115,510,450,330,3,3,46.57,87.63,38.81
137,20260116,510,222,178,4,3,57.22,75.67,47.68
137,20260119,510,376,339,3,3,38.480000000000004,89.81,32.07
137,20260120,510,345,326,3,3,45.06,87.86,37.55
137,20260121,510,357,298,2,2,42.480000000000004,87.52,35.4
137,20260122,510,385,353,7,1,125.27,73.81,100.0
137,20260123,510,271,175,5,2,67.63,72.13,56.36
137,20260126,510,353,287,2,0,38.290000000000006,88.23,31.91
137,20260127,510,315,255,5,3,84.74,75.06,70.62
137,20260128,510,480,366,10,4,176.04,67.52,100.0
137,20260129,510,375,331,4,2,50.8,86.69,42.33
137,20260130,510,290,203,4,2,53.41,79.17,44.51
137,20260202,510,330,298,3,3,48.2,86.08,40.17
137,20260203,510,320,301,2,0,44.36,87.16,36.97
137,20260204,510,345,252,8,5,109.89,69.63,91.57
137,20260205,510,455,373,5,4,79.23,82.48,66.03
137,20260206,510,360,360,1,0,4.0,98.9,3.33
137,20260209,510,305,254,0,0,0.0,100.0,0.0
137,20260210,510,440,371,8,7,125.72999999999999,74.69,100.0
137,20260211,510,400,306,7,2,103.0,74.82,85.83
137,20260212,510,310,228,7,5,104.54,68.56,87.12
137,20260213,510,395,267,9,3,145.36,64.75,100.0
137,20260216,510,373,373,3,2,49.79,88.22,41.49
137,20260217,510,425,408,4,1,51.75,88.74,43.12
137,20260218,510,262,233,4,3,52.69,81.56,43.91
137,20260219,510,320,268,5,3,75.33,78.06,62.78
137,20260220,510,305,254,3,2,51.82,83.06,43.18
137,20260223,510,345,236,4,0,61.78,79.25,51.48
137,20260224,510,420,337,3,2,53.870000000000005,86.22,44.89
137,20260225,510,235,144,7,3,117.88,54.99,98.23
137,20260226,510,360,286,4,1,56.230000000000004,83.57,46.86
137,20260227,510,385,333,4,1,49.82,86.99,41.52
137,20260302,510,335,251,6,1,98.14999999999999,71.89,81.79
137,20260303,510,371,317,3,1,51.61,86.0,43.01
137,20260304,510,441,394,2,0,36.57,91.51,30.48
137,20260305,510,365,353,6,3,95.61,78.69,79.68
137,20260306,510,315,300,3,2,49.45,85.85,41.21
137,20260309,510,395,369,2,1,33.510000000000005,91.67,27.93
137,20260310,510,420,401,6,1,101.07,79.87,84.22
137,20260311,510,270,232,3,2,31.98,87.89,26.65
137,20260312,510,315,224,3,2,43.57,83.72,36.31
137,20260313,510,222,138,3,0,55.160000000000004,71.44,45.97
137,20260316,510,285,270,3,2,42.65,86.36,35.54
137,20260317,510,400,335,6,1,98.75,77.23,82.29
137,20260318,510,370,281,7,4,105.62,72.68,88.02
137,20260319,510,317,282,3,1,49.67,85.02,41.39
137,20260320,510,347,306,3,1,47.94,86.46,39.95
137,20260323,510,355,272,5,3,106.15,71.93,88.46
137,20260324,510,320,291,2,0,46.519999999999996,86.22,38.77
137,20260325,510,395,257,7,1,98.07,72.38,81.72
137,20260326,510,370,278,7,2,105.09,72.57,87.58
137,20260327,510,275,201,8,2,139.16,59.09,100.0
137,20260330,510,325,270,7,3,97.87,73.4,81.56
137,20260331,510,335,315,4,2,62.13,83.53,51.78
138,20260101,510,470,443,6,1,106.0,80.69,88.33
138,20260102,510,390,307,7,3,111.25,73.4,92.71
138,20260105,510,300,236,3,2,43.93,84.31,36.61
138,20260106,510,405,382,4,3,55.83,87.25,46.52
138,20260107,510,305,256,3,2,37.739999999999995,87.15,31.45
138,20260108,510,249,179,4,0,75.9,70.22,63.25
138,20260109,510,295,243,4,2,62.11,79.64,51.76
138,20260112,510,255,229,5,3,85.06,72.92,70.88
138,20260113,510,346,322,7,5,112.78,74.06,93.98
138,20260114,510,187,122,2,0,35.89,77.27,29.91
138,20260115,510,441,393,4,3,62.660000000000004,86.25,52.22
138,20260116,510,218,182,2,0,20.92,89.69,17.43
138,20260119,510,375,266,8,2,147.74,64.29,100.0
138,20260120,510,280,246,4,1,64.39,79.26,53.66
138,20260121,510,296,273,1,1,20.51,93.01,17.09
138,20260122,510,255,146,5,0,93.9,60.86,78.25
138,20260123,510,305,229,6,1,90.82,71.6,75.68
138,20260126,510,455,319,6,4,74.97,80.97,62.48
138,20260127,510,335,323,0,0,0.0,100.0,0.0
138,20260128,510,310,262,6,3,110.37,70.36,91.98
138,20260129,510,332,242,5,3,67.2,78.27,56.0
138,20260130,510,422,332,7,3,117.83,73.81,98.19
138,20260202,510,275,141,7,5,111.3,55.89,92.75
138,20260203,510,450,405,4,2,66.52,85.89,55.43
138,20260204,510,315,255,4,1,70.24,78.4,58.53
138,20260205,510,375,268,7,6,110.95,70.72,92.46
138,20260206,510,279,163,3,1,40.3,80.18,33.58
138,20260209,510,449,390,5,2,87.77,81.63,73.14
138,20260210,510,381,329,2,1,23.590000000000003,93.31,19.66
138,20260211,510,284,206,3,1,39.89,83.78,33.24
138,20260212,510,364,282,2,0,26.040000000000003,91.55,21.7
138,20260213,510,379,327,7,3,122.28,72.78,100.0
138,20260216,510,395,328,5,2,74.83,81.42,62.36
138,20260217,510,310,286,1,0,15.84,94.75,13.2
138,20260218,510,377,279,4,1,51.03,84.54,42.52
138,20260219,510,258,188,2,0,33.93,84.71,28.28
138,20260220,510,325,274,2,1,42.04,86.7,35.03
138,20260223,510,270,212,4,1,48.17,81.49,40.14
138,20260224,510,405,315,7,2,109.27,74.25,91.06
138,20260225,510,313,279,2,1,45.650000000000006,85.94,38.04
138,20260226,510,355,237,7,2,102.8,69.75,85.67
138,20260227,510,325,284,3,0,62.55,81.95,52.12
138,20260302,510,290,185,4,2,60.74,75.28,50.62
138,20260303,510,405,333,7,3,102.57,76.45,85.48
138,20260304,510,350,265,7,3,125.34,67.89,100.0
138,20260305,510,390,342,3,2,48.120000000000005,87.67,40.1
138,20260306,510,187,166,2,0,42.33,79.68,35.28
138,20260309,510,357,222,5,2,97.76,69.43,81.47
138,20260310,510,372,299,2,0,37.290000000000006,88.91,31.08
138,20260311,510,235,217,5,4,68.71,75.95,57.26
138,20260312,510,455,412,5,3,79.77,83.78,66.47
138,20260313,510,485,387,7,1,120.95,76.19,100.0
138,20260316,510,395,381,6,1,108.64,77.81,90.53
138,20260317,510,450,413,6,1,107.49000000000001,79.35,89.58
138,20260318,510,326,326,3,3,47.13,87.37,39.28
138,20260319,510,385,320,6,4,90.16,78.02,75.13
138,20260320,510,315,248,4,2,75.17,76.74,62.64
138,20260323,510,249,214,2,1,20.1,91.41,16.75
138,20260324,510,245,224,0,0,0.0,100.0,0.0
138,20260325,510,395,330,8,1,150.08,68.74,100.0
138,20260326,510,460,390,4,3,66.33,85.46,55.28
138,20260327,510,355,293,6,3,88.59,76.78,73.82
138,20260330,510,305,231,4,2,69.46000000000001,76.88,57.88
138,20260331,510,395,374,2,0,29.02,92.8,24.18
139,20260101,510,380,349,5,2,86.33,80.17,71.94
139,20260102,510,275,201,3,0,40.0,83.4,33.33
139,20260105,510,390,303,6,2,87.85,77.52,73.21
139,20260106,510,265,237,3,3,43.74,84.42,36.45
139,20260107,510,315,248,5,2,83.35000000000001,74.85,69.46
139,20260108,510,405,332,5,3,90.19,78.64,75.16
139,20260109,510,340,308,6,2,109.53999999999999,73.77,91.28
139,20260112,510,355,323,5,2,75.05,81.15,62.54
139,20260113,510,425,391,7,1,88.87,81.48,74.06
139,20260114,510,295,257,5,3,62.86,80.35,52.38
139,20260115,510,305,205,3,0,46.18,81.61,38.48
139,20260116,510,320,308,6,4,99.88,75.51,83.23
139,20260119,510,396,337,5,2,90.78,78.78,75.65
139,20260120,510,308,280,1,0,10.89,96.26,9.08
139,20260121,510,425,297,7,4,121.94999999999999,70.89,100.0
139,20260122,510,265,229,4,1,55.080000000000005,80.61,45.9
139,20260123,510,343,286,3,0,53.730000000000004,84.18,44.78
139,20260126,510,350,326,4,2,35.59,90.16,29.66
139,20260127,510,360,327,6,3,109.19,74.97,90.99
139,20260128,510,324,276,5,1,83.93,76.68,69.94
139,20260129,510,320,268,2,0,31.049999999999997,89.62,25.87
139,20260130,510,389,314,4,1,44.120000000000005,87.68,36.77
139,20260202,510,195,156,5,3,75.08,67.51,62.57
139,20260203,510,260,244,4,3,70.97,77.47,59.14
139,20260204,510,252,216,3,0,39.51,84.54,32.92
139,20260205,510,412,347,7,4,104.19,76.91,86.82
139,20260206,510,365,342,3,2,45.839999999999996,88.18,38.2
139,20260209,510,435,365,5,2,94.99000000000001,79.35,79.16
139,20260210,510,378,366,5,2,90.09,80.25,75.08
139,20260211,510,440,325,5,0,96.0,77.2,80.0
139,20260212,510,284,229,5,0,77.15,74.8,64.29
139,20260213,510,295,295,1,0,5.07,98.31,4.23
139,20260216,510,340,272,5,2,76.45,78.06,63.71
139,20260217,510,345,291,3,1,53.24,84.53,44.37
139,20260218,510,295,283,3,1,46.29,85.94,38.57
139,20260219,510,440,396,6,4,91.63,81.21,76.36
139,20260220,510,391,330,6,2,124.28,72.64,100.0
139,20260223,510,332,248,8,1,131.21,65.4,100.0
139,20260224,510,295,238,6,2,113.78999999999999,67.65,94.82
139,20260225,510,410,338,5,2,73.22,82.19,61.02
139,20260226,510,420,385,5,2,86.0,81.74,71.67
139,20260227,510,315,263,5,4,79.37,76.82,66.14
139,20260302,510,330,285,2,0,28.57,90.89,23.81
139,20260303,510,390,369,3,2,46.91,88.72,39.09
139,20260304,510,375,284,4,0,54.67,83.86,45.56
139,20260305,510,285,238,2,2,28.139999999999997,89.43,23.45
139,20260306,510,379,284,5,3,69.92,80.24,58.27
139,20260309,510,375,360,2,1,36.83,90.72,30.69
139,20260310,510,325,289,2,0,33.09,89.73,27.58
139,20260311,510,376,274,6,3,97.25,73.8,81.04
139,20260312,510,305,199,6,1,108.37,64.74,90.31
139,20260313,510,363,223,7,1,104.85,68.02,87.37
139,20260316,510,290,278,1,0,14.02,95.2,11.68
139,20260317,510,226,115,3,2,60.82,65.41,50.68
139,20260318,510,330,283,5,1,86.67,76.55,72.23
139,20260319,510,334,261,5,1,88.53,74.67,73.78
139,20260320,510,440,322,0,0,0.0,100.0,0.0
139,20260323,510,325,313,1,1,10.46,96.77,8.72
139,20260324,510,310,245,6,2,90.65,72.99,75.54
139,20260325,510,285,254,2,2,30.849999999999998,89.17,25.71
139,20260326,510,336,217,4,2,68.5,76.01,57.08
139,20260327,510,420,310,8,3,125.91,71.12,100.0
139,20260330,510,278,230,7,2,102.56,69.16,85.47
139,20260331,510,260,201,3,2,44.08,82.01,36.73
140,20260101,510,393,291,7,2,118.58,71.05,98.82
140,20260102,510,330,294,5,1,64.79,81.94,53.99
140,20260105,510,395,316,5,4,86.32000000000001,78.54,71.93
140,20260106,510,318,194,7,3,124.49000000000001,60.91,100.0
140,20260107,510,323,265,8,6,121.0,68.65,100.0
140,20260108,510,395,383,5,1,97.17999999999999,79.76,80.98
140,20260109,510,320,298,3,1,57.41,83.85,47.84
140,20260112,510,330,222,5,4,73.8,75.05,61.5
140,20260113,510,305,249,3,0,45.57,84.53,37.97
140,20260114,510,390,325,7,4,103.39,75.87,86.16
140,20260115,510,415,369,4,0,72.8,83.52,60.67
140,20260116,510,350,243,3,1,52.12,82.34,43.43
140,20260119,510,322,289,4,2,60.01,82.81,50.01
140,20260120,510,260,214,5,3,95.47,69.15,79.56
140,20260121,510,299,229,5,2,92.07,71.32,76.72
140,20260122,510,425,365,6,1,120.95,75.11,100.0
140,20260123,510,370,289,4,3,53.34,84.42,44.45
140,20260126,510,285,269,3,1,34.36,88.67,28.63
140,20260127,510,335,234,9,1,168.28,58.17,100.0
140,20260128,510,419,285,7,2,137.15,67.51,100.0
140,20260129,510,165,153,2,1,35.23,81.28,29.36
140,20260130,510,454,427,5,3,78.13,84.53,65.11
140,20260202,510,335,227,4,1,87.7,72.13,73.08
140,20260203,510,365,251,3,1,62.22,80.14,51.85
140,20260204,510,405,351,6,2,92.36,79.17,76.97
140,20260205,510,380,336,3,2,39.41,89.5,32.84
140,20260206,510,450,398,6,4,107.95,78.66,89.96
140,20260209,510,400,287,6,1,119.0,70.69,99.17
140,20260210,510,420,362,4,2,71.24,83.56,59.37
140,20260211,510,330,223,4,3,53.36,80.69,44.47
140,20260212,510,295,236,5,2,73.43,76.27,61.19
140,20260213,510,335,266,3,3,43.38,85.98,36.15
140,20260216,510,338,303,4,1,70.1,81.21,58.42
140,20260217,510,293,238,4,2,68.24,77.72,56.87
140,20260218,510,450,410,4,1,56.760000000000005,87.84,47.3
140,20260219,510,299,237,2,0,41.42,85.12,34.52
140,20260220,510,355,293,7,1,124.9,70.11,100.0
140,20260223,510,215,180,3,1,50.0,78.26,41.67
140,20260224,510,292,198,5,3,83.75,70.28,69.79
140,20260225,510,375,342,5,3,59.41,85.2,49.51
140,20260226,510,300,236,4,0,69.65,77.21,58.04
140,20260227,510,280,209,2,2,35.38,85.52,29.48
140,20260302,510,240,213,4,3,63.33,77.08,52.77
140,20260303,510,261,147,5,2,75.1,66.19,62.58
140,20260304,510,304,265,3,1,46.54,85.06,38.78
140,20260305,510,397,352,7,2,110.5,76.11,92.08
140,20260306,510,365,241,7,3,97.93,71.11,81.61
140,20260309,510,253,177,1,1,15.87,91.77,13.23
140,20260310,510,375,363,4,0,60.41,85.73,50.34
140,20260311,510,401,330,4,0,52.730000000000004,86.22,43.94
140,20260312,510,346,289,3,3,52.69,84.58,43.91
140,20260313,510,245,181,4,3,60.22,75.04,50.18
140,20260316,510,380,356,5,4,73.68,82.85,61.4
140,20260317,510,435,369,5,4,70.5,83.96,58.75
140,20260318,510,410,382,3,1,44.52,89.56,37.1
140,20260319,510,312,300,0,0,0.0,100.0,0.0
140,20260320,510,208,156,2,0,36.09,81.21,30.08
140,20260323,510,455,330,9,2,151.83,68.49,100.0
140,20260324,510,265,147,3,2,40.35,78.46,33.62
140,20260325,510,295,215,4,1,72.97,74.66,60.81
140,20260326,510,390,350,4,4,65.72,84.19,54.77
140,20260327,510,295,215,5,3,84.89,71.69,70.74
140,20260330,510,335,294,4,0,62.519999999999996,82.46,52.1
140,20260331,510,360,315,5,3,93.78,77.06,78.15
141,20260101,510,365,277,6,2,106.66,72.2,88.88
141,20260102,510,300,269,5,2,81.24,76.8,67.7
141,20260105,510,285,197,2,1,44.019999999999996,81.74,36.68
141,20260106,510,343,319,5,0,78.73,80.21,65.61
141,20260107,510,365,285,2,0,17.2,94.31,14.33
141,20260108,510,390,335,6,2,90.96,78.65,75.8
141,20260109,510,395,366,6,3,108.86,77.08,90.72
141,20260112,510,310,310,3,0,50.959999999999994,85.88,42.47
141,20260113,510,310,288,1,0,14.12,95.33,11.77
141,20260114,510,315,280,4,1,71.59,79.64,59.66
141,20260115,510,405,368,6,3,94.53999999999999,79.56,78.78
141,20260116,510,320,289,5,4,75.63,79.26,63.02
141,20260119,510,330,272,3,1,53.93,83.45,44.94
141,20260120,510,455,415,6,1,103.31,80.07,86.09
141,20260121,510,245,159,4,1,60.24,72.52,50.2
141,20260122,510,287,262,3,0,63.67,80.45,53.06
141,20260123,510,330,272,4,1,67.28999999999999,80.17,56.08
141,20260126,510,270,224,3,3,49.599999999999994,81.87,41.33
141,20260127,510,460,437,4,2,71.35,85.96,59.46
141,20260128,510,200,121,3,3,46.97,72.04,39.14
141,20260129,510,436,360,8,3,110.44999999999999,76.52,92.04
141,20260130,510,395,358,4,1,68.93,83.85,57.44
141,20260202,510,275,222,4,0,65.39,77.25,54.49
141,20260203,510,205,169,3,2,46.03,78.59,38.36
141,20260204,510,245,197,6,1,62.56,75.9,52.13
141,20260205,510,350,254,3,0,58.510000000000005,81.28,48.76
141,20260206,510,150,43,2,1,30.240000000000002,58.71,25.2
141,20260209,510,343,287,3,1,32.209999999999994,89.91,26.84
141,20260210,510,305,204,5,2,68.36,74.9,56.97
141,20260211,510,370,294,7,3,146.21,66.79,100.0
141,20260212,510,310,270,5,2,85.42,75.97,71.18
141,20260213,510,346,290,4,1,82.34,77.89,68.62
141,20260216,510,283,207,6,1,117.37,63.82,97.81
141,20260217,510,183,133,6,3,85.3,60.93,71.08
141,20260218,510,325,208,7,2,125.46000000000001,62.38,100.0
141,20260219,510,355,283,7,3,128.41,68.79,100.0
141,20260220,510,260,182,3,1,58.19,75.77,48.49
141,20260223,510,375,375,2,0,30.560000000000002,92.46,25.47
141,20260224,510,235,178,3,3,41.07,81.25,34.22
141,20260225,510,430,376,2,1,25.82,93.57,21.52
141,20260226,510,334,253,4,3,73.92,77.39,61.6
141,20260227,510,255,106,4,0,69.82,60.29,58.18
141,20260302,510,310,259,4,1,55.81,82.27,46.51
141,20260303,510,350,262,4,1,66.81,79.68,55.68
141,20260304,510,280,188,6,2,113.82,62.29,94.85
141,20260305,510,400,348,3,2,54.94,86.37,45.78
141,20260306,510,357,257,4,1,63.57000000000001,80.17,52.98
141,20260309,510,385,286,10,4,149.02,65.74,100.0
141,20260310,510,234,234,5,0,74.37,75.88,61.98
141,20260311,510,275,232,6,1,92.24000000000001,71.55,76.87
141,20260312,510,360,312,3,3,48.06,86.65,40.05
141,20260313,510,405,346,5,3,87.49000000000001,79.82,72.91
141,20260316,510,365,315,5,4,82.37,79.27,68.64
141,20260317,510,365,199,5,4,85.6,69.92,71.33
141,20260318,510,305,274,4,1,73.67,78.81,61.39
141,20260319,510,435,336,4,2,70.61,82.63,58.84
141,20260320,510,276,251,2,0,32.53,88.53,27.11
141,20260323,510,424,338,7,3,149.41,69.35,100.0
141,20260324,510,285,220,6,2,80.97,73.1,67.47
141,20260325,510,255,211,3,1,36.62,85.21,30.52
141,20260326,510,330,221,1,0,18.89,92.13,15.74
141,20260327,510,385,315,3,2,43.63,87.83,36.36
141,20260330,510,357,333,4,1,85.26,79.62,71.05
141,20260331,510,240,205,2,1,37.09,84.68,30.91
142,20260101,510,340,282,3,2,44.66,86.33,37.22
142,20260102,510,360,307,5,2,77.07,79.93,64.22
142,20260105,510,335,286,3,0,46.31,86.06,38.59
142,20260106,510,392,297,8,3,131.3,69.34,100.0
142,20260107,510,450,417,3,1,55.07,88.33,45.89
142,20260108,510,400,323,8,3,106.03,75.29,88.36
142,20260109,510,450,399,3,2,50.16,88.83,41.8
142,20260112,510,304,292,3,1,50.07,85.36,41.72
142,20260113,510,295,268,5,3,74.45,78.26,62.04
142,20260114,510,420,386,7,3,130.91,74.67,100.0
142,20260115,510,330,315,5,3,70.75999999999999,81.66,58.97
142,20260116,510,268,238,2,2,38.39,86.11,31.99
142,20260119,510,275,204,5,2,64.72,75.92,53.93
142,20260120,510,345,254,7,4,119.22999999999999,68.05,99.36
142,20260121,510,440,404,9,3,181.2,69.04,100.0
142,20260122,510,365,304,4,0,90.14,77.13,75.12
142,20260123,510,285,188,8,4,132.82,58.6,100.0
142,20260126,510,361,283,4,2,65.38,81.23,54.48
142,20260127,510,350,300,7,5,83.83,78.16,69.86
142,20260128,510,385,289,6,3,90.53,76.15,75.44
142,20260129,510,271,156,5,2,84.78999999999999,64.79,70.66
142,20260130,510,327,327,4,1,73.39,81.67,61.16
142,20260202,510,370,330,3,2,45.45,87.89,37.88
142,20260203,510,325,284,3,2,37.010000000000005,88.47,30.84
142,20260204,510,260,225,3,2,46.59,82.85,38.83
142,20260205,510,375,328,8,4,123.96000000000001,72.57,100.0
142,20260206,510,310,239,6,1,83.69999999999999,74.06,69.75
142,20260209,510,320,268,6,0,90.75,74.7,75.62
142,20260210,510,265,238,0,0,0.0,100.0,0.0
142,20260211,510,340,279,5,2,77.84,78.19,64.87
142,20260212,510,420,350,7,1,121.03,74.31,100.0
142,20260213,510,355,265,7,3,117.53999999999999,69.27,97.95
142,20260216,510,340,267,6,1,109.88,70.84,91.57
142,20260217,510,410,321,8,2,127.83,71.52,100.0
142,20260218,510,454,391,5,2,75.53999999999999,83.81,62.95
142,20260219,510,390,358,6,4,89.47,80.01,74.56
142,20260220,510,400,320,6,2,95.98,76.93,79.98
142,20260223,510,325,279,3,3,45.6,85.95,38.0
142,20260224,510,314,240,3,1,44.92,84.23,37.43
142,20260225,510,318,282,1,1,10.51,96.41,8.76
142,20260226,510,323,248,4,4,64.38,79.39,53.65
142,20260227,510,161,109,4,1,85.91,55.92,71.59
142,20260302,510,455,373,8,2,138.03,72.99,100.0
142,20260303,510,360,310,5,1,86.19999999999999,78.24,71.83
142,20260304,510,385,332,7,3,125.0,72.65,100.0
142,20260305,510,385,348,6,1,95.08,78.54,79.23
142,20260306,510,395,324,5,3,77.46,80.71,64.55
142,20260309,510,245,245,2,2,32.26,88.36,26.88
142,20260310,510,385,334,7,1,86.46000000000001,79.44,72.05
142,20260311,510,350,303,2,1,33.78,89.97,28.15
142,20260312,510,420,284,4,2,67.13,80.88,55.94
142,20260313,510,310,235,4,0,72.49000000000001,76.43,60.41
142,20260316,510,290,239,4,0,77.25,75.57,64.38
142,20260317,510,390,349,4,0,63.08,84.69,52.57
142,20260318,510,295,255,6,3,107.09,70.42,89.24
142,20260319,510,325,238,5,1,73.43,76.42,61.19
142,20260320,510,425,312,7,1,109.86,73.96,91.55
142,20260323,510,319,221,4,2,52.3,80.86,43.58
142,20260324,510,318,244,5,2,86.44,73.84,72.03
142,20260325,510,365,253,5,2,87.63,74.27,73.02
142,20260326,510,265,200,5,3,76.26,72.4,63.55
142,20260327,510,495,458,5,2,73.66,86.15,61.38
142,20260330,510,375,355,2,0,41.459999999999994,89.54,34.55
142,20260331,510,344,288,6,3,79.66,78.33,66.38
143,20260101,510,347,308,5,2,70.96000000000001,81.28,59.13
143,20260102,510,455,440,4,1,62.769999999999996,87.52,52.31
143,20260105,510,315,188,8,3,129.82,59.15,100.0
143,20260106,510,400,400,2,2,28.92,93.26,24.1
143,20260107,510,315,250,5,2,80.74,75.59,67.28
143,20260108,510,348,298,4,3,61.73,82.84,51.44
143,20260109,510,285,235,2,1,32.629999999999995,87.81,27.19
143,20260112,510,375,297,3,0,55.53,84.25,46.28
143,20260113,510,330,278,4,3,60.480000000000004,82.13,50.4
143,20260114,510,282,231,4,2,55.55,80.61,46.29
143,20260115,510,380,300,2,1,34.61,89.66,28.84
143,20260116,510,275,194,4,3,60.09,76.35,50.08
143,20260119,510,285,243,4,2,66.97,78.39,55.81
143,20260120,510,243,143,6,1,101.92,58.39,84.93
143,20260121,510,340,311,5,1,72.24,81.15,60.2
143,20260122,510,365,321,4,3,71.13,81.86,59.28
143,20260123,510,260,206,2,0,26.86,88.47,22.38
143,20260126,510,390,304,4,0,62.82,82.87,52.35
143,20260127,510,270,152,4,1,75.23,66.89,62.69
143,20260128,510,435,423,4,2,52.6,88.94,43.83
143,20260129,510,330,307,6,2,81.49,79.02,67.91
143,20260130,510,226,138,5,1,66.95,67.33,55.79
143,20260202,510,270,249,4,2,61.04,80.31,50.87
143,20260203,510,406,313,3,2,39.71,88.74,33.09
143,20260204,510,346,286,1,1,12.52,95.81,10.43
143,20260205,510,405,357,5,1,72.66,83.09,60.55
143,20260206,510,420,331,6,2,79.71000000000001,80.59,66.43
143,20260209,510,316,197,5,1,94.07,67.68,78.39
143,20260210,510,390,308,7,4,116.11,72.62,96.76
143,20260211,510,365,244,3,1,56.39,81.23,46.99
143,20260212,510,308,230,4,0,58.21,79.8,48.51
143,20260213,510,237,207,4,1,64.56,76.23,53.8
143,20260216,510,268,241,5,3,95.66,71.59,79.72
143,20260217,510,310,242,2,2,29.689999999999998,89.07,24.74
143,20260218,510,181,105,4,1,80.28,56.67,66.9
143,20260219,510,345,298,0,0,0.0,100.0,0.0
143,20260220,510,270,174,5,1,82.55,67.82,68.79
143,20260223,510,235,208,3,2,43.53,82.69,36.28
143,20260224,510,300,261,7,2,101.18,72.06,84.32
143,20260225,510,270,226,3,1,41.5,84.49,34.58
143,20260226,510,348,265,6,3,84.85,75.75,70.71
143,20260227,510,373,253,3,1,54.38,82.31,45.32
143,20260302,510,435,365,5,2,90.61,80.11,75.51
143,20260303,510,205,163,3,1,41.22,79.82,34.35
143,20260304,510,373,344,6,2,101.36,77.24,84.47
143,20260305,510,361,318,7,3,122.52000000000001,72.19,100.0
143,20260306,510,155,60,2,0,33.36,64.27,27.8
143,20260309,510,373,281,6,2,100.78,73.6,83.98
143,20260310,510,434,386,6,1,107.19,78.27,89.32
143,20260311,510,355,273,3,1,58.97,82.24,49.14
143,20260312,510,365,280,5,3,92.12,75.24,76.77
143,20260313,510,380,327,4,3,60.96,84.29,50.8
143,20260316,510,350,350,4,1,76.89,81.99,64.08
143,20260317,510,291,186,5,0,90.27,67.33,75.22
143,20260318,510,315,209,3,0,40.72,83.69,33.93
143,20260319,510,382,358,2,0,23.27,93.9,19.39
143,20260320,510,455,391,5,0,78.28999999999999,83.32,65.24
143,20260323,510,312,218,5,1,57.41,79.15,47.84
143,20260324,510,435,342,6,3,84.52000000000001,80.18,70.43
143,20260325,510,445,428,5,1,90.34,82.57,75.28
143,20260326,510,450,378,5,1,78.94,82.72,65.78
143,20260327,510,380,287,5,2,71.58,80.04,59.65
143,20260330,510,395,305,5,1,74.29,80.41,61.91
143,20260331,510,292,205,3,2,34.68,85.53,28.9
144,20260101,510,425,366,3,1,49.66,88.05,41.38
144,20260102,510,355,296,4,0,71.67,80.51,59.73
144,20260105,510,345,298,3,2,40.95,87.92,34.12
144,20260106,510,310,277,3,1,60.94,81.97,50.78
144,20260107,510,325,234,5,3,81.14,74.25,67.62
144,20260108,510,325,299,6,3,106.64999999999999,73.71,88.88
144,20260109,510,223,187,3,2,50.51,78.73,42.09
144,20260112,510,255,197,4,3,66.17,74.86,55.14
144,20260113,510,193,105,3,1,68.75,60.43,57.29
144,20260114,510,385,276,5,2,92.53999999999999,74.89,77.12
144,20260115,510,380,316,3,1,41.019999999999996,88.51,34.18
144,20260116,510,370,310,2,1,21.78,93.44,18.15
144,20260119,510,357,266,5,3,69.09,79.38,57.58
144,20260120,510,410,377,5,0,78.02,82.85,65.02
144,20260121,510,228,133,5,2,70.42,65.38,58.68
144,20260122,510,282,216,5,1,70.47,75.4,58.72
144,20260123,510,395,328,1,0,16.3,95.27,13.58
144,20260126,510,368,234,3,2,42.84,84.53,35.7
144,20260127,510,266,232,3,1,47.400000000000006,83.04,39.5
144,20260128,510,385,314,8,4,141.18,68.98,100.0
144,20260129,510,325,296,0,0,0.0,100.0,0.0
144,20260130,510,335,335,6,2,92.12,78.43,76.77
144,20260202,510,315,277,7,5,77.63,78.11,64.69
144,20260203,510,227,198,1,0,24.94,88.81,20.78
144,20260204,510,218,172,1,1,19.59,89.78,16.32
144,20260205,510,355,308,8,6,142.69,68.34,100.0
144,20260206,510,361,250,4,2,62.04,80.12,51.7
144,20260209,510,333,256,6,3,91.39999999999999,73.69,76.17
144,20260210,510,305,218,8,3,129.41,62.75,100.0
144,20260211,510,352,340,3,2,43.24,88.72,36.03
144,20260212,510,385,370,4,2,51.949999999999996,87.69,43.29
144,20260213,510,355,355,4,1,96.5,78.63,80.42
144,20260216,510,395,342,3,3,39.33,89.69,32.78
144,20260217,510,325,297,2,1,28.22,91.32,23.52
144,20260218,510,270,171,4,0,60.150000000000006,73.98,50.13
144,20260219,510,342,273,7,2,116.49000000000001,70.09,97.08
144,20260220,510,385,316,7,3,106.8,74.74,89.0
144,20260223,510,330,265,7,5,114.58,69.81,95.48
144,20260224,510,390,271,5,2,77.27000000000001,77.81,64.39
144,20260225,510,335,277,5,1,76.1,78.45,63.42
144,20260226,510,326,254,4,1,68.66,78.72,57.22
144,20260227,510,347,275,5,4,86.19,76.14,71.82
144,20260302,510,200,145,4,0,70.69,67.23,58.91
144,20260303,510,355,324,2,1,25.310000000000002,92.75,21.09
144,20260304,510,360,285,4,0,81.5,77.76,67.92
144,20260305,510,375,292,5,1,101.14,74.27,84.28
144,20260306,510,297,249,4,1,59.33,80.76,49.44
144,20260309,510,390,372,5,3,81.81,81.97,68.18
144,20260310,510,320,258,6,3,91.96,73.72,76.63
144,20260311,510,425,329,3,3,47.03,87.49,39.19
144,20260312,510,399,289,7,2,115.06,71.52,95.88
144,20260313,510,380,318,7,3,120.75,72.48,100.0
144,20260316,510,425,328,8,1,129.18,71.74,100.0
144,20260317,510,375,332,3,2,52.57,86.33,43.81
144,20260318,510,340,265,5,1,88.58,74.95,73.82
144,20260319,510,395,328,3,2,32.07,91.09,26.72
144,20260320,510,274,240,3,3,50.04,82.75,41.7
144,20260323,510,108,96,3,2,35.94,72.76,29.95
144,20260324,510,360,253,4,1,51.769999999999996,83.01,43.14
144,20260325,510,325,242,2,0,24.56,90.79,20.47
144,20260326,510,303,222,5,1,90.56,71.03,75.47
144,20260327,510,265,215,4,2,62.3,77.53,51.92
144,20260330,510,365,294,4,2,61.730000000000004,82.65,51.44
144,20260331,510,365,272,4,3,47.41,85.16,39.51
145,20260101,510,350,249,6,2,106.38,70.07,88.65
145,20260102,510,282,262,1,1,11.66,95.74,9.72
145,20260105,510,394,351,7,2,105.75,76.85,88.12
145,20260106,510,328,218,8,2,118.72,64.74,98.93
145,20260107,510,352,193,5,1,69.87,73.42,58.22
145,20260108,510,446,315,7,1,112.69,73.65,93.91
145,20260109,510,325,181,6,4,84.94,68.06,70.78
145,20260112,510,435,423,4,2,61.45,87.32,51.21
145,20260113,510,190,187,3,1,54.58,77.41,45.48
145,20260114,510,385,286,6,1,89.69,76.13,74.74
145,20260115,510,375,275,4,1,77.42,78.03,64.52
145,20260116,510,395,254,6,0,96.84,72.4,80.7
145,20260119,510,290,169,2,1,28.450000000000003,85.59,23.71
145,20260120,510,325,257,7,2,106.35,70.73,88.62
145,20260121,510,416,360,5,2,61.92,85.32,51.6
145,20260122,510,370,330,5,3,74.55,81.57,62.12
145,20260123,510,260,154,2,1,31.83,82.87,26.52
145,20260126,510,207,173,4,2,57.5,75.05,47.92
145,20260127,510,280,218,4,2,58.379999999999995,78.88,48.65
145,20260128,510,368,342,3,1,41.16,89.26,34.3
145,20260129,510,291,165,5,2,77.26,68.11,64.38
145,20260130,510,260,214,5,1,84.75,71.63,70.62
145,20260202,510,315,211,6,2,125.55,62.69,100.0
145,20260203,510,261,180,4,1,51.04,77.91,42.53
145,20260204,510,320,284,2,0,42.980000000000004,86.86,35.82
145,20260205,510,415,322,5,3,68.22,82.52,56.85
145,20260206,510,455,372,6,2,80.71,82.17,67.26
145,20260209,510,395,379,3,1,41.019999999999996,90.23,34.18
145,20260210,510,375,298,6,3,85.4,77.73,71.17
145,20260211,510,300,225,4,2,62.2,78.34,51.83
145,20260212,510,386,281,7,4,128.29,68.66,100.0
145,20260213,510,310,276,0,0,0.0,100.0,0.0
145,20260216,510,386,362,4,1,58.3,86.13,48.58
145,20260217,510,342,255,7,1,96.81,72.48,80.68
145,20260218,510,424,262,5,3,101.05,72.17,84.21
145,20260219,510,385,321,4,1,48.2,86.94,40.17
145,20260220,510,375,294,6,5,89.6,76.64,74.67
145,20260223,510,400,319,5,2,80.66,79.82,67.22
145,20260224,510,340,266,3,0,43.94,85.82,36.62
145,20260225,510,340,244,5,3,82.28,74.78,68.57
145,20260226,510,355,271,6,1,100.24,73.0,83.53
145,20260227,510,380,252,7,3,134.84,65.14,100.0
145,20260302,510,365,312,7,3,101.21,75.51,84.34
145,20260303,510,329,299,4,2,63.58,82.46,52.98
145,20260304,510,297,176,5,2,60.720000000000006,74.35,50.6
145,20260305,510,365,335,3,2,42.17,88.82,35.14
145,20260306,510,360,257,8,5,140.34,64.68,100.0
145,20260309,510,225,131,4,0,76.03999999999999,63.27,63.37
145,20260310,510,335,277,3,3,53.38,83.84,44.48
145,20260311,510,455,443,7,3,113.27000000000001,79.64,94.39
145,20260312,510,325,295,3,2,49.09,85.73,40.91
145,20260313,510,275,192,3,1,35.54,84.38,29.62
145,20260316,510,413,313,5,1,83.17,79.01,69.31
145,20260317,510,450,429,5,1,96.50999999999999,81.63,80.42
145,20260318,510,390,214,5,4,89.4,70.53,74.5
145,20260319,510,410,334,3,2,45.66,87.97,38.05
145,20260320,510,360,302,4,3,68.27,81.56,56.89
145,20260323,510,381,287,7,1,129.97,68.83,100.0
145,20260324,510,394,379,1,1,16.36,95.86,13.63
145,20260325,510,335,224,7,3,96.57,69.88,80.47
145,20260326,510,270,196,4,2,70.41,73.57,58.68
145,20260327,510,305,199,5,2,90.73,68.68,75.61
145,20260330,510,405,362,5,1,76.49,82.56,63.74
145,20260331,510,335,247,1,1,12.71,95.11,10.59
146,20260101,510,338,338,5,2,84.36,80.03,70.3
146,20260102,510,410,311,4,1,59.55,83.93,49.62
146,20260105,510,435,367,4,0,72.72,83.46,60.6
146,20260106,510,256,227,4,1,71.65,76.01,59.71
146,20260107,510,395,363,4,1,58.25,86.17,48.54
146,20260108,510,385,373,4,1,105.43,77.96,87.86
146,20260109,510,360,306,4,1,94.24000000000001,76.45,78.53
146,20260112,510,411,328,11,3,166.1,66.38,100.0
146,20260113,510,365,261,7,2,131.55,66.49,100.0
146,20260114,510,390,337,5,1,80.44,80.73,67.03
146,20260115,510,360,281,4,0,72.15,79.57,60.13
146,20260116,510,380,366,5,3,72.49000000000001,83.47,60.41
146,20260119,510,335,266,4,3,68.21000000000001,79.59,56.84
146,20260120,510,320,217,3,2,56.41,79.37,47.01
146,20260121,510,425,374,5,1,79.55,82.46,66.29
146,20260122,510,365,309,5,3,72.56,80.98,60.47
146,20260123,510,390,323,5,2,67.24,82.77,56.03
146,20260126,510,395,336,8,3,152.19,68.83,100.0
146,20260127,510,375,294,5,1,92.66,76.04,77.22
146,20260128,510,245,186,3,2,44.05,80.85,36.71
146,20260129,510,335,318,2,1,23.85,93.02,19.88
146,20260130,510,425,402,2,1,29.96,93.06,24.97
146,20260202,510,290,213,6,3,86.83,71.04,72.36
146,20260203,510,425,347,2,1,36.8,90.41,30.67
146,20260204,510,340,280,6,1,99.47,73.79,82.89
146,20260205,510,290,227,5,1,55.18,80.45,45.98
146,20260206,510,275,179,7,4,119.28999999999999,60.01,99.41
146,20260209,510,334,291,3,3,49.21,85.54,41.01
146,20260210,510,425,312,5,1,78.83,79.83,65.69
146,20260211,510,320,229,8,6,112.14999999999999,67.13,93.46
146,20260212,510,395,349,4,1,66.14,84.07,55.12
146,20260213,510,465,357,8,5,117.1,75.3,97.58
146,20260216,510,250,163,3,2,47.35000000000001,77.49,39.46
146,20260217,510,322,215,4,2,70.2,75.39,58.5
146,20260218,510,295,283,3,0,58.72,82.82,48.93
146,20260219,510,336,283,2,0,39.99,87.62,33.32
146,20260220,510,367,348,6,3,80.82000000000001,81.15,67.35
146,20260223,510,290,268,2,0,40.870000000000005,86.77,34.06
146,20260224,510,323,301,5,1,64.5,82.35,53.75
146,20260225,510,345,275,3,2,44.44,86.09,37.03
146,20260226,510,410,366,3,1,47.260000000000005,88.56,39.38
146,20260227,510,290,208,2,0,36.39,85.11,30.33
146,20260302,510,350,286,5,2,78.98,78.36,65.82
146,20260303,510,160,106,4,0,71.62,59.68,59.68
146,20260304,510,291,179,5,2,94.16,65.53,78.47
146,20260305,510,350,300,5,4,75.58,79.88,62.98
146,20260306,510,390,288,7,2,134.6,68.15,100.0
146,20260309,510,365,286,5,2,81.05,77.92,67.54
146,20260310,510,360,348,6,3,85.8,80.22,71.5
146,20260311,510,319,275,2,1,34.07,88.98,28.39
146,20260312,510,235,184,4,4,61.22,75.03,51.02
146,20260313,510,190,174,4,3,53.07,76.63,44.22
146,20260316,510,464,425,4,0,66.19,86.52,55.16
146,20260317,510,350,287,5,3,77.59,78.72,64.66
146,20260318,510,330,266,3,2,49.19,84.39,40.99
146,20260319,510,330,253,4,2,70.56,78.19,58.8
146,20260320,510,360,289,5,1,84.37,77.4,70.31
146,20260323,510,315,231,4,2,69.05,76.99,57.54
146,20260324,510,450,336,8,3,119.32,73.79,99.43
146,20260325,510,290,249,4,3,61.7,80.14,51.42
146,20260326,510,300,227,5,1,90.17,71.57,75.14
146,20260327,510,350,264,2,1,30.979999999999997,89.5,25.82
146,20260330,510,315,252,4,1,81.28999999999999,75.61,67.74
146,20260331,510,385,336,7,4,94.88,77.98,79.07
147,20260101,510,361,306,2,1,35.82,89.52,29.85
147,20260102,510,375,269,2,0,34.400000000000006,88.66,28.67
147,20260105,510,420,364,4,3,67.85,84.29,56.54
147,20260106,510,320,269,3,0,59.82,81.81,49.85
147,20260107,510,264,184,6,1,136.79,57.36,100.0
147,20260108,510,405,390,4,0,76.51,83.6,63.76
147,20260109,510,402,312,4,0,78.21000000000001,79.96,65.18
147,20260112,510,300,176,4,3,65.97,72.74,54.97
147,20260113,510,310,205,8,1,148.93,57.92,100.0
147,20260114,510,237,156,4,4,60.16,72.17,50.13
147,20260115,510,343,256,10,2,160.6,61.45,100.0
147,20260116,510,376,318,5,1,75.24,80.87,62.7
147,20260119,510,339,234,3,1,52.620000000000005,81.64,43.85
147,20260120,510,345,319,2,1,28.1,91.9,23.42
147,20260121,510,265,253,2,2,26.689999999999998,90.46,22.24
147,20260122,510,260,167,3,3,44.57,78.93,37.14
147,20260123,510,230,143,4,1,55.4,72.08,46.17
147,20260126,510,373,320,2,0,27.0,92.22,22.5
147,20260127,510,220,137,4,2,51.82,72.56,43.18
147,20260128,510,295,269,5,4,73.58,78.52,61.32
147,20260129,510,378,303,3,2,47.56,86.43,39.63
147,20260130,510,315,267,5,4,96.16,73.52,80.13
147,20260202,510,295,261,3,1,56.980000000000004,82.08,47.48
147,20260203,510,350,237,6,3,92.75999999999999,71.87,77.3
147,20260204,510,315,234,5,3,86.96,72.91,72.47
147,20260205,510,365,320,8,4,148.53,68.3,100.0
147,20260206,510,350,299,7,4,110.97,72.93,92.48
147,20260209,510,360,269,7,1,111.61,70.68,93.01
147,20260210,510,370,335,5,2,90.95,78.65,75.79
147,20260211,510,338,316,3,0,50.03,86.33,41.69
147,20260212,510,290,232,6,5,90.59,71.92,75.49
147,20260213,510,332,287,7,5,103.78,73.44,86.48
147,20260216,510,348,262,5,2,80.5,76.5,67.08
147,20260217,510,315,252,5,0,86.46,74.45,72.05
147,20260218,510,245,200,3,2,58.620000000000005,77.33,48.85
147,20260219,510,320,259,3,2,61.69,80.76,51.41
147,20260220,510,395,303,7,4,121.13,71.44,100.0
147,20260223,510,465,382,5,3,79.3,82.81,66.08
147,20260224,510,255,181,2,2,23.77,88.39,19.81
147,20260225,510,385,303,4,1,76.09,79.93,63.41
147,20260226,510,345,329,3,2,50.38,86.72,41.98
147,20260227,510,405,316,3,0,62.769999999999996,83.43,52.31
147,20260302,510,250,209,3,2,54.790000000000006,79.23,45.66
147,20260303,510,270,216,3,1,44.17999999999999,83.02,36.82
147,20260304,510,409,303,6,4,74.37,80.29,61.98
147,20260305,510,365,230,4,1,71.89999999999999,76.18,59.92
147,20260306,510,355,276,5,3,74.44,78.76,62.03
147,20260309,510,322,266,2,1,34.25,88.59,28.54
147,20260310,510,228,176,3,1,47.68000000000001,78.68,39.73
147,20260311,510,426,393,7,4,128.1,75.42,100.0
147,20260312,510,353,318,3,1,51.370000000000005,86.09,42.81
147,20260313,510,323,269,4,1,69.14,79.55,57.62
147,20260316,510,265,222,4,1,48.349999999999994,82.12,40.29
147,20260317,510,403,350,5,3,71.46000000000001,83.04,59.55
147,20260318,510,300,188,7,4,122.09,60.63,100.0
147,20260319,510,470,455,5,4,88.43,83.73,73.69
147,20260320,510,316,239,3,0,45.91,83.89,38.26
147,20260323,510,220,141,6,0,77.1,64.65,64.25
147,20260324,510,390,375,3,0,55.57,87.09,46.31
147,20260325,510,312,186,5,2,85.98,68.39,71.65
147,20260326,510,350,275,7,5,107.67,71.86,89.72
147,20260327,510,425,363,6,3,103.65,77.79,86.38
147,20260330,510,345,207,3,2,49.1,80.83,40.92
147,20260331,510,339,271,3,1,51.72,83.97,43.1
148,20260101,510,355,343,4,2,85.38,80.07,71.15
148,20260102,510,345,261,4,2,78.09,76.97,65.08
148,20260105,510,285,265,2,1,30.1,89.8,25.08
148,20260106,510,440,348,6,2,88.97,79.64,74.14
148,20260107,510,270,258,4,1,58.120000000000005,81.61,48.43
148,20260108,510,340,251,5,1,112.2,69.11,93.5
148,20260109,510,395,294,5,1,95.33,75.51,79.44
148,20260112,510,365,293,7,2,84.45,77.63,70.38
148,20260113,510,255,221,3,1,61.980000000000004,78.1,51.65
148,20260114,510,347,287,4,2,48.58,85.52,40.48
148,20260115,510,455,428,7,2,103.57,80.52,86.31
148,20260116,510,295,262,3,1,56.64,82.22,47.2
148,20260119,510,405,385,4,3,59.91,86.53,49.92
148,20260120,510,280,198,5,3,79.69,71.3,66.41
148,20260121,510,317,272,7,1,102.72,72.59,85.6
148,20260122,510,350,304,5,2,73.31,80.57,61.09
148,20260123,510,430,361,4,2,71.28,83.51,59.4
148,20260126,510,315,243,5,3,88.75999999999999,73.25,73.97
148,20260127,510,401,377,3,1,35.27,91.44,29.39
148,20260128,510,375,333,3,1,37.339999999999996,89.92,31.12
148,20260129,510,409,373,2,1,19.86,94.94,16.55
148,20260130,510,410,309,6,2,106.33,74.4,88.61
148,20260202,510,362,312,3,2,57.8,84.37,48.17
148,20260203,510,438,338,6,3,99.4,77.27,82.83
148,20260204,510,420,319,5,3,75.48,80.87,62.9
148,20260205,510,145,125,1,1,15.58,88.92,12.98
148,20260206,510,295,278,5,2,92.87,74.96,77.39
148,20260209,510,240,173,6,4,96.65,64.16,80.54
148,20260210,510,329,272,3,1,40.08,87.16,33.4
148,20260211,510,335,249,6,4,93.21,72.76,77.68
148,20260212,510,390,340,2,1,21.37,94.09,17.81
148,20260213,510,358,252,5,2,82.37,75.37,68.64
148,20260216,510,380,347,6,1,112.9,75.45,94.08
148,20260217,510,330,252,5,3,86.63,74.42,72.19
148,20260218,510,365,288,5,1,98.42,74.53,82.02
148,20260219,510,420,344,5,1,55.94,86.01,46.62
148,20260220,510,375,321,7,2,114.58,73.69,95.48
148,20260223,510,332,272,6,3,110.97,71.02,92.48
148,20260224,510,196,143,2,2,30.32,82.51,25.27
148,20260225,510,248,176,4,4,60.38,74.46,50.32
148,20260226,510,315,267,3,2,51.96,83.71,43.3
148,20260227,510,225,179,4,1,73.02,71.03,60.85
148,20260302,510,366,323,3,2,63.05,83.67,52.54
148,20260303,510,370,370,3,2,52.07,87.66,43.39
148,20260304,510,265,229,4,3,66.7,77.44,55.58
148,20260305,510,350,252,5,1,97.17,72.17,80.97
148,20260306,510,260,182,3,0,60.03,75.2,50.02
148,20260309,510,365,266,5,2,74.76,78.06,62.3
148,20260310,510,280,236,7,3,119.93,66.31,99.94
148,20260311,510,395,247,9,1,138.9,64.01,100.0
148,20260312,510,370,336,4,2,68.36,83.09,56.97
148,20260313,510,240,197,1,0,20.29,90.66,16.91
148,20260316,510,195,175,1,0,15.42,91.9,12.85
148,20260317,510,345,311,3,0,45.96,87.12,38.3
148,20260318,510,405,350,3,1,46.39,88.3,38.66
148,20260319,510,350,314,4,2,60.45,83.86,50.38
148,20260320,510,249,179,2,1,30.18,85.57,25.15
148,20260323,510,410,369,6,4,82.92999999999999,81.65,69.11
148,20260324,510,192,159,4,1,65.49000000000001,70.83,54.58
148,20260325,510,396,381,4,3,67.71,84.91,56.42
148,20260326,510,385,303,2,1,32.44,90.33,27.03
148,20260327,510,405,378,5,3,83.17,81.97,69.31
148,20260330,510,420,368,2,2,36.16,91.05,30.13
148,20260331,510,465,364,7,5,103.6,77.84,86.33
149,20260101,510,295,174,7,3,90.43,65.8,75.36
149,20260102,510,380,325,5,3,80.02,80.24,66.68
149,20260105,510,330,279,1,0,16.87,94.3,14.06
149,20260106,510,345,263,4,3,71.8,78.55,59.83
149,20260107,510,338,282,2,0,36.71,88.48,30.59
149,20260108,510,373,309,4,3,59.349999999999994,83.89,49.46
149,20260109,510,378,359,4,0,61.56,85.36,51.3
149,20260112,510,385,259,9,5,147.91,63.65,100.0
149,20260113,510,380,367,3,2,51.61,87.67,43.01
149,20260114,510,315,264,5,2,82.0,76.3,68.33
149,20260115,510,390,377,6,5,91.97,80.39,76.64
149,20260116,510,290,230,4,1,85.47,72.91,71.22
149,20260119,510,155,135,4,2,57.75,70.04,48.12
149,20260120,510,325,260,8,4,117.30000000000001,68.91,97.75
149,20260121,510,310,232,3,2,48.370000000000005,82.75,40.31
149,20260122,510,390,326,6,2,94.69,77.49,78.91
149,20260123,510,191,176,3,1,58.67,75.0,48.89
149,20260126,510,385,299,5,2,75.92,79.75,63.27
149,20260127,510,268,194,3,3,44.73,81.26,37.28
149,20260128,510,277,215,6,1,105.69,67.04,88.08
149,20260129,510,320,220,7,4,96.83,69.44,80.69
149,20260130,510,290,262,2,0,25.47,91.14,21.22
149,20260202,510,366,305,3,2,44.07,87.38,36.72
149,20260203,510,315,296,5,1,77.44,79.26,64.53
149,20260204,510,470,426,4,1,57.69,88.07,48.08
149,20260205,510,338,248,5,1,82.67999999999999,75.0,68.9
149,20260206,510,220,148,3,2,41.82,77.97,34.85
149,20260209,510,441,330,9,3,161.9,67.09,100.0
149,20260210,510,320,281,3,1,39.660000000000004,87.63,33.05
149,20260211,510,305,203,4,1,72.46000000000001,73.69,60.38
149,20260212,510,346,334,3,1,51.010000000000005,86.75,42.51
149,20260213,510,320,256,7,4,106.35,70.65,88.62
149,20260216,510,249,167,4,2,54.129999999999995,75.52,45.11
149,20260217,510,330,215,6,2,108.75,66.41,90.62
149,20260218,510,290,226,8,2,144.01,61.08,100.0
149,20260219,510,430,372,5,2,70.71,84.03,58.92
149,20260220,510,360,288,2,0,26.799999999999997,91.49,22.33
149,20260223,510,372,335,3,2,43.66,88.47,36.38
149,20260224,510,405,301,7,3,120.19,71.46,100.0
149,20260225,510,317,270,4,2,76.50999999999999,77.92,63.76
149,20260226,510,220,165,3,0,62.260000000000005,72.6,51.88
149,20260227,510,395,353,2,1,38.769999999999996,90.1,32.31
149,20260302,510,417,295,12,3,187.91,61.09,100.0
149,20260303,510,311,258,2,1,27.89,90.24,23.24
149,20260304,510,455,342,5,2,71.48,82.71,59.57
149,20260305,510,355,278,6,4,109.22,71.79,91.02
149,20260306,510,242,126,3,2,43.9,74.16,36.58
149,20260309,510,290,236,3,1,36.96,86.46,30.8
149,20260310,510,405,315,6,1,91.94999999999999,77.41,76.62
149,20260311,510,310,254,5,3,91.38000000000001,73.54,76.15
149,20260312,510,330,192,8,4,114.49,62.64,95.41
149,20260313,510,370,324,4,1,67.71000000000001,82.71,56.42
149,20260316,510,335,320,2,0,36.94,89.65,30.78
149,20260317,510,385,335,7,3,107.4,75.72,89.5
149,20260318,510,266,221,5,3,81.78,72.99,68.15
149,20260319,510,311,224,5,4,90.93,71.13,75.78
149,20260320,510,284,210,6,2,99.1,67.94,82.58
149,20260323,510,316,252,2,1,30.53,89.19,25.44
149,20260324,510,410,394,6,2,126.73,75.66,100.0
149,20260325,510,330,297,2,1,28.34,91.29,23.62
149,20260326,510,255,203,3,2,49.29,80.46,41.08
149,20260327,510,320,241,4,0,81.33,74.77,67.77
149,20260330,510,284,238,3,1,39.31,85.82,32.76
149,20260331,510,335,297,1,1,21.75,93.18,18.12
150,20260101,510,484,442,7,2,132.61,76.92,100.0
150,20260102,510,205,163,3,2,54.050000000000004,75.1,45.04
150,20260105,510,345,184,8,5,123.65,59.81,100.0
150,20260106,510,210,190,1,1,17.13,91.73,14.27
150,20260107,510,315,207,8,2,138.95,59.84,100.0
150,20260108,510,340,285,3,1,59.78,82.66,49.82
150,20260109,510,385,350,3,3,48.57,87.81,40.48
150,20260112,510,265,230,4,0,57.01,80.14,47.51
150,20260113,510,350,248,3,0,68.33,78.4,56.94
150,20260114,510,360,329,7,2,125.96000000000001,72.31,100.0
150,20260115,510,250,154,5,2,82.68,65.07,68.9
150,20260116,510,275,245,2,2,31.59,88.58,26.32
150,20260119,510,350,302,6,3,94.05,76.25,78.38
150,20260120,510,270,191,2,0,33.76,84.98,28.13
150,20260121,510,410,338,4,2,82.98,80.29,69.15
150,20260122,510,331,260,5,2,83.92,75.6,69.93
150,20260123,510,207,127,5,2,80.55,61.19,67.12
150,20260126,510,305,211,3,0,57.54,78.57,47.95
150,20260127,510,345,266,5,2,80.27,76.82,66.89
150,20260128,510,255,179,6,3,112.52,61.4,93.77
150,20260129,510,300,259,4,0,68.75999999999999,79.02,57.3
150,20260130,510,350,286,5,3,67.10000000000001,81.0,55.92
150,20260202,510,290,246,5,4,75.37,76.55,62.81
150,20260203,510,355,331,3,0,55.629999999999995,85.61,46.36
150,20260204,510,305,264,5,2,94.25,73.69,78.54
150,20260205,510,350,324,1,0,11.73,96.51,9.78
150,20260206,510,335,301,4,2,70.47,81.03,58.72
150,20260209,510,325,283,4,1,54.82,83.77,45.68
150,20260210,510,344,268,4,1,74.37,78.28,61.98
150,20260211,510,440,334,6,2,113.02,74.72,94.18
150,20260212,510,385,355,5,3,72.58,83.03,60.48
150,20260213,510,275,219,5,2,70.54,75.64,58.78
150,20260216,510,333,281,4,2,73.7,79.22,61.42
150,20260217,510,400,322,8,2,111.56,74.27,92.97
150,20260218,510,210,156,5,4,68.28,69.56,56.9
150,20260219,510,258,172,4,4,60.43,74.0,50.36
150,20260220,510,350,283,4,3,66.35,81.01,55.29
150,20260223,510,230,206,3,2,53.35,79.43,44.46
150,20260224,510,380,353,2,1,37.989999999999995,90.28,31.66
150,20260225,510,325,270,4,2,60.5,81.69,50.42
150,20260226,510,450,402,4,2,73.09,84.62,60.91
150,20260227,510,290,247,3,1,38.4,86.55,32.0
150,20260302,510,280,254,3,3,56.84,81.71,47.37
150,20260303,510,365,271,5,1,94.43,74.16,78.69
150,20260304,510,315,272,6,1,123.55,68.77,100.0
150,20260305,510,340,308,8,4,124.67,71.19,100.0
150,20260306,510,308,264,4,0,73.36,78.25,61.13
150,20260309,510,335,245,6,1,83.5,74.58,69.58
150,20260310,510,411,351,4,0,46.28,88.35,38.57
150,20260311,510,270,246,3,0,51.78,82.61,43.15
150,20260312,510,410,320,4,1,68.97999999999999,82.27,57.48
150,20260313,510,345,295,6,2,109.00999999999999,73.02,90.84
150,20260316,510,305,215,4,2,66.87,76.28,55.72
150,20260317,510,435,389,6,3,99.50999999999999,79.63,82.92
150,20260318,510,360,297,4,1,63.69,82.34,53.08
150,20260319,510,290,263,3,2,48.400000000000006,84.46,40.33
150,20260320,510,420,331,8,5,134.74,71.07,100.0
150,20260323,510,227,133,5,1,75.99,63.64,63.32
150,20260324,510,435,347,4,2,68.53,83.51,57.11
150,20260325,510,360,266,7,4,107.6,71.2,89.67
150,20260326,510,345,219,4,1,75.89,74.26,63.24
150,20260327,510,260,161,5,2,77.50999999999999,67.5,64.59
150,20260330,510,227,200,6,3,94.66,67.87,78.88
150,20260331,510,435,375,4,1,50.29,88.18,41.91
151,20260101,510,345,312,3,1,36.230000000000004,89.6,30.19
151,20260102,510,437,388,5,1,66.71,85.33,55.59
151,20260105,510,410,323,4,1,76.31,80.89,63.59
151,20260106,510,365,299,2,1,32.57,90.18,27.14
151,20260107,510,380,368,4,1,68.19,84.37,56.82
151,20260108,510,345,303,5,2,67.29,81.83,56.08
151,20260109,510,362,344,2,1,25.740000000000002,93.04,21.45
151,20260112,510,370,281,1,0,13.24,95.5,11.03
151,20260113,510,242,242,3,2,52.52,82.17,43.77
151,20260114,510,410,325,4,0,76.5,80.95,63.75
151,20260115,510,250,250,2,1,39.5,86.36,32.92
151,20260116,510,285,184,6,3,122.36,60.06,100.0
151,20260119,510,230,192,1,0,21.28,90.02,17.73
151,20260120,510,406,326,6,2,116.41,73.69,97.01
151,20260121,510,420,334,6,4,98.67,77.2,82.22
151,20260122,510,395,341,3,0,43.7,88.64,36.42
151,20260123,510,277,215,4,1,60.06999999999999,78.16,50.06
151,20260126,510,395,369,3,2,47.77,88.54,39.81
151,20260127,510,215,175,1,0,18.26,90.55,15.22
151,20260128,510,296,270,6,2,111.88,70.7,93.23
151,20260129,510,400,376,8,2,115.63999999999999,76.48,96.37
151,20260130,510,432,397,6,2,103.97999999999999,79.24,86.65
151,20260202,510,420,406,2,1,25.560000000000002,94.08,21.3
151,20260203,510,375,328,7,1,108.08000000000001,75.22,90.07
151,20260204,510,350,215,7,2,114.94999999999999,65.16,95.79
151,20260205,510,305,253,4,2,56.89,81.64,47.41
151,20260206,510,132,132,2,1,32.83,80.08,27.36
151,20260209,510,295,195,5,1,97.95,66.56,81.62
151,20260210,510,360,309,5,2,84.46000000000001,78.53,70.38
151,20260211,510,390,354,4,2,57.73,85.98,48.11
151,20260212,510,275,210,5,4,78.3,72.84,65.25
151,20260213,510,405,336,5,1,72.56,82.24,60.47
151,20260216,510,425,387,3,2,44.7,89.65,37.25
151,20260217,510,384,316,6,2,96.84,76.54,80.7
151,20260218,510,340,242,7,3,110.3,68.69,91.92
151,20260219,510,320,284,0,0,0.0,100.0,0.0
151,20260220,510,360,266,6,1,69.38,79.31,57.82
151,20260223,510,380,340,3,0,65.01,83.95,54.18
151,20260224,510,335,313,3,1,49.11,86.44,40.92
151,20260225,510,210,174,7,5,113.56,60.51,94.63
151,20260226,510,385,349,5,3,74.95,82.32,62.46
151,20260227,510,330,302,2,0,30.69,90.78,25.58
151,20260302,510,310,252,4,1,63.459999999999994,79.88,52.88
151,20260303,510,345,279,3,2,42.480000000000004,86.79,35.4
151,20260304,510,370,325,4,1,58.32,84.79,48.6
151,20260305,510,273,247,4,0,52.510000000000005,82.47,43.76
151,20260306,510,385,367,3,0,52.9,87.4,44.08
151,20260309,510,465,432,9,3,131.35,76.68,100.0
151,20260310,510,440,420,7,1,116.24,78.32,96.87
151,20260311,510,355,277,4,1,75.09,78.67,62.58
151,20260312,510,337,239,8,2,133.57,64.15,100.0
151,20260313,510,435,395,6,2,97.44,80.21,81.2
151,20260316,510,355,308,3,1,52.28,85.49,43.57
151,20260317,510,286,271,3,2,51.03,84.15,42.52
151,20260318,510,390,261,6,3,100.32,72.24,83.6
151,20260319,510,250,209,4,2,72.82,74.16,60.68
151,20260320,510,334,261,3,0,47.28,84.66,39.4
151,20260323,510,403,361,5,1,90.8,79.9,75.67
151,20260324,510,320,284,2,0,37.08,88.45,30.9
151,20260325,510,350,291,6,1,101.86,74.07,84.88
151,20260326,510,410,371,4,0,51.82,87.74,43.18
151,20260327,510,212,150,5,3,75.42,66.54,62.85
151,20260330,510,240,185,5,0,115.32,61.6,96.1
151,20260331,510,292,254,3,1,68.09,78.86,56.74
152,20260101,510,350,272,3,0,56.15,82.89,46.79
152,20260102,510,405,364,4,1,49.95,87.93,41.62
152,20260105,510,320,258,4,1,59.4,81.29,49.5
152,20260106,510,305,207,4,3,50.93,80.25,42.44
152,20260107,510,420,390,2,1,43.39,89.99,36.16
152,20260108,510,310,262,3,0,52.43,83.33,43.69
152,20260109,510,315,250,5,0,87.79,74.01,73.16
152,20260112,510,209,148,1,1,18.39,88.95,15.32
152,20260113,510,365,310,6,1,115.42,72.87,96.18
152,20260114,510,440,343,8,1,141.9,70.74,100.0
152,20260115,510,375,288,4,1,51.58,84.81,42.98
152,20260116,510,360,316,3,0,55.87,84.98,46.56
152,20260119,510,320,307,4,4,64.83,82.56,54.02
152,20260120,510,435,291,6,1,117.69,71.2,98.08
152,20260121,510,355,282,4,2,59.64,82.54,49.7
152,20260122,510,151,113,2,0,28.53,79.84,23.78
152,20260123,510,405,264,8,5,142.09,65.01,100.0
152,20260126,510,260,217,3,0,56.129999999999995,79.45,46.77
152,20260127,510,380,356,2,1,41.06,89.66,34.22
152,20260128,510,350,334,7,2,107.55000000000001,75.64,89.63
152,20260129,510,401,290,3,0,35.540000000000006,89.08,29.62
152,20260130,510,420,407,4,2,64.38,86.34,53.65
152,20260202,510,365,329,3,2,43.44,88.34,36.2
152,20260203,510,390,351,3,3,52.31,87.03,43.59
152,20260204,510,286,231,2,1,39.540000000000006,85.38,32.95
152,20260205,510,325,294,3,2,36.75,88.89,30.63
152,20260206,510,410,292,6,2,82.65,77.94,68.88
152,20260209,510,330,289,6,1,107.37,72.91,89.48
152,20260210,510,275,215,5,1,87.46000000000001,71.08,72.88
152,20260211,510,280,250,5,1,73.91,77.18,61.59
152,20260212,510,465,445,7,4,131.82,77.15,100.0
152,20260213,510,224,201,4,1,77.55,72.16,64.62
152,20260216,510,250,134,5,2,93.99,58.77,78.32
152,20260217,510,405,369,8,5,117.0,75.93,97.5
152,20260218,510,328,306,2,1,27.650000000000002,91.71,23.04
152,20260219,510,425,413,3,0,38.19,91.54,31.82
152,20260220,510,347,293,1,1,11.05,96.37,9.21
152,20260223,510,235,223,2,1,36.58,85.91,30.48
152,20260224,510,346,255,5,1,94.37,72.99,78.64
152,20260225,510,440,309,6,2,91.81,77.09,76.51
152,20260226,510,265,188,4,3,60.99,75.51,50.82
152,20260227,510,321,249,5,3,96.25,72.12,80.21
152,20260302,510,305,231,3,2,32.33,87.72,26.94
152,20260303,510,355,267,6,3,105.82,71.62,88.18
152,20260304,510,350,302,2,0,33.25,90.08,27.71
152,20260305,510,220,171,3,1,43.78,79.62,36.48
152,20260306,510,254,179,4,2,52.75,77.24,43.96
152,20260309,510,305,252,4,2,67.87,78.78,56.56
152,20260310,510,208,127,2,2,27.22,82.35,22.68
152,20260311,510,318,273,5,1,96.91,73.8,80.76
152,20260312,510,262,170,6,3,110.67,60.57,92.22
152,20260313,510,320,296,4,3,61.89,82.71,51.58
152,20260316,510,385,297,4,1,67.33000000000001,81.52,56.11
152,20260317,510,166,121,3,2,49.42,71.0,41.18
152,20260318,510,400,331,5,3,95.97,77.52,79.97
152,20260319,510,350,338,4,2,60.22,84.88,50.18
152,20260320,510,390,233,5,1,95.16,71.0,79.3
152,20260323,510,323,252,3,3,32.66,88.53,27.22
152,20260324,510,345,278,8,2,148.6,65.17,100.0
152,20260325,510,345,321,4,1,78.63,80.32,65.53
152,20260326,510,270,216,2,1,35.59,85.85,29.66
152,20260327,510,212,139,4,0,61.09,69.47,50.91
152,20260330,510,315,301,5,1,77.59,79.51,64.66
152,20260331,510,330,310,2,2,30.060000000000002,91.16,25.05
153,20260101,510,365,208,3,1,44.31,82.44,36.93
153,20260102,510,338,224,4,2,49.17,82.0,40.98
153,20260105,510,282,228,3,2,50.010000000000005,82.01,41.68
153,20260106,510,293,246,4,3,49.91,83.13,41.59
153,20260107,510,335,323,2,2,32.120000000000005,90.96,26.77
153,20260108,510,359,326,2,0,29.630000000000003,91.67,24.69
153,20260109,510,387,339,3,2,48.78,87.42,40.65
153,20260112,510,320,242,5,3,74.72,76.41,62.27
153,20260113,510,325,325,3,1,48.68,86.97,40.57
153,20260114,510,450,358,6,1,102.25,77.78,85.21
153,20260115,510,420,365,3,2,48.48,88.28,40.4
153,20260116,510,365,285,9,7,161.96,63.76,100.0
153,20260119,510,245,195,2,0,29.75,86.76,24.79
153,20260120,510,390,347,3,0,42.19,89.16,35.16
153,20260121,510,355,324,3,2,44.04,88.03,36.7
153,20260122,510,335,279,6,1,102.28,73.17,85.23
153,20260123,510,360,305,4,1,54.2,84.91,45.17
153,20260126,510,400,310,1,0,6.7,97.88,5.58
153,20260127,510,436,335,6,2,105.77,76.0,88.14
153,20260128,510,445,385,3,1,43.89,89.77,36.58
153,20260129,510,370,349,5,3,72.17999999999999,82.86,60.15
153,20260130,510,345,217,6,1,113.77000000000001,65.6,94.81
153,20260202,510,394,382,5,2,75.12,83.57,62.6
153,20260203,510,366,258,6,0,97.9,72.49,81.58
153,20260204,510,349,264,5,2,90.18,74.54,75.15
153,20260205,510,105,105,2,2,35.019999999999996,74.99,29.18
153,20260206,510,250,238,4,1,55.49,81.09,46.24
153,20260209,510,310,278,4,2,51.42,84.39,42.85
153,20260210,510,206,104,4,3,67.39,60.68,56.16
153,20260211,510,375,361,6,2,104.7,77.52,87.25
153,20260212,510,345,325,4,2,51.52,86.32,42.93
153,20260213,510,311,295,4,2,64.16,82.14,53.47
153,20260216,510,395,297,5,2,93.16,76.12,77.63
153,20260217,510,235,205,2,2,28.729999999999997,87.71,23.94
153,20260218,510,395,330,2,1,37.760000000000005,89.73,31.47
153,20260219,510,316,219,4,3,67.19,76.52,55.99
153,20260220,510,385,272,5,2,80.8,77.1,67.33
153,20260223,510,420,310,7,1,116.12,72.75,96.77
153,20260224,510,351,318,5,3,76.95,80.52,64.12
153,20260225,510,400,361,5,3,83.53,81.21,69.61
153,20260226,510,470,401,7,1,104.92,79.26,87.43
153,20260227,510,405,321,4,2,59.5,84.36,49.58
153,20260302,510,435,414,2,1,41.81,90.83,34.84
153,20260303,510,360,303,4,4,63.120000000000005,82.76,52.6
153,20260304,510,337,267,3,1,46.6,85.14,38.83
153,20260305,510,389,338,3,1,58.629999999999995,85.22,48.86
153,20260306,510,375,285,7,2,136.74,67.58,100.0
153,20260309,510,310,292,3,1,56.5,83.79,47.08
153,20260310,510,265,199,7,1,89.1,69.07,74.25
153,20260311,510,420,363,4,1,67.74000000000001,84.27,56.45
153,20260312,510,395,357,3,1,60.1,85.59,50.08
153,20260313,510,190,127,2,2,29.81,80.99,24.84
153,20260316,510,250,206,4,2,62.28,76.79,51.9
153,20260317,510,480,461,6,0,97.78,82.5,81.48
153,20260318,510,275,234,0,0,0.0,100.0,0.0
153,20260319,510,325,266,4,1,64.78,80.42,53.98
153,20260320,510,354,294,4,1,55.57,84.1,46.31
153,20260323,510,424,376,1,0,7.36,98.08,6.13
153,20260324,510,325,296,4,3,61.94,82.7,51.62
153,20260325,510,410,379,3,0,58.47,86.63,48.72
153,20260326,510,230,185,3,1,56.56,76.59,47.13
153,20260327,510,270,197,2,1,33.86,85.33,28.22
153,20260330,510,385,337,6,2,86.78,79.52,72.32
153,20260331,510,405,303,10,6,161.31,65.26,100.0
154,20260101,510,230,177,4,3,83.73,67.89,69.77
154,20260102,510,300,188,6,0,108.8,63.34,90.67
154,20260105,510,350,307,2,2,34.97,89.77,29.14
154,20260106,510,364,313,6,4,95.77000000000001,76.57,79.81
154,20260107,510,345,289,4,1,64.88,81.67,54.07
154,20260108,510,385,347,6,4,102.56,77.19,85.47
154,20260109,510,395,351,8,3,156.13,69.21,100.0
154,20260112,510,339,291,2,0,25.87,91.84,21.56
154,20260113,510,290,260,3,1,44.39,85.42,36.99
154,20260114,510,345,328,3,2,43.78,88.22,36.48
154,20260115,510,305,293,4,2,56.56,83.82,47.13
154,20260116,510,345,333,3,1,46.49,87.75,38.74
154,20260119,510,454,397,5,1,90.32,81.47,75.27
154,20260120,510,321,262,5,2,88.65,74.72,73.88
154,20260121,510,424,276,7,2,97.89,73.82,81.58
154,20260122,510,290,208,2,0,30.04,87.38,25.03
154,20260123,510,332,308,5,2,91.03,77.19,75.86
154,20260126,510,333,262,3,0,37.65,87.44,31.37
154,20260127,510,274,173,4,4,56.22,75.47,46.85
154,20260128,510,341,297,4,2,75.21,79.79,62.67
154,20260129,510,185,154,2,1,22.66,87.17,18.88
154,20260130,510,337,304,3,1,58.31,83.91,48.59
154,20260202,510,425,382,4,0,68.03,84.88,56.69
154,20260203,510,434,391,6,2,104.53,78.91,87.11
154,20260204,510,203,120,4,1,65.89,64.55,54.91
154,20260205,510,345,299,4,1,78.56,79.19,65.47
154,20260206,510,350,271,4,1,69.85,79.51,58.21
154,20260209,510,218,201,3,0,56.4,78.09,47.0
154,20260210,510,425,309,4,2,56.24,84.6,46.87
154,20260211,510,395,287,6,4,110.82,72.14,92.35
154,20260212,510,425,348,5,0,103.52000000000001,77.07,86.27
154,20260213,510,357,287,8,1,149.24,65.79,100.0
154,20260216,510,405,297,4,2,68.22,81.32,56.85
154,20260217,510,410,398,3,3,42.39,90.37,35.33
154,20260218,510,232,193,4,2,56.55,77.34,47.12
154,20260219,510,340,216,2,1,30.73,87.55,25.61
154,20260220,510,434,399,3,1,47.38,89.39,39.48
154,20260223,510,330,229,4,2,65.18,77.84,54.32
154,20260224,510,385,361,3,2,58.879999999999995,85.98,49.07
154,20260225,510,352,264,5,1,98.62,72.8,82.18
154,20260226,510,380,347,3,2,50.36,87.33,41.97
154,20260227,510,265,152,5,4,70.99,68.16,59.16
154,20260302,510,345,275,4,0,71.71000000000001,79.32,59.76
154,20260303,510,375,331,1,1,17.17,95.07,14.31
154,20260304,510,325,308,4,4,61.849999999999994,83.28,51.54
154,20260305,510,365,303,5,1,69.84,81.27,58.2
154,20260306,510,241,188,4,1,57.959999999999994,76.44,48.3
154,20260309,510,210,160,2,1,28.619999999999997,84.83,23.85
154,20260310,510,425,345,5,2,79.84,81.21,66.53
154,20260311,510,395,347,7,1,105.03,76.76,87.52
154,20260312,510,435,377,5,0,91.27000000000001,80.51,76.06
154,20260313,510,248,203,3,2,53.37,79.18,44.47
154,20260316,510,420,405,4,0,61.85,86.75,51.54
154,20260317,510,305,256,4,2,72.34,77.97,60.28
154,20260318,510,212,192,4,0,71.78,72.79,59.82
154,20260319,510,366,278,8,3,157.8,63.79,100.0
154,20260320,510,360,308,7,0,105.64,74.46,88.03
154,20260323,510,220,175,3,1,33.34,84.0,27.78
154,20260324,510,400,388,6,0,56.94,87.2,47.45
154,20260325,510,335,301,6,2,82.17,78.56,68.47
154,20260326,510,435,413,1,0,24.41,94.42,20.34
154,20260327,510,419,365,6,2,103.0,77.99,85.83
154,20260330,510,335,320,2,0,40.28,88.82,33.57
154,20260331,510,415,328,5,2,76.02000000000001,81.18,63.35
155,20260101,510,440,359,5,1,73.00999999999999,83.1,60.84
155,20260102,510,405,392,3,1,51.47,88.39,42.89
155,20260105,510,337,317,4,3,57.69,84.6,48.08
155,20260106,510,393,246,7,1,105.33,70.02,87.78
155,20260107,510,232,197,5,3,87.06,69.35,72.55
155,20260108,510,419,396,3,2,42.18,90.37,35.15
155,20260109,510,355,292,3,0,41.160000000000004,87.65,34.3
155,20260112,510,380,315,2,2,33.94,90.27,28.28
155,20260113,510,210,151,5,1,73.92,67.13,61.6
155,20260114,510,200,159,2,1,41.54,79.29,34.62
155,20260115,510,310,242,2,0,30.43,88.83,25.36
155,20260116,510,325,270,5,3,79.69,77.21,66.41
155,20260119,510,395,332,5,2,78.31,80.91,65.26
155,20260120,510,360,320,1,1,11.03,96.67,9.19
155,20260121,510,305,293,5,3,70.28,80.65,58.57
155,20260122,510,430,430,3,1,53.6,88.92,44.67
155,20260123,510,270,232,2,1,29.4,88.75,24.5
155,20260126,510,302,282,3,0,55.379999999999995,83.59,46.15
155,20260127,510,393,354,4,1,85.18,80.6,70.98
155,20260128,510,368,285,2,1,37.08,88.49,30.9
155,20260129,510,315,236,2,1,26.12,90.04,21.77
155,20260130,510,350,288,3,1,58.31,83.16,48.59
155,20260202,510,370,299,2,2,31.04,90.6,25.87
155,20260203,510,296,168,5,3,79.27,67.94,66.06
155,20260204,510,390,305,6,3,94.95,76.26,79.12
155,20260205,510,270,217,7,4,128.32999999999998,62.84,100.0
155,20260206,510,360,325,4,1,61.67,84.05,51.39
155,20260209,510,259,153,4,1,57.019999999999996,72.85,47.52
155,20260210,510,307,186,8,3,155.02,54.54,100.0
155,20260211,510,359,228,4,4,59.68,79.25,49.73
155,20260212,510,195,147,3,1,43.82,77.04,36.52
155,20260213,510,405,336,7,2,126.34,72.67,100.0
155,20260216,510,362,362,3,2,49.36,88.0,41.13
155,20260217,510,295,268,5,1,77.42,77.59,64.52
155,20260218,510,426,402,5,2,84.73,82.59,70.61
155,20260219,510,315,284,4,2,60.010000000000005,82.56,50.01
155,20260220,510,227,195,2,0,23.49,89.25,19.58
155,20260223,510,323,262,8,2,143.03,64.69,100.0
155,20260224,510,223,169,6,2,104.16,61.87,86.8
155,20260225,510,365,305,4,1,66.35,82.13,55.29
155,20260226,510,360,314,3,2,62.64,83.37,52.2
155,20260227,510,290,223,2,0,36.89,85.81,30.74
155,20260302,510,270,184,3,1,48.72,79.06,40.6
155,20260303,510,335,275,4,1,59.9,82.11,49.92
155,20260304,510,305,202,4,1,52.74,79.3,43.95
155,20260305,510,410,358,5,2,78.31,82.05,65.26
155,20260306,510,400,334,4,0,57.86,85.23,48.22
155,20260309,510,315,283,5,1,81.47999999999999,77.64,67.9
155,20260310,510,340,241,5,2,75.73,76.09,63.11
155,20260311,510,360,340,4,1,74.8,81.97,62.33
155,20260312,510,249,189,0,0,0.0,100.0,0.0
155,20260313,510,388,234,5,4,89.61,72.31,74.68
155,20260316,510,284,246,4,2,53.82,82.05,44.85
155,20260317,510,410,337,4,1,58.31,85.25,48.59
155,20260318,510,300,244,6,1,87.91,73.51,73.26
155,20260319,510,275,194,3,1,51.93,78.88,43.28
155,20260320,510,390,362,3,1,64.83,84.81,54.02
155,20260323,510,342,270,4,3,62.47,81.21,52.06
155,20260324,510,348,316,2,1,30.22,91.27,25.18
155,20260325,510,345,280,4,3,54.57000000000001,83.69,45.48
155,20260326,510,330,260,7,2,97.18,72.79,80.98
155,20260327,510,350,264,7,1,120.94,68.58,100.0
155,20260330,510,370,299,7,1,125.1,70.5,100.0
155,20260331,510,350,262,4,1,45.43,85.22,37.86
156,20260101,510,410,307,4,2,54.89,84.83,45.74
156,20260102,510,270,232,4,1,81.34,74.04,67.78
156,20260105,510,269,219,5,3,71.95,75.27,59.96
156,20260106,510,390,292,9,4,138.7,67.8,100.0
156,20260107,510,335,291,3,1,52.21,84.79,43.51
156,20260108,510,330,294,2,1,31.729999999999997,90.26,26.44
156,20260109,510,323,285,5,3,64.44,81.56,53.7
156,20260112,510,250,202,5,4,92.94,68.49,77.45
156,20260113,510,410,359,2,2,32.15,91.78,26.79
156,20260114,510,392,336,8,6,121.23,73.49,100.0
156,20260115,510,410,386,5,4,66.68,85.27,55.57
156,20260116,510,333,306,6,3,90.91,77.1,75.76
156,20260119,510,378,278,3,0,53.58,83.84,44.65
156,20260120,510,415,338,7,1,139.27,70.82,100.0
156,20260121,510,142,84,3,1,54.13,60.81,45.11
156,20260122,510,279,252,3,2,50.19,83.39,41.82
156,20260123,510,396,282,6,1,100.63,73.7,83.86
156,20260126,510,345,281,8,3,140.47,66.67,100.0
156,20260127,510,190,153,2,1,38.46,79.91,32.05
156,20260128,510,380,325,3,0,36.2,89.98,30.17
156,20260129,510,425,380,4,2,51.64,88.04,43.03
156,20260130,510,430,358,7,3,125.38999999999999,74.06,100.0
156,20260202,510,440,385,3,1,59.339999999999996,86.65,49.45
156,20260203,510,355,304,2,0,31.69,90.56,26.41
156,20260204,510,430,356,8,4,140.19,71.75,100.0
156,20260205,510,410,362,3,1,58.85,86.02,49.04
156,20260206,510,362,349,5,2,89.42999999999999,79.6,74.52
156,20260209,510,205,173,4,0,79.67,68.47,66.39
156,20260210,510,175,151,3,2,62.7,70.66,52.25
156,20260211,510,285,214,5,4,84.4,71.72,70.33
156,20260212,510,372,289,4,1,73.37,79.75,61.14
156,20260213,510,245,164,5,0,98.8,62.4,82.33
156,20260216,510,200,181,2,0,39.75,81.99,33.12
156,20260217,510,270,163,6,4,113.75,58.9,94.79
156,20260218,510,280,243,0,0,0.0,100.0,0.0
156,20260219,510,330,219,5,4,81.83,72.8,68.19
156,20260220,510,330,308,5,2,78.5,79.69,65.42
156,20260223,510,345,279,6,2,78.21000000000001,78.11,65.18
156,20260224,510,270,246,2,1,22.009999999999998,91.79,18.34
156,20260225,510,425,396,6,0,101.87,79.54,84.89
156,20260226,510,385,313,6,3,118.11,72.6,98.42
156,20260227,510,390,350,4,1,50.129999999999995,87.47,41.78
156,20260302,510,355,320,6,4,103.57,75.55,86.31
156,20260303,510,233,152,2,0,37.959999999999994,80.02,31.63
156,20260304,510,220,160,2,0,30.86,83.83,25.72
156,20260305,510,510,473,5,1,80.32,85.48,66.93
156,20260306,510,355,278,3,1,42.73,86.68,35.61
156,20260309,510,350,229,6,1,88.36,72.16,73.63
156,20260310,510,320,279,5,1,116.32,70.58,96.93
156,20260311,510,325,273,3,1,61.84,81.53,51.53
156,20260312,510,245,184,4,2,81.42,69.32,67.85
156,20260313,510,390,305,6,3,93.2,76.59,77.67
156,20260316,510,230,142,5,0,71.96,66.37,59.97
156,20260317,510,434,400,3,0,49.79,88.93,41.49
156,20260318,510,410,345,4,2,61.32,84.91,51.1
156,20260319,510,215,117,1,1,20.04,85.38,16.7
156,20260320,510,340,307,3,0,38.72,88.8,32.27
156,20260323,510,315,282,4,2,80.88,77.71,67.4
156,20260324,510,436,405,6,1,120.82,77.02,100.0
156,20260325,510,418,355,5,2,88.7,80.01,73.92
156,20260326,510,395,321,6,3,94.96000000000001,77.17,79.13
156,20260327,510,340,312,4,2,46.26,87.09,38.55
156,20260330,510,247,168,3,0,62.28,72.95,51.9
156,20260331,510,220,173,5,1,79.93,68.4,66.61
157,20260101,510,295,234,5,0,94.91,71.14,79.09
157,20260102,510,292,240,4,3,56.980000000000004,80.81,47.48
157,20260105,510,125,77,1,1,17.06,81.86,14.22
157,20260106,510,215,97,1,1,18.05,84.31,15.04
157,20260107,510,324,249,3,2,46.76,84.19,38.97
157,20260108,510,415,363,5,5,76.64,82.57,63.87
157,20260109,510,450,394,8,2,91.95,81.08,76.62
157,20260112,510,249,176,2,1,35.47,83.23,29.56
157,20260113,510,241,229,2,1,23.25,90.78,19.38
157,20260114,510,425,327,7,0,111.15,74.63,92.62
157,20260115,510,170,108,2,0,31.92,77.19,26.6
157,20260116,510,137,59,3,0,61.5,48.96,51.25
157,20260119,510,388,350,0,0,0.0,100.0,0.0
157,20260120,510,405,287,5,4,86.69,76.8,72.24
157,20260121,510,385,266,6,3,109.34,70.87,91.12
157,20260122,510,380,289,4,0,61.36,82.49,51.13
157,20260123,510,368,323,5,3,74.56,81.25,62.13
157,20260126,510,200,147,4,2,66.27000000000001,68.93,55.23
157,20260127,510,185,127,2,0,36.84,77.51,30.7
157,20260128,510,310,232,4,1,67.65,77.42,56.38
157,20260129,510,425,413,4,1,74.17999999999999,84.77,61.82
157,20260130,510,369,334,3,1,59.39,84.9,49.49
157,20260202,510,273,176,4,3,63.99,73.34,53.32
157,20260203,510,335,323,4,2,64.24,83.41,53.53
157,20260204,510,363,293,6,3,94.77,75.56,78.97
157,20260205,510,295,251,3,2,50.370000000000005,83.29,41.98
157,20260206,510,305,268,2,0,37.980000000000004,87.59,31.65
157,20260209,510,305,176,5,3,71.49000000000001,71.11,59.58
157,20260210,510,349,298,5,1,116.82000000000001,71.84,97.35
157,20260211,510,275,263,3,2,56.120000000000005,82.41,46.77
157,20260212,510,305,226,4,1,60.480000000000004,78.89,50.4
157,20260213,510,365,353,4,2,72.34,82.99,60.28
157,20260216,510,315,242,5,2,72.18,77.03,60.15
157,20260217,510,230,127,4,1,90.72,58.33,75.6
157,20260218,510,375,261,5,2,84.59,75.52,70.49
157,20260219,510,395,369,3,1,46.410000000000004,88.83,38.68
157,20260220,510,295,222,1,0,24.32,90.13,20.27
157,20260223,510,375,334,4,1,42.010000000000005,88.83,35.01
157,20260224,510,315,298,3,1,60.51,83.12,50.42
157,20260225,510,480,463,4,3,59.39999999999999,88.63,49.5
157,20260226,510,245,196,2,0,31.119999999999997,86.3,25.93
157,20260227,510,410,299,3,2,36.03,89.25,30.02
157,20260302,510,395,291,7,3,116.39999999999999,71.43,97.0
157,20260303,510,361,296,3,2,60.43,83.05,50.36
157,20260304,510,220,162,4,0,83.25,66.06,69.38
157,20260305,510,380,258,6,1,119.65,68.32,99.71
157,20260306,510,455,387,5,2,54.92,87.57,45.77
157,20260309,510,388,240,0,0,0.0,100.0,0.0
157,20260310,510,345,266,7,7,100.58,72.56,83.82
157,20260311,510,325,265,3,0,47.4,84.83,39.5
157,20260312,510,240,163,2,1,21.98,88.12,18.32
157,20260313,510,245,161,6,2,107.25,60.02,89.38
157,20260316,510,384,293,7,3,111.58,72.42,92.98
157,20260317,510,337,288,6,0,66.93,81.14,55.78
157,20260318,510,380,333,4,0,35.35,90.4,29.46
157,20260319,510,325,281,4,1,68.1,80.49,56.75
157,20260320,510,125,74,2,1,33.65,68.74,28.04
157,20260323,510,443,239,5,2,84.14,73.96,70.12
157,20260324,510,300,254,4,1,58.769999999999996,81.21,48.97
157,20260325,510,440,379,6,3,107.7,77.87,89.75
157,20260326,510,250,198,4,1,55.47,78.12,46.22
157,20260327,510,360,340,2,1,40.22,89.42,33.52
157,20260330,510,295,196,4,0,50.309999999999995,79.57,41.92
157,20260331,510,440,377,10,5,157.74,70.5,100.0
158,20260101,510,320,242,3,2,56.71,81.02,47.26
158,20260102,510,355,305,3,3,54.34,84.88,45.28
158,20260105,510,395,295,8,3,118.64,71.32,98.87
158,20260106,510,310,236,2,1,23.63,90.9,19.69
158,20260107,510,425,346,5,3,80.55,81.12,67.12
158,20260108,510,286,223,2,0,36.14,86.05,30.12
158,20260109,510,340,252,7,2,138.17,64.59,100.0
158,20260112,510,310,292,2,0,31.36,90.3,26.13
158,20260113,510,295,266,6,1,112.18,70.34,93.48
158,20260114,510,405,375,2,1,28.15,93.02,23.46
158,20260115,510,330,240,6,4,108.5,68.87,90.42
158,20260116,510,350,304,6,2,114.92,72.57,95.77
158,20260119,510,295,246,2,1,33.94,87.88,28.28
158,20260120,510,345,302,5,3,65.71000000000001,82.13,54.76
158,20260121,510,315,269,1,1,12.47,95.57,10.39
158,20260122,510,380,364,5,0,64.94,84.86,54.12
158,20260123,510,325,228,7,3,99.93,69.53,83.28
158,20260126,510,240,160,2,2,24.38,86.78,20.32
158,20260127,510,239,190,3,1,53.25,78.11,44.38
158,20260128,510,271,229,3,2,40.18,85.07,33.48
158,20260129,510,410,361,2,1,38.129999999999995,90.45,31.78
158,20260130,510,335,323,5,2,59.38,84.47,49.48
158,20260202,510,394,361,2,2,25.98,93.29,21.65
158,20260203,510,310,287,4,3,59.15,82.91,49.29
158,20260204,510,345,314,7,1,132.3,70.36,100.0
158,20260205,510,455,403,4,0,69.58,85.28,57.98
158,20260206,510,352,235,5,4,73.35,76.21,61.12
158,20260209,510,265,154,5,2,86.07,64.15,71.72
158,20260210,510,359,303,3,2,51.67,85.43,43.06
158,20260211,510,300,266,5,3,74.68,78.08,62.23
158,20260212,510,315,262,5,4,71.18,78.64,59.32
158,20260213,510,320,261,2,1,32.08,89.05,26.73
158,20260216,510,305,235,5,2,73.59,76.15,61.33
158,20260217,510,300,245,3,1,36.510000000000005,87.03,30.42
158,20260218,510,365,365,3,1,42.56,89.56,35.47
158,20260219,510,427,344,5,1,98.57,77.73,82.14
158,20260220,510,240,183,7,0,94.76,65.88,78.97
158,20260223,510,390,315,3,2,53.95,85.38,44.96
158,20260224,510,387,361,5,1,81.86,81.52,68.22
158,20260225,510,299,238,5,1,67.8,77.83,56.5
158,20260226,510,233,221,4,1,71.07,75.67,59.22
158,20260227,510,377,365,4,1,58.660000000000004,86.15,48.88
158,20260302,510,215,161,4,1,59.26,73.1,49.38
158,20260303,510,401,338,3,1,48.38,87.48,40.32
158,20260304,510,295,201,5,4,82.24,70.96,68.53
158,20260305,510,243,214,4,2,59.7,78.19,49.75
158,20260306,510,320,224,4,2,67.12,76.94,55.93
158,20260309,510,470,399,5,2,100.21000000000001,79.93,83.51
158,20260310,510,226,134,3,1,46.9,74.07,39.08
158,20260311,510,350,282,6,2,97.81,74.25,81.51
158,20260312,510,410,375,4,2,65.97,85.04,54.97
158,20260313,510,307,285,4,0,81.68,77.72,68.07
158,20260316,510,325,260,4,1,71.28,78.48,59.4
158,20260317,510,340,304,5,2,76.98,79.79,64.15
158,20260318,510,302,262,4,3,73.07,78.19,60.89
158,20260319,510,365,240,5,1,85.53,73.73,71.28
158,20260320,510,380,332,8,2,110.46,75.04,92.05
158,20260323,510,270,203,4,1,65.31,75.66,54.42
158,20260324,510,395,332,4,2,60.29,84.63,50.24
158,20260325,510,420,263,9,4,152.6,63.28,100.0
158,20260326,510,330,312,1,1,12.66,96.1,10.55
158,20260327,510,359,324,5,1,65.41,83.2,54.51
158,20260330,510,246,188,2,0,45.17,80.63,37.64
158,20260331,510,265,172,6,3,91.06,65.38,75.88
159,20260101,510,365,345,3,2,54.4,86.38,45.33
159,20260102,510,450,412,6,5,97.47,80.87,81.23
159,20260105,510,215,162,4,2,71.78,69.3,59.82
159,20260106,510,345,229,4,2,63.199999999999996,78.37,52.67
159,20260107,510,335,263,7,3,115.71000000000001,69.45,96.43
159,20260108,510,365,310,5,2,85.85,78.31,71.54
159,20260109,510,405,375,3,1,54.03,87.41,45.02
159,20260112,510,235,120,4,1,58.5,67.23,48.75
159,20260113,510,305,266,3,2,36.97,87.8,30.81
159,20260114,510,280,253,2,2,30.56,89.22,25.47
159,20260115,510,260,190,6,1,89.72,67.93,74.77
159,20260116,510,206,171,2,1,34.65,83.15,28.88
159,20260119,510,335,292,4,1,57.43,83.56,47.86
159,20260120,510,250,204,5,2,90.0,69.39,75.0
159,20260121,510,310,224,5,1,111.9,66.69,93.25
159,20260122,510,310,268,4,2,62.93,80.98,52.44
159,20260123,510,380,307,6,4,96.05,76.17,80.04
159,20260126,510,405,315,7,2,102.91,75.38,85.76
159,20260127,510,360,278,3,2,62.709999999999994,81.59,52.26
159,20260128,510,185,146,1,1,16.97,89.59,14.14
159,20260129,510,295,239,5,2,81.6,74.55,68.0
159,20260130,510,360,309,7,2,97.91,75.94,81.59
159,20260202,510,290,234,7,4,97.47,70.59,81.23
159,20260203,510,335,259,3,1,57.56999999999999,81.81,47.97
159,20260204,510,287,208,6,2,84.29,71.16,70.24
159,20260205,510,343,211,5,3,75.61,73.62,63.01
159,20260206,510,270,222,2,1,30.14,88.05,25.12
159,20260209,510,265,235,5,1,97.28,70.72,81.07
159,20260210,510,256,181,6,2,82.73,68.63,68.94
159,20260211,510,295,219,7,1,114.62,65.64,95.52
159,20260212,510,365,322,4,2,49.21,86.74,41.01
159,20260213,510,315,260,4,4,61.120000000000005,80.97,50.93
159,20260216,510,275,263,6,2,95.93,73.27,79.94
159,20260217,510,393,371,5,0,66.94,84.71,55.78
159,20260218,510,345,278,3,1,40.05,87.41,33.38
159,20260219,510,250,250,6,3,98.82,71.67,82.35
159,20260220,510,356,341,1,1,17.3,95.17,14.42
159,20260223,510,185,141,4,1,78.71,64.18,65.59
159,20260224,510,415,366,5,2,62.8,85.35,52.33
159,20260225,510,365,285,3,3,49.4,85.23,41.17
159,20260226,510,283,227,4,3,56.06,80.2,46.72
159,20260227,510,315,274,3,3,41.46,86.86,34.55
159,20260302,510,470,365,7,3,143.54,71.77,100.0
159,20260303,510,258,235,1,0,21.3,91.69,17.75
159,20260304,510,380,290,6,5,99.54,74.45,82.95
159,20260305,510,340,316,3,1,67.46000000000001,82.41,56.22
159,20260306,510,356,297,4,2,62.989999999999995,82.5,52.49
159,20260309,510,330,263,5,3,104.69,71.53,87.24
159,20260310,510,265,167,4,2,79.33,67.8,66.11
159,20260311,510,375,303,4,1,36.05,89.37,30.04
159,20260312,510,339,322,2,1,31.87,90.99,26.56
159,20260313,510,225,168,3,1,35.33,82.62,29.44
159,20260316,510,405,338,7,3,98.75999999999999,77.39,82.3
159,20260317,510,350,212,8,2,112.84,65.26,94.03
159,20260318,510,342,328,3,0,44.07,88.16,36.72
159,20260319,510,360,268,3,0,49.76,84.34,41.47
159,20260320,510,320,305,5,3,86.31,77.94,71.93
159,20260323,510,415,377,6,2,100.78,78.91,83.98
159,20260324,510,455,350,10,3,140.68,71.33,100.0
159,20260325,510,252,252,6,3,116.46000000000001,68.39,97.05
159,20260326,510,415,325,5,2,61.99,83.98,51.66
159,20260327,510,311,279,6,2,101.01,73.42,84.18
159,20260330,510,423,374,5,1,95.27,79.7,79.39
159,20260331,510,390,345,5,2,83.84,80.45,69.87
160,20260101,510,321,280,5,1,77.26,78.37,64.38
160,20260102,510,310,238,3,0,34.620000000000005,87.3,28.85
160,20260105,510,404,341,5,2,56.94,85.69,47.45
160,20260106,510,375,325,4,0,71.17,82.04,59.31
160,20260107,510,400,375,5,5,81.07,82.22,67.56
160,20260108,510,325,227,5,1,109.69,67.42,91.41
160,20260109,510,205,112,2,0,29.12,79.37,24.27
160,20260112,510,375,320,5,2,89.8,78.09,74.83
160,20260113,510,395,376,3,0,68.27,84.63,56.89
160,20260114,510,405,344,7,3,82.55,80.65,68.79
160,20260115,510,241,171,5,1,88.37,65.93,73.64
160,20260116,510,435,329,6,1,116.51,73.85,97.09
160,20260119,510,405,280,7,3,123.67999999999999,69.36,100.0
160,20260120,510,355,317,7,2,104.82,75.15,87.35
160,20260121,510,360,334,6,4,77.08,81.25,64.23
160,20260122,510,455,386,8,6,142.0,73.11,100.0
160,20260123,510,290,256,3,1,34.790000000000006,88.04,28.99
160,20260126,510,230,159,4,2,66.75999999999999,70.43,55.63
160,20260127,510,290,201,4,0,64.43,75.73,53.69
160,20260128,510,285,230,3,1,39.9,85.22,33.25
160,20260129,510,410,302,7,1,114.45,72.52,95.38
160,20260130,510,315,250,5,0,82.84,75.11,69.03
160,20260202,510,380,309,3,1,41.61,88.13,34.67
160,20260203,510,405,358,4,2,53.69,86.96,44.74
160,20260204,510,478,384,8,2,130.66,74.61,100.0
160,20260205,510,356,261,6,1,88.99000000000001,74.57,74.16
160,20260206,510,335,300,3,2,50.19,85.67,41.82
160,20260209,510,325,277,5,1,82.13,77.13,68.44
160,20260210,510,385,270,6,2,102.94,72.4,85.78
160,20260211,510,245,233,6,2,102.13,69.53,85.11
160,20260212,510,310,156,8,2,154.43,50.25,100.0
160,20260213,510,335,270,5,4,79.89,77.17,66.57
160,20260216,510,200,159,6,3,119.0,57.19,99.17
160,20260217,510,300,134,11,5,176.76,43.12,100.0
160,20260218,510,335,323,4,0,59.19,84.51,49.32
160,20260219,510,360,348,2,2,32.93,91.36,27.44
160,20260220,510,335,313,3,0,56.0,84.82,46.67
160,20260223,510,277,277,1,0,15.53,94.69,12.94
160,20260224,510,215,154,3,2,47.3,76.5,39.42
160,20260225,510,359,300,4,2,64.08,82.4,53.4
160,20260226,510,285,285,2,1,34.1,89.31,28.42
160,20260227,510,370,301,3,2,37.96,88.8,31.63
160,20260302,510,265,201,3,1,60.339999999999996,76.91,50.28
160,20260303,510,250,249,4,1,73.51,77.21,61.26
160,20260304,510,330,224,5,1,94.84,70.25,79.03
160,20260305,510,375,349,4,3,56.87,85.99,47.39
160,20260306,510,345,253,6,3,104.63,70.74,87.19
160,20260309,510,375,307,6,2,130.37,70.19,100.0
160,20260310,510,330,249,7,2,99.38,71.47,82.82
160,20260311,510,360,271,4,1,70.7,79.31,58.92
160,20260312,510,381,268,7,2,122.56,68.62,100.0
160,20260313,510,465,395,6,1,103.22,79.28,86.02
160,20260316,510,305,239,4,2,54.92,81.31,45.77
160,20260317,510,235,180,3,0,51.14,77.87,42.62
160,20260318,510,271,247,4,3,60.67,80.28,50.56
160,20260319,510,405,338,8,4,136.69,71.2,100.0
160,20260320,510,405,352,3,2,43.02,89.11,35.85
160,20260323,510,375,338,6,1,104.81,76.33,87.34
160,20260324,510,275,185,3,2,49.65,78.84,41.38
160,20260325,510,420,376,5,1,99.47,79.08,82.89
160,20260326,510,320,276,3,0,33.43,89.2,27.86
160,20260327,510,350,316,4,3,53.93,85.42,44.94
160,20260330,510,220,191,4,2,66.42,74.2,55.35
160,20260331,510,410,341,6,4,110.50999999999999,75.52,92.09
161,20260101,510,345,207,5,1,89.18,69.89,74.32
161,20260102,510,255,242,4,0,71.5,77.19,59.58
161,20260105,510,290,229,6,1,95.17,70.64,79.31
161,20260106,510,365,317,9,5,142.73000000000002,68.95,100.0
161,20260107,510,371,341,2,0,42.3,88.96,35.25
161,20260108,510,340,243,5,1,96.62,71.55,80.52
161,20260109,510,220,220,3,1,53.68,80.39,44.73
161,20260112,510,310,239,4,2,67.76,77.91,56.47
161,20260113,510,265,231,3,0,43.93,84.02,36.61
161,20260114,510,353,310,3,3,42.8,87.87,35.67
161,20260115,510,240,179,2,1,21.07,89.47,17.56
161,20260116,510,425,391,6,2,87.87,81.65,73.23
161,20260119,510,325,267,5,3,82.99,76.29,69.16
161,20260120,510,341,301,4,0,58.62,83.7,48.85
161,20260121,510,427,304,9,1,155.58,66.15,100.0
161,20260122,510,378,326,2,1,43.25,88.29,36.04
161,20260123,510,440,386,3,3,41.81,90.23,34.84
161,20260126,510,240,204,2,0,34.72,85.46,28.93
161,20260127,510,255,161,3,1,42.019999999999996,79.3,35.02
161,20260128,510,295,214,6,3,92.7,69.78,77.25
161,20260129,510,393,354,4,3,58.62,85.79,48.85
161,20260130,510,238,151,2,1,32.93,82.1,27.44
161,20260202,510,327,279,3,1,45.78,85.9,38.15
161,20260203,510,485,467,5,2,94.44,83.18,78.7
161,20260204,510,295,209,3,1,65.56,76.12,54.63
161,20260205,510,305,245,4,0,82.04,74.91,68.37
161,20260206,510,355,314,6,4,111.13,73.86,92.61
161,20260209,510,370,243,7,1,118.25,67.27,98.54
161,20260210,510,278,228,5,2,82.89,73.34,69.08
161,20260211,510,295,255,4,1,62.339999999999996,80.36,51.95
161,20260212,510,310,289,4,1,64.13,81.84,53.44
161,20260213,510,370,305,4,0,52.96000000000001,85.21,44.13
161,20260216,510,397,297,4,1,66.6,81.68,55.5
161,20260217,510,355,270,4,2,60.5,81.69,50.42
161,20260218,510,370,355,4,2,57.120000000000005,86.14,47.6
161,20260219,510,405,323,5,2,94.53999999999999,77.36,78.78
161,20260220,510,385,354,3,3,41.599999999999994,89.48,34.67
161,20260223,510,370,324,2,1,23.43,93.26,19.53
161,20260224,510,456,418,4,3,57.709999999999994,87.87,48.09
161,20260225,510,465,428,4,0,62.22,87.31,51.85
161,20260226,510,327,229,3,2,53.16,81.16,44.3
161,20260227,510,225,171,3,0,47.07,78.42,39.22
161,20260302,510,280,280,2,1,44.400000000000006,86.31,37.0
161,20260303,510,213,142,5,0,86.84,62.05,72.37
161,20260304,510,320,210,4,2,65.8,76.14,54.83
161,20260305,510,291,193,5,1,103.15,65.17,85.96
161,20260306,510,395,294,8,4,126.78,69.87,100.0
161,20260309,510,333,282,1,0,20.13,93.34,16.77
161,20260310,510,322,243,7,3,92.15,72.5,76.79
161,20260311,510,370,354,5,3,89.82,79.76,74.85
161,20260312,510,310,257,4,0,76.24000000000001,77.12,63.53
161,20260313,510,360,244,6,2,96.48,71.66,80.4
161,20260316,510,335,281,4,2,57.67,82.97,48.06
161,20260317,510,355,337,5,2,66.75,83.47,55.62
161,20260318,510,320,305,5,2,85.87,78.03,71.56
161,20260319,510,365,333,5,1,76.03,81.41,63.36
161,20260320,510,403,341,3,1,58.8,85.29,49.0
161,20260323,510,410,370,2,0,30.880000000000003,92.3,25.73
161,20260324,510,253,191,5,2,79.01,70.74,65.84
161,20260325,510,424,343,3,2,48.400000000000006,87.63,40.33
161,20260326,510,288,243,5,1,77.17999999999999,75.89,64.32
161,20260327,510,317,257,4,3,64.44,79.95,53.7
161,20260330,510,355,318,4,0,73.69,81.19,61.41
161,20260331,510,380,300,3,1,49.010000000000005,85.96,40.84
162,20260101,510,280,188,3,0,52.39,78.21,43.66
162,20260102,510,330,282,3,1,40.54,87.43,33.78
162,20260105,510,355,299,3,1,49.269999999999996,85.85,41.06
162,20260106,510,380,296,6,2,91.53,76.38,76.28
162,20260107,510,313,250,3,3,47.38,84.07,39.48
162,20260108,510,270,191,4,2,75.5,71.67,62.92
162,20260109,510,345,267,5,2,83.46000000000001,76.19,69.55
162,20260112,510,325,279,4,1,61.58,81.92,51.32
162,20260113,510,329,239,6,2,104.31,69.62,86.92
162,20260114,510,305,281,4,2,55.93,83.4,46.61
162,20260115,510,290,219,6,2,93.24000000000001,70.14,77.7
162,20260116,510,370,370,5,2,78.39,82.52,65.32
162,20260119,510,370,319,5,3,98.2,76.46,81.83
162,20260120,510,290,290,5,2,79.73,78.44,66.44
162,20260121,510,329,269,5,0,91.03999999999999,74.71,75.87
162,20260122,510,395,337,7,2,102.64,76.65,85.53
162,20260123,510,290,258,4,2,69.96,78.67,58.3
162,20260126,510,290,290,3,1,44.54,86.69,37.12
162,20260127,510,305,254,2,0,43.89,85.27,36.58
162,20260128,510,365,353,5,5,81.67999999999999,81.21,68.07
162,20260129,510,278,199,6,5,97.63,67.09,81.36
162,20260130,510,220,220,2,0,34.22,86.54,28.52
162,20260202,510,450,366,5,2,77.94,82.44,64.95
162,20260203,510,380,292,4,3,61.730000000000004,82.55,51.44
162,20260204,510,380,318,3,0,67.64,82.46,56.37
162,20260205,510,200,148,4,3,67.43,68.7,56.19
162,20260206,510,345,290,4,2,74.83,79.49,62.36
162,20260209,510,470,391,2,1,40.35,90.65,33.62
162,20260210,510,440,428,8,1,132.38,76.38,100.0
162,20260211,510,398,328,4,3,51.879999999999995,86.34,43.23
162,20260212,510,345,345,6,1,108.87,76.01,90.72
162,20260213,510,290,290,2,2,31.32,90.25,26.1
162,20260216,510,425,348,3,1,46.16,88.29,38.47
162,20260217,510,400,364,5,2,82.22,81.57,68.52
162,20260218,510,435,332,8,2,131.17000000000002,71.68,100.0
162,20260219,510,335,256,6,1,108.82000000000001,70.17,90.68
162,20260220,510,350,279,5,4,82.74,77.13,68.95
162,20260223,510,275,240,6,2,102.6,70.05,85.5
162,20260224,510,330,266,6,1,86.92,75.37,72.43
162,20260225,510,325,278,2,0,33.93,89.12,28.28
162,20260226,510,370,319,5,1,71.9,81.61,59.92
162,20260227,510,315,270,5,3,79.92,77.16,66.6
162,20260302,510,320,236,4,2,68.12,77.6,56.77
162,20260303,510,395,216,8,4,111.1,66.03,92.58
162,20260304,510,375,339,5,3,67.57,83.38,56.31
162,20260305,510,391,283,5,1,78.96,78.19,65.8
162,20260306,510,295,295,4,2,71.41,80.51,59.51
162,20260309,510,291,238,4,1,55.209999999999994,81.17,46.01
162,20260310,510,330,263,4,1,64.55,80.29,53.79
162,20260311,510,305,210,8,4,128.96,61.95,100.0
162,20260312,510,355,278,4,0,67.98,80.35,56.65
162,20260313,510,181,166,1,1,17.79,90.32,14.82
162,20260316,510,140,61,3,2,47.620000000000005,56.16,39.68
162,20260317,510,285,187,5,4,79.19,70.25,65.99
162,20260318,510,320,243,5,3,70.53999999999999,77.5,58.78
162,20260319,510,325,205,3,1,57.510000000000005,78.09,47.92
162,20260320,510,355,331,3,1,50.15,86.84,41.79
162,20260323,510,347,299,4,2,78.05,79.3,65.04
162,20260324,510,395,278,6,3,104.9,72.6,87.42
162,20260325,510,385,385,5,3,61.55,86.22,51.29
162,20260326,510,291,238,2,2,31.23,88.4,26.02
162,20260327,510,297,219,5,1,83.16,72.48,69.3
162,20260330,510,344,330,4,1,78.67,80.75,65.56
162,20260331,510,325,263,7,2,109.28999999999999,70.64,91.07
163,20260101,510,350,313,4,2,52.72,85.58,43.93
163,20260102,510,315,224,6,3,106.44,67.79,88.7
163,20260105,510,290,230,7,3,130.22,63.85,100.0
163,20260106,510,385,340,5,1,64.8,83.99,54.0
163,20260107,510,260,228,2,1,33.06,87.34,27.55
163,20260108,510,329,286,4,2,65.88,81.28,54.9
163,20260109,510,330,312,4,2,59.32,84.02,49.43
163,20260112,510,251,174,3,3,46.89,78.77,39.07
163,20260113,510,380,306,7,3,126.52,70.75,100.0
163,20260114,510,245,190,5,3,85.22,69.04,71.02
163,20260115,510,85,44,1,1,16.34,72.92,13.62
163,20260116,510,302,242,3,0,55.7,81.29,46.42
163,20260119,510,325,291,3,1,54.43000000000001,84.24,45.36
163,20260120,510,435,422,2,1,26.18,94.16,21.82
163,20260121,510,310,210,3,1,49.51,80.92,41.26
163,20260122,510,360,324,6,4,89.82,78.29,74.85
163,20260123,510,353,328,4,0,76.55,81.08,63.79
163,20260126,510,328,226,5,3,72.97,75.59,60.81
163,20260127,510,279,240,2,0,18.34,92.9,15.28
163,20260128,510,248,173,5,2,94.86,64.59,79.05
163,20260129,510,415,387,6,2,98.08,79.78,81.73
163,20260130,510,230,152,4,2,63.7,70.47,53.08
163,20260202,510,277,222,5,2,93.67,70.33,78.06
163,20260203,510,330,271,2,2,24.689999999999998,91.65,20.58
163,20260204,510,320,229,6,3,109.78,67.6,91.48
163,20260205,510,470,411,4,1,60.18,87.23,50.15
163,20260206,510,368,244,4,1,59.550000000000004,80.38,49.62
163,20260209,510,398,368,1,1,16.55,95.7,13.79
163,20260210,510,275,236,3,2,40.5,85.35,33.75
163,20260211,510,300,232,3,0,46.74,83.23,38.95
163,20260212,510,222,207,3,1,50.81,80.29,42.34
163,20260213,510,455,392,4,2,52.84,88.12,44.03
163,20260216,510,350,305,5,2,57.19,84.21,47.66
163,20260217,510,378,316,4,2,84.50999999999999,78.9,70.42
163,20260218,510,345,276,8,3,104.15,72.6,86.79
163,20260219,510,364,303,5,1,80.1,79.09,66.75
163,20260220,510,343,302,6,2,100.33,75.06,83.61
163,20260223,510,330,280,5,1,108.03999999999999,72.16,90.03
163,20260224,510,465,346,3,1,53.3,86.65,44.42
163,20260225,510,405,365,3,3,45.54,88.91,37.95
163,20260226,510,388,324,8,4,109.44,74.75,91.2
163,20260227,510,310,274,6,4,118.79,69.76,98.99
163,20260302,510,380,287,5,1,76.42,78.97,63.68
163,20260303,510,316,292,6,3,73.62,79.86,61.35
163,20260304,510,315,264,7,4,118.06,69.1,98.38
163,20260305,510,405,348,1,1,19.65,94.66,16.37
163,20260306,510,354,241,5,2,80.81,74.89,67.34
163,20260309,510,310,233,9,3,147.49,61.24,100.0
163,20260310,510,345,316,3,1,41.050000000000004,88.5,34.21
163,20260311,510,300,251,6,2,103.2,70.86,86.0
163,20260312,510,261,206,4,1,49.75,80.55,41.46
163,20260313,510,290,262,6,4,97.06,72.97,80.88
163,20260316,510,435,435,4,1,83.25,83.94,69.38
163,20260317,510,335,288,6,0,95.87,75.03,79.89
163,20260318,510,420,349,5,2,85.84,80.26,71.53
163,20260319,510,420,310,2,0,34.349999999999994,90.02,28.62
163,20260320,510,468,423,8,2,133.74,75.98,100.0
163,20260323,510,365,304,5,1,93.47,76.48,77.89
163,20260324,510,103,63,2,1,24.85,71.71,20.71
163,20260325,510,300,209,6,3,76.73,73.15,63.94
163,20260326,510,340,269,5,4,83.17,76.38,69.31
163,20260327,510,355,218,4,3,62.37,77.75,51.97
163,20260330,510,315,250,5,0,73.14,77.37,60.95
163,20260331,510,360,322,5,3,78.5,80.4,65.42
164,20260101,510,455,350,10,6,169.43,67.38,100.0
164,20260102,510,318,263,2,1,37.629999999999995,87.48,31.36
164,20260105,510,465,453,2,0,24.43,94.88,20.36
164,20260106,510,395,255,8,1,126.58,66.83,100.0
164,20260107,510,346,247,7,0,105.83,70.01,88.19
164,20260108,510,385,319,4,2,66.97,82.65,55.81
164,20260109,510,395,326,5,3,97.4,77.0,81.17
164,20260112,510,280,205,6,4,99.27,67.37,82.72
164,20260113,510,485,457,2,1,47.8,90.53,39.83
164,20260114,510,365,296,4,2,51.29,85.23,42.74
164,20260115,510,375,331,9,4,122.75999999999999,72.95,100.0
164,20260116,510,215,122,2,1,30.619999999999997,79.94,25.52
164,20260119,510,360,304,5,1,80.96000000000001,78.97,67.47
164,20260120,510,355,320,3,2,54.31,85.49,45.26
164,20260121,510,385,311,6,6,95.05,76.59,79.21
164,20260122,510,455,330,7,2,113.2,74.46,94.33
164,20260123,510,354,243,7,4,87.96000000000001,73.42,73.3
164,20260126,510,368,276,4,2,66.88,80.49,55.73
164,20260127,510,325,278,6,5,80.03,77.65,66.69
164,20260128,510,410,324,7,3,110.66,74.54,92.22
164,20260129,510,295,279,3,2,42.620000000000005,86.75,35.52
164,20260130,510,455,364,8,2,131.0,73.54,100.0
164,20260202,510,403,263,8,5,126.5,67.52,100.0
164,20260203,510,212,142,1,0,18.48,88.48,15.4
164,20260204,510,395,319,4,3,72.86,81.41,60.72
164,20260205,510,255,219,3,2,49.8,81.47,41.5
164,20260206,510,305,276,4,2,68.97999999999999,80.0,57.48
164,20260209,510,410,360,5,1,52.489999999999995,87.27,43.74
164,20260210,510,380,305,4,4,51.57,85.54,42.98
164,20260211,510,320,254,8,1,149.6,62.93,100.0
164,20260212,510,360,268,6,4,100.49000000000001,72.73,83.74
164,20260213,510,384,368,2,1,26.990000000000002,93.17,22.49
164,20260216,510,400,366,3,0,58.660000000000004,86.19,48.88
164,20260217,510,390,347,6,1,133.41,72.23,100.0
164,20260218,510,343,266,4,3,56.31,82.53,46.92
164,20260219,510,350,259,9,5,141.8,64.62,100.0
164,20260220,510,301,242,5,1,94.17,71.99,78.48
164,20260223,510,355,281,5,3,68.2,80.47,56.83
164,20260224,510,320,283,5,2,80.77,77.8,67.31
164,20260225,510,355,316,1,1,18.07,94.59,15.06
164,20260226,510,262,230,1,0,6.8,97.13,5.67
164,20260227,510,345,286,5,1,63.55,81.82,52.96
164,20260302,510,335,261,4,1,99.46,72.41,82.88
164,20260303,510,343,295,5,3,94.75,75.69,78.96
164,20260304,510,335,237,3,0,53.9,81.47,44.92
164,20260305,510,395,303,7,3,112.18,72.98,93.48
164,20260306,510,335,243,4,2,81.86,74.8,68.22
164,20260309,510,400,322,8,4,136.43,70.24,100.0
164,20260310,510,330,298,5,1,88.62,77.08,73.85
164,20260311,510,370,301,5,2,86.22,77.73,71.85
164,20260312,510,229,135,4,1,77.95,63.4,64.96
164,20260313,510,326,246,5,2,71.51,77.48,59.59
164,20260316,510,355,258,5,2,86.1,74.98,71.75
164,20260317,510,290,227,4,2,53.91,80.81,44.92
164,20260318,510,453,395,4,1,57.3,87.33,47.75
164,20260319,510,390,368,7,3,133.99,73.31,100.0
164,20260320,510,370,353,6,2,110.94,76.09,92.45
164,20260323,510,350,306,4,2,66.25,82.2,55.21
164,20260324,510,292,292,3,1,50.54,85.25,42.12
164,20260325,510,319,275,3,0,58.82000000000001,82.38,49.02
164,20260326,510,280,247,5,2,84.94999999999999,74.41,70.79
164,20260327,510,400,333,3,1,41.68,88.88,34.73
164,20260330,510,270,205,4,3,60.64,77.17,50.53
164,20260331,510,332,296,3,2,46.05,86.54,38.38
165,20260101,510,359,289,5,2,81.91,77.92,68.26
165,20260102,510,290,247,3,1,44.989999999999995,84.59,37.49
165,20260105,510,350,316,5,1,85.36,78.73,71.13
165,20260106,510,379,346,3,2,51.06999999999999,87.14,42.56
165,20260107,510,425,295,6,1,112.59,72.38,93.82
165,20260108,510,376,299,4,1,57.47,83.88,47.89
165,20260109,510,292,196,4,2,65.38,74.99,54.48
165,20260112,510,235,182,5,2,72.57,71.49,60.47
165,20260113,510,366,366,5,2,65.26,84.87,54.38
165,20260114,510,429,300,9,5,155.73,65.83,100.0
165,20260115,510,291,226,3,2,62.870000000000005,78.24,52.39
165,20260116,510,430,348,4,1,68.9,83.47,57.42
165,20260119,510,330,205,6,5,96.33,68.03,80.27
165,20260120,510,290,194,7,1,116.25,62.53,96.88
165,20260121,510,284,237,4,2,66.1,78.19,55.08
165,20260122,510,315,264,6,3,107.04,71.15,89.2
165,20260123,510,470,443,3,0,35.42,92.6,29.52
165,20260126,510,280,259,4,2,77.61,76.94,64.68
165,20260127,510,370,307,6,3,110.57,73.52,92.14
165,20260128,510,440,386,7,2,104.33,78.72,86.94
165,20260129,510,410,336,5,3,71.8,82.39,59.83
165,20260130,510,325,290,6,2,101.7,74.04,84.75
165,20260202,510,325,246,1,0,19.46,92.67,16.22
165,20260203,510,285,226,4,3,63.23,78.14,52.69
165,20260204,510,260,228,1,1,13.15,94.55,10.96
165,20260205,510,385,315,2,0,42.489999999999995,88.11,35.41
165,20260206,510,395,325,7,4,113.55,74.11,94.62
165,20260209,510,432,361,6,3,112.27,76.28,93.56
165,20260210,510,182,108,2,1,30.740000000000002,77.84,25.62
165,20260211,510,390,322,6,1,120.79,72.72,100.0
165,20260212,510,395,395,3,1,45.0,89.77,37.5
165,20260213,510,300,257,2,1,27.520000000000003,90.33,22.93
165,20260216,510,360,344,2,0,31.56,91.6,26.3
165,20260217,510,407,323,3,2,47.69,87.13,39.74
165,20260218,510,420,264,7,5,111.32,70.34,92.77
165,20260219,510,410,336,9,5,148.24,69.39,100.0
165,20260220,510,330,318,3,2,39.46000000000001,88.96,32.88
165,20260223,510,285,212,3,1,46.43,82.03,38.69
165,20260224,510,263,244,4,2,56.44,81.21,47.03
165,20260225,510,350,293,3,2,58.89,83.26,49.08
165,20260226,510,260,226,2,0,41.42,84.51,34.52
165,20260227,510,285,222,2,1,28.380000000000003,88.67,23.65
165,20260302,510,339,276,7,3,137.9,66.68,100.0
165,20260303,510,390,278,5,3,60.230000000000004,82.19,50.19
165,20260304,510,201,143,2,2,23.240000000000002,86.02,19.37
165,20260305,510,280,219,5,2,83.0,72.52,69.17
165,20260306,510,405,287,5,1,104.59,73.29,87.16
165,20260309,510,330,262,7,2,88.81,74.68,74.01
165,20260310,510,410,396,7,4,135.49,74.51,100.0
165,20260311,510,370,313,6,3,91.53,77.37,76.28
165,20260312,510,360,260,3,0,55.879999999999995,82.31,46.57
165,20260313,510,290,195,6,3,108.25,64.3,90.21
165,20260316,510,310,266,2,2,23.64,91.84,19.7
165,20260317,510,315,262,4,2,78.0,77.06,65.0
165,20260318,510,415,326,3,2,51.599999999999994,86.33,43.0
165,20260319,510,300,279,6,1,109.42,71.83,91.18
165,20260320,510,372,294,7,2,99.81,74.66,83.18
165,20260323,510,279,166,4,3,54.89999999999999,75.15,45.75
165,20260324,510,390,348,6,1,94.64,78.62,78.87
165,20260325,510,315,238,5,1,90.42,72.47,75.35
165,20260326,510,244,220,5,3,84.4,72.27,70.33
165,20260327,510,165,152,1,0,11.33,93.06,9.44
165,20260330,510,400,354,6,1,102.73,77.51,85.61
165,20260331,510,360,304,6,4,102.24000000000001,74.83,85.2
166,20260101,510,355,292,3,0,42.77,87.22,35.64
166,20260102,510,228,216,3,2,45.73,82.53,38.11
166,20260105,510,395,361,6,1,82.27000000000001,81.44,68.56
166,20260106,510,425,346,6,3,92.07,78.98,76.72
166,20260107,510,380,346,4,2,69.98,83.18,58.32
166,20260108,510,235,167,3,1,58.5,74.06,48.75
166,20260109,510,294,260,6,4,111.31,70.02,92.76
166,20260112,510,375,264,7,3,122.57,68.29,100.0
166,20260113,510,425,356,7,4,118.4,75.04,98.67
166,20260114,510,365,285,6,1,104.66,73.14,87.22
166,20260115,510,327,278,4,2,47.85,85.32,39.88
166,20260116,510,350,332,6,1,87.27,79.19,72.72
166,20260119,510,360,306,7,3,110.84,73.41,92.37
166,20260120,510,360,279,7,4,122.46,69.5,100.0
166,20260121,510,375,262,4,0,69.23,79.1,57.69
166,20260122,510,410,332,5,0,79.79,80.62,66.49
166,20260123,510,335,286,5,1,68.68,80.64,57.23
166,20260126,510,330,249,4,2,84.02,74.77,70.02
166,20260127,510,404,285,7,3,102.14,73.62,85.12
166,20260128,510,380,355,4,1,52.66,87.08,43.88
166,20260129,510,365,320,5,1,86.81,78.66,72.34
166,20260130,510,310,247,6,2,145.63,62.91,100.0
166,20260202,510,325,290,4,2,63.69,81.99,53.08
166,20260203,510,288,230,3,0,30.17,88.4,25.14
166,20260204,510,425,377,4,3,64.9,85.31,54.08
166,20260205,510,450,384,6,3,84.01,82.05,70.01
166,20260206,510,220,165,5,1,84.50999999999999,66.13,70.42
166,20260209,510,235,211,5,2,84.41,71.43,70.34
166,20260210,510,350,266,6,4,102.06,72.27,85.05
166,20260211,510,300,243,3,2,40.05,85.85,33.38
166,20260212,510,360,279,3,1,60.589999999999996,82.16,50.49
166,20260213,510,295,243,6,0,111.41,68.56,92.84
166,20260216,510,275,203,3,1,38.870000000000005,83.93,32.39
166,20260217,510,410,372,5,2,89.74,80.56,74.78
166,20260218,510,417,405,6,3,75.72999999999999,84.25,63.11
166,20260219,510,315,250,5,4,88.12,73.94,73.43
166,20260220,510,389,350,4,0,54.42,86.54,45.35
166,20260223,510,268,228,5,3,82.6,73.41,68.83
166,20260224,510,420,361,5,3,89.6,80.12,74.67
166,20260225,510,400,355,5,0,73.79,82.79,61.49
166,20260226,510,345,281,3,1,30.55,90.19,25.46
166,20260227,510,405,381,4,0,77.1,83.17,64.25
166,20260302,510,443,360,5,2,98.03999999999999,78.6,81.7
166,20260303,510,255,163,4,1,69.12,70.22,57.6
166,20260304,510,440,404,6,4,91.05,81.61,75.87
166,20260305,510,295,243,2,2,34.96,87.42,29.13
166,20260306,510,334,301,3,1,67.46000000000001,81.69,56.22
166,20260309,510,365,325,6,1,130.41,71.36,100.0
166,20260310,510,380,267,6,2,90.72,74.64,75.6
166,20260311,510,440,386,6,4,108.87,78.0,90.72
166,20260312,510,363,339,10,4,175.53,65.89,100.0
166,20260313,510,425,330,9,2,124.32000000000001,72.64,100.0
166,20260316,510,435,406,5,1,81.35000000000001,83.31,67.79
166,20260317,510,245,165,5,2,69.47,70.37,57.89
166,20260318,510,240,152,4,1,67.99000000000001,69.09,56.66
166,20260319,510,360,296,6,5,96.28,75.46,80.23
166,20260320,510,280,226,3,0,55.33,80.33,46.11
166,20260323,510,275,184,5,2,83.03,68.91,69.19
166,20260324,510,303,278,3,2,48.42,85.17,40.35
166,20260325,510,420,345,8,1,146.48,70.2,100.0
166,20260326,510,335,260,4,1,73.17,78.04,60.98
166,20260327,510,203,133,2,0,37.97,77.79,31.64
166,20260330,510,355,331,4,2,71.85,82.16,59.88
166,20260331,510,347,282,5,1,82.66,77.33,68.88
167,20260101,510,245,156,2,1,36.25,81.14,30.21
167,20260102,510,265,165,8,0,138.34,54.39,100.0
167,20260105,510,365,315,5,3,94.22,76.98,78.52
167,20260106,510,410,387,6,4,113.09,77.39,94.24
167,20260107,510,465,414,4,3,65.51,86.34,54.59
167,20260108,510,310,261,2,0,35.87,87.92,29.89
167,20260109,510,153,58,3,0,49.260000000000005,54.07,41.05
167,20260112,510,390,314,7,3,108.78,74.27,90.65
167,20260113,510,330,243,3,0,42.81999999999999,85.02,35.68
167,20260114,510,315,206,4,2,67.15,75.42,55.96
167,20260115,510,320,238,3,1,58.05,80.39,48.37
167,20260116,510,395,320,6,4,97.28999999999999,76.69,81.08
167,20260119,510,240,181,3,3,47.92,79.07,39.93
167,20260120,510,305,216,2,0,28.979999999999997,88.17,24.15
167,20260121,510,320,300,2,1,47.519999999999996,86.33,39.6
167,20260122,510,325,225,7,3,110.22,67.12,91.85
167,20260123,510,189,137,3,2,35.89,79.24,29.91
167,20260126,510,297,183,5,2,78.64,69.94,65.53
167,20260127,510,259,206,5,2,74.38000000000001,73.47,61.98
167,20260128,510,391,281,9,5,132.08,68.03,100.0
167,20260129,510,315,255,3,0,58.55,81.33,48.79
167,20260130,510,261,202,3,0,40.71,83.23,33.92
167,20260202,510,441,385,5,3,86.55,81.65,72.12
167,20260203,510,280,251,3,2,44.07,85.06,36.72
167,20260204,510,290,272,3,1,43.32,86.26,36.1
167,20260205,510,250,143,5,3,86.35,62.35,71.96
167,20260206,510,360,331,4,2,70.21000000000001,82.5,58.51
167,20260209,510,279,220,5,1,75.87,74.36,63.23
167,20260210,510,370,238,3,1,73.47,76.41,61.22
167,20260211,510,287,215,4,3,59.93,78.2,49.94
167,20260212,510,470,470,4,1,66.75,87.56,55.62
167,20260213,510,265,176,3,1,44.65,79.76,37.21
167,20260216,510,235,203,5,3,82.14,71.19,68.45
167,20260217,510,305,262,3,2,44.58,85.46,37.15
167,20260218,510,380,350,5,2,64.17999999999999,84.5,53.48
167,20260219,510,320,271,4,2,57.72,82.44,48.1
167,20260220,510,440,333,7,5,109.14,75.32,90.95
167,20260223,510,350,294,7,2,119.66,71.07,99.72
167,20260224,510,335,316,5,2,69.49000000000001,81.97,57.91
167,20260225,510,366,274,4,2,65.00999999999999,80.82,54.18
167,20260226,510,325,283,7,2,98.64,74.15,82.2
167,20260227,510,417,374,4,1,71.61999999999999,83.93,59.68
167,20260302,510,370,299,5,1,66.29,81.85,55.24
167,20260303,510,320,306,5,1,104.91,74.47,87.42
167,20260304,510,360,311,5,1,116.21000000000001,72.8,96.84
167,20260305,510,218,137,3,1,53.03,72.09,44.19
167,20260306,510,320,229,6,2,83.53999999999999,73.27,69.62
167,20260309,510,403,323,3,2,44.41,87.91,37.01
167,20260310,510,410,333,5,2,106.09,75.84,88.41
167,20260311,510,320,271,5,1,93.41,74.37,77.84
167,20260312,510,420,349,2,1,32.21,91.55,26.84
167,20260313,510,333,294,3,1,48.650000000000006,85.8,40.54
167,20260316,510,435,305,6,1,118.03999999999999,72.1,98.37
167,20260317,510,290,212,6,3,102.86,67.33,85.72
167,20260318,510,405,261,5,2,71.31,78.54,59.42
167,20260319,510,425,388,4,2,52.83,88.02,44.02
167,20260320,510,385,303,4,2,52.53,85.22,43.78
167,20260323,510,240,198,4,0,63.22,75.8,52.68
167,20260324,510,400,320,3,2,44.2,87.86,36.83
167,20260325,510,305,223,4,1,71.94,75.61,59.95
167,20260326,510,374,231,6,1,96.82,70.47,80.68
167,20260327,510,305,252,5,1,86.28999999999999,74.49,71.91
167,20260330,510,365,278,7,2,111.44,71.38,92.87
167,20260331,510,395,324,5,1,73.46000000000001,81.52,61.22
168,20260101,510,395,357,4,3,64.9,84.62,54.08
168,20260102,510,335,222,4,1,66.21000000000001,77.03,55.18
168,20260105,510,420,401,4,2,64.34,86.17,53.62
168,20260106,510,162,131,2,1,30.330000000000002,81.2,25.28
168,20260107,510,345,285,6,1,84.68,77.09,70.57
168,20260108,510,280,250,2,1,22.82,91.64,19.02
168,20260109,510,440,302,3,1,71.64,80.83,59.7
168,20260112,510,250,199,3,1,58.44,77.3,48.7
168,20260113,510,348,336,7,3,118.5,73.93,98.75
168,20260114,510,345,286,5,5,72.4,79.8,60.33
168,20260115,510,295,257,4,2,55.52,82.23,46.27
168,20260116,510,295,218,6,2,116.81,65.11,97.34
168,20260119,510,309,290,1,0,5.71,98.07,4.76
168,20260120,510,345,301,2,1,34.58,89.7,28.82
168,20260121,510,350,350,5,1,79.56,81.48,66.3
168,20260122,510,308,254,2,1,22.73,91.79,18.94
168,20260123,510,300,244,4,1,66.29,78.64,55.24
168,20260126,510,346,281,3,0,41.81,87.05,34.84
168,20260127,510,355,294,3,0,38.56,88.41,32.13
168,20260128,510,365,333,4,2,59.68,84.8,49.73
168,20260129,510,352,264,4,2,53.61,83.12,44.68
168,20260130,510,392,302,5,3,81.45,78.76,67.88
168,20260202,510,390,357,4,3,67.25,84.15,56.04
168,20260203,510,270,224,4,2,75.17,74.87,62.64
168,20260204,510,366,283,3,2,63.92,81.58,53.27
168,20260205,510,365,332,3,0,38.94,89.5,32.45
168,20260206,510,365,318,3,2,53.86,85.52,44.88
168,20260209,510,365,251,3,1,42.53,85.51,35.44
168,20260210,510,385,331,5,0,78.21000000000001,80.89,65.18
168,20260211,510,430,406,3,2,42.86,90.45,35.72
168,20260212,510,337,271,4,2,55.32,83.05,46.1
168,20260213,510,319,257,2,1,26.21,90.75,21.84
168,20260216,510,365,344,4,3,67.52,83.59,56.27
168,20260217,510,310,230,4,2,67.1,77.42,55.92
168,20260218,510,378,358,0,0,0.0,100.0,0.0
168,20260219,510,354,244,4,1,88.89,73.3,74.08
168,20260220,510,370,298,6,0,112.2,72.65,93.5
168,20260223,510,377,297,4,1,90.3,76.68,75.25
168,20260224,510,390,315,2,0,33.2,90.47,27.67
168,20260225,510,308,308,5,1,98.53,75.76,82.11
168,20260226,510,301,219,8,3,116.65,65.25,97.21
168,20260227,510,253,196,6,3,88.69,68.85,73.91
168,20260302,510,200,136,5,2,77.35,63.75,64.46
168,20260303,510,345,264,2,1,33.11,88.86,27.59
168,20260304,510,385,301,8,4,123.13,70.97,100.0
168,20260305,510,340,218,6,1,104.63,67.57,87.19
168,20260306,510,296,259,4,0,46.42,84.8,38.68
168,20260309,510,310,270,3,3,41.06,86.8,34.22
168,20260310,510,394,268,3,0,53.6,83.33,44.67
168,20260311,510,376,317,2,0,36.84,89.59,30.7
168,20260312,510,230,206,2,1,29.85,87.34,24.88
168,20260313,510,450,351,6,3,115.92,75.17,96.6
168,20260316,510,319,287,3,1,61.05,82.46,50.87
168,20260317,510,340,300,6,3,84.87,77.95,70.73
168,20260318,510,245,85,6,3,95.93,46.98,79.94
168,20260319,510,375,363,5,2,83.82,81.24,69.85
168,20260320,510,265,253,4,1,79.36,76.12,66.13
168,20260323,510,358,310,8,4,128.41,70.71,100.0
168,20260324,510,415,359,7,1,115.17,75.71,95.98
168,20260325,510,275,249,1,0,21.96,91.9,18.3
168,20260326,510,332,221,7,1,109.77000000000001,66.81,91.48
168,20260327,510,191,191,0,0,0.0,100.0,0.0
168,20260330,510,274,237,4,3,59.6,79.91,49.67
168,20260331,510,295,238,7,3,117.91,66.87,98.26
169,20260101,510,435,362,10,3,208.68,63.43,100.0
169,20260102,510,345,249,9,5,151.68,62.14,100.0
169,20260105,510,277,229,1,1,13.73,94.34,11.44
169,20260106,510,310,201,4,2,86.14,70.0,71.78
169,20260107,510,405,379,1,0,26.04,93.57,21.7
169,20260108,510,355,330,8,4,132.76,71.31,100.0
169,20260109,510,328,265,3,2,49.81,84.18,41.51
169,20260112,510,370,291,4,2,80.02,78.43,66.68
169,20260113,510,450,348,7,4,104.65,76.88,87.21
169,20260114,510,385,294,8,1,114.1,72.04,95.08
169,20260115,510,359,283,5,2,81.58,77.62,67.98
169,20260116,510,248,142,2,2,37.27,79.21,31.06
169,20260119,510,390,303,6,4,92.08,76.69,76.73
169,20260120,510,244,244,2,0,24.02,91.04,20.02
169,20260121,510,270,186,6,3,80.12,69.89,66.77
169,20260122,510,360,323,4,3,65.77,83.08,54.81
169,20260123,510,425,374,5,1,76.68,82.99,63.9
169,20260126,510,443,400,3,0,49.56,88.98,41.3
169,20260127,510,240,205,2,0,18.87,91.57,15.72
169,20260128,510,425,352,4,0,59.01,85.64,49.18
169,20260129,510,365,365,3,2,49.62,88.03,41.35
169,20260130,510,340,144,4,1,53.730000000000004,72.83,44.78
169,20260202,510,295,271,2,0,32.68,89.24,27.23
169,20260203,510,320,220,6,3,103.18,68.07,85.98
169,20260204,510,245,150,5,1,84.4,63.99,70.33
169,20260205,510,330,316,4,3,63.559999999999995,83.25,52.97
169,20260206,510,410,398,3,1,59.77,86.94,49.81
169,20260209,510,380,317,3,0,43.629999999999995,87.9,36.36
169,20260210,510,430,397,6,1,101.17999999999999,79.69,84.32
169,20260211,510,354,277,5,1,86.8,76.14,72.33
169,20260212,510,404,375,4,3,49.64,88.31,41.37
169,20260213,510,235,142,1,1,16.89,89.37,14.08
169,20260216,510,365,345,5,1,72.87,82.56,60.73
169,20260217,510,360,288,4,0,78.46000000000001,78.59,65.38
169,20260218,510,335,303,3,2,54.39,84.78,45.32
169,20260219,510,340,190,7,1,91.93,67.39,76.61
169,20260220,510,371,324,6,1,109.26,74.78,91.05
169,20260223,510,315,227,4,2,69.68,76.51,58.07
169,20260224,510,340,219,6,1,108.67,66.84,90.56
169,20260225,510,340,320,3,1,52.31,85.95,43.59
169,20260226,510,254,224,3,0,46.83,82.71,39.02
169,20260227,510,430,384,7,4,124.98,75.45,100.0
169,20260302,510,244,181,5,1,82.72,68.63,68.93
169,20260303,510,395,301,3,1,34.31,89.77,28.59
169,20260304,510,305,234,4,1,71.03999999999999,76.71,59.2
169,20260305,510,348,294,5,4,74.25999999999999,79.83,61.88
169,20260306,510,230,164,6,2,103.16,61.39,85.97
169,20260309,510,280,214,4,2,79.0,73.04,65.83
169,20260310,510,340,238,4,2,37.82,86.29,31.52
169,20260311,510,370,276,4,2,70.34,79.69,58.62
169,20260312,510,310,240,1,1,10.29,95.89,8.57
169,20260313,510,450,426,5,0,86.66,83.1,72.22
169,20260316,510,309,258,3,1,53.72,82.77,44.77
169,20260317,510,271,259,3,0,46.13,84.88,38.44
169,20260318,510,330,258,3,0,63.74,80.19,53.12
169,20260319,510,300,257,5,1,73.41,77.78,61.18
169,20260320,510,285,250,6,3,79.84,75.79,66.53
169,20260323,510,345,261,6,2,95.28,73.26,79.4
169,20260324,510,403,367,5,2,79.21,82.25,66.01
169,20260325,510,480,425,4,3,59.66,87.69,49.72
169,20260326,510,355,261,4,1,45.27,85.22,37.72
169,20260327,510,410,374,5,1,92.11,80.24,76.76
169,20260330,510,358,298,2,0,34.84,89.53,29.03
169,20260331,510,338,305,4,3,63.77,82.71,53.14
170,20260101,510,445,397,7,3,107.91,78.63,89.92
170,20260102,510,350,274,4,0,67.64,80.2,56.37
170,20260105,510,480,412,6,1,104.53999999999999,79.76,87.12
170,20260106,510,340,246,6,3,94.83,72.18,79.03
170,20260107,510,265,213,4,0,73.65,74.31,61.38
170,20260108,510,387,363,4,2,78.3,82.26,65.25
170,20260109,510,420,326,3,0,61.5,84.13,51.25
170,20260112,510,415,415,5,1,68.6,85.81,57.17
170,20260113,510,385,334,5,1,90.57,78.67,75.47
170,20260114,510,215,203,3,2,30.42,86.97,25.35
170,20260115,510,365,352,2,0,50.76,87.4,42.3
170,20260116,510,390,333,4,1,78.2,80.98,65.17
170,20260119,510,340,255,4,2,61.91,80.46,51.59
170,20260120,510,345,345,6,1,95.55000000000001,78.31,79.63
170,20260121,510,245,201,4,1,62.08,76.4,51.73
170,20260122,510,455,404,3,2,51.36,88.72,42.8
170,20260123,510,450,359,4,2,65.88,84.49,54.9
170,20260126,510,375,352,3,0,36.87,90.52,30.72
170,20260127,510,320,267,4,1,69.82000000000001,79.27,58.18
170,20260128,510,295,250,6,0,106.57,70.11,88.81
170,20260129,510,364,255,7,3,101.18,71.59,84.32
170,20260130,510,310,270,0,0,0.0,100.0,0.0
170,20260202,510,345,317,4,0,69.99000000000001,81.91,58.32
170,20260203,510,340,247,4,1,61.57,80.05,51.31
170,20260204,510,325,259,2,0,32.25,88.93,26.88
170,20260205,510,275,199,6,4,105.07,65.45,87.56
170,20260206,510,200,123,6,1,80.99,60.3,67.49
170,20260209,510,365,312,7,2,136.86,69.51,100.0
170,20260210,510,390,297,3,1,46.209999999999994,86.54,38.51
170,20260211,510,420,338,4,2,69.38,82.97,57.82
170,20260212,510,270,203,6,1,133.72,60.29,100.0
170,20260213,510,345,333,5,4,72.71000000000001,82.08,60.59
170,20260216,510,345,321,4,1,76.21,80.81,63.51
170,20260217,510,375,319,5,0,67.6,82.51,56.33
170,20260218,510,388,308,7,1,122.44,71.55,100.0
170,20260219,510,480,415,5,1,103.17,80.09,85.98
170,20260220,510,290,214,4,2,60.35,78.0,50.29
170,20260223,510,305,202,5,4,75.25,72.86,62.71
170,20260224,510,290,237,3,1,59.15,80.03,49.29
170,20260225,510,302,302,6,0,111.49,73.04,92.91
170,20260226,510,235,200,1,1,13.67,93.6,11.39
170,20260227,510,270,246,1,1,15.53,94.06,12.94
170,20260302,510,360,224,8,1,138.65,61.77,100.0
170,20260303,510,210,156,2,1,42.760000000000005,78.49,35.63
170,20260304,510,249,222,5,0,113.92,66.09,94.93
170,20260305,510,408,355,6,2,76.58,82.26,63.82
170,20260306,510,348,301,3,0,48.71,86.07,40.59
170,20260309,510,430,375,3,2,53.23,87.57,44.36
170,20260310,510,319,283,5,0,79.31,78.11,66.09
170,20260311,510,403,370,5,1,58.17,86.41,48.48
170,20260312,510,430,399,6,3,93.35,81.04,77.79
170,20260313,510,361,320,4,2,71.81,81.67,59.84
170,20260316,510,375,321,2,1,33.89,90.45,28.24
170,20260317,510,335,288,5,5,85.91,77.02,71.59
170,20260318,510,350,271,2,1,35.44,88.43,29.53
170,20260319,510,395,375,7,3,114.01,76.69,95.01
170,20260320,510,170,131,2,0,27.74,82.52,23.12
170,20260323,510,336,278,7,2,122.22,69.46,100.0
170,20260324,510,380,272,5,0,85.03,76.18,70.86
170,20260325,510,415,356,3,0,57.37,86.12,47.81
170,20260326,510,405,381,3,2,46.89,89.04,39.07
170,20260327,510,310,277,4,1,66.17,80.72,55.14
170,20260330,510,370,344,4,3,74.84,82.13,62.37
170,20260331,510,375,339,6,3,97.65,77.64,81.38
171,20260101,510,299,279,6,2,100.8,73.46,84.0
171,20260102,510,215,191,3,1,62.83,75.25,52.36
171,20260105,510,280,244,3,1,49.19,83.22,40.99
171,20260106,510,325,234,4,2,75.77,75.54,63.14
171,20260107,510,290,290,4,1,64.56,81.79,53.8
171,20260108,510,240,226,2,1,38.379999999999995,85.48,31.98
171,20260109,510,435,354,6,4,95.35,78.78,79.46
171,20260112,510,350,256,4,1,84.85,75.11,70.71
171,20260113,510,390,358,4,2,61.61,85.32,51.34
171,20260114,510,382,324,4,2,64.14,83.48,53.45
171,20260115,510,430,358,4,2,83.15,81.15,69.29
171,20260116,510,326,256,4,2,47.89,84.24,39.91
171,20260119,510,355,280,6,3,84.55,76.81,70.46
171,20260120,510,355,310,5,3,72.27000000000001,81.09,60.23
171,20260121,510,470,375,9,3,146.34,71.93,100.0
171,20260122,510,332,296,6,1,116.67,71.73,97.22
171,20260123,510,286,250,3,2,44.62,84.86,37.18
171,20260126,510,305,219,4,2,67.06,76.56,55.88
171,20260127,510,371,311,3,1,48.37,86.54,40.31
171,20260128,510,281,246,4,1,79.38,75.6,66.15
171,20260129,510,390,345,3,1,58.86,85.43,49.05
171,20260130,510,225,131,6,3,106.3,55.2,88.58
171,20260202,510,366,330,6,1,97.72,77.15,81.43
171,20260203,510,265,217,2,1,33.68,86.56,28.07
171,20260204,510,260,240,2,1,37.760000000000005,86.41,31.47
171,20260205,510,350,291,5,1,89.53,76.47,74.61
171,20260206,510,367,296,8,3,137.65,68.26,100.0
171,20260209,510,334,254,5,3,91.69,73.48,76.41
171,20260210,510,395,368,7,5,101.03,78.46,84.19
171,20260211,510,360,222,8,3,124.0,64.16,100.0
171,20260212,510,320,262,7,4,112.4,69.98,93.67
171,20260213,510,405,301,7,2,108.93,73.43,90.78
171,20260216,510,430,308,5,2,93.91,76.63,78.26
171,20260217,510,360,337,5,1,89.42999999999999,79.03,74.52
171,20260218,510,294,250,5,2,69.8,78.17,58.17
171,20260219,510,380,322,4,1,48.47,86.92,40.39
171,20260220,510,420,389,2,1,36.5,91.42,30.42
171,20260223,510,335,222,5,1,57.58,79.4,47.98
171,20260224,510,410,328,6,4,98.77,76.86,82.31
171,20260225,510,335,291,3,2,47.61,85.94,39.67
171,20260226,510,335,268,7,3,127.45,67.77,100.0
171,20260227,510,425,387,4,1,70.34,84.62,58.62
171,20260302,510,470,390,8,6,132.44,74.65,100.0
171,20260303,510,225,203,2,1,35.12,85.25,29.27
171,20260304,510,345,227,2,2,34.35,86.86,28.62
171,20260305,510,411,354,5,2,61.58,85.18,51.32
171,20260306,510,300,265,3,1,54.78,82.87,45.65
171,20260309,510,268,234,5,3,68.02,77.48,56.68
171,20260310,510,325,218,4,1,69.15,75.92,57.63
171,20260311,510,330,304,4,2,66.7,82.01,55.58
171,20260312,510,385,333,4,0,74.81,81.66,62.34
171,20260313,510,370,370,2,0,31.12,92.24,25.93
171,20260316,510,355,262,3,2,53.870000000000005,82.95,44.89
171,20260317,510,295,261,3,1,50.760000000000005,83.72,42.3
171,20260318,510,310,263,3,1,52.400000000000006,83.39,43.67
171,20260319,510,379,309,3,0,52.7,85.43,43.92
171,20260320,510,255,216,1,0,14.1,93.87,11.75
171,20260323,510,342,216,4,1,50.01,81.2,41.68
171,20260324,510,250,195,5,0,94.85,67.28,79.04
171,20260325,510,375,335,5,2,87.81,79.23,73.18
171,20260326,510,395,331,6,4,78.21000000000001,80.89,65.18
171,20260327,510,465,451,7,1,120.49000000000001,78.92,100.0
171,20260330,510,265,249,2,1,35.19,87.62,29.32
171,20260331,510,375,344,3,2,46.64,88.06,38.87
172,20260101,510,280,253,3,1,54.44,82.29,45.37
172,20260102,510,360,360,3,3,49.3,87.96,41.08
172,20260105,510,360,281,5,4,67.77,80.57,56.47
172,20260106,510,325,263,5,1,76.08,77.56,63.4
172,20260107,510,375,357,6,5,104.71000000000001,77.32,87.26
172,20260108,510,380,288,4,0,55.650000000000006,83.81,46.38
172,20260109,510,109,96,3,1,52.510000000000005,64.64,43.76
172,20260112,510,365,271,5,1,71.13,79.21,59.28
172,20260113,510,420,353,8,2,134.49,72.41,100.0
172,20260114,510,315,312,4,2,62.68,83.27,52.23
172,20260115,510,280,202,3,1,49.73,80.24,41.44
172,20260116,510,270,203,4,1,55.25,78.61,46.04
172,20260119,510,345,221,8,2,139.87,61.24,100.0
172,20260120,510,291,232,3,2,53.78,81.18,44.82
172,20260121,510,395,303,4,2,72.89,80.61,60.74
172,20260122,510,275,221,6,2,108.74,67.02,90.62
172,20260123,510,411,328,4,4,69.48,82.52,57.9
172,20260126,510,353,304,4,2,72.0,80.85,60.0
172,20260127,510,355,300,6,1,98.38,75.3,81.98
172,20260128,510,390,328,4,1,67.62,82.91,56.35
172,20260129,510,435,347,7,1,113.79,75.31,94.82
172,20260130,510,250,152,6,1,106.81,58.73,89.01
172,20260202,510,435,360,4,1,74.46,82.86,62.05
172,20260203,510,455,410,4,0,46.339999999999996,89.85,38.62
172,20260204,510,230,179,3,1,47.370000000000005,79.07,39.48
172,20260205,510,445,328,7,1,92.44,78.01,77.03
172,20260206,510,316,261,3,2,50.480000000000004,83.79,42.07
172,20260209,510,455,340,3,1,41.97,89.01,34.98
172,20260210,510,410,376,6,2,105.12,78.15,87.6
172,20260211,510,262,172,2,1,32.65,84.05,27.21
172,20260212,510,284,206,4,2,69.26,74.84,57.72
172,20260213,510,360,321,4,3,64.08,83.36,53.4
172,20260216,510,345,276,4,1,85.09,76.44,70.91
172,20260217,510,375,322,6,4,107.59,74.96,89.66
172,20260218,510,404,327,5,3,97.55,77.02,81.29
172,20260219,510,390,375,4,3,60.3,86.15,50.25
172,20260220,510,280,258,3,2,34.69,88.15,28.91
172,20260223,510,365,261,7,2,104.31,71.45,86.92
172,20260224,510,242,186,5,2,85.00999999999999,68.63,70.84
172,20260225,510,318,318,2,0,32.48,90.73,27.07
172,20260226,510,395,334,6,0,108.88,75.42,90.73
172,20260227,510,264,246,3,2,39.41,86.19,32.84
172,20260302,510,353,271,6,2,102.37,72.58,85.31
172,20260303,510,320,308,6,2,93.41,76.73,77.84
172,20260304,510,270,164,3,0,32.05,83.65,26.71
172,20260305,510,385,306,7,1,131.85,69.89,100.0
172,20260306,510,330,312,5,1,66.38,82.46,55.32
172,20260309,510,420,342,7,2,124.38,73.33,100.0
172,20260310,510,285,249,4,0,68.35,78.46,56.96
172,20260311,510,305,271,4,0,76.03,78.09,63.36
172,20260312,510,450,365,4,2,69.11,84.08,57.59
172,20260313,510,345,290,3,1,49.89,85.32,41.58
172,20260316,510,395,336,8,3,116.91,74.19,97.42
172,20260317,510,380,347,6,1,91.19,79.19,75.99
172,20260318,510,285,241,3,3,45.300000000000004,84.18,37.75
172,20260319,510,255,209,4,4,50.129999999999995,80.65,41.78
172,20260320,510,310,236,4,1,61.25,79.39,51.04
172,20260323,510,460,411,5,1,89.64,82.09,74.7
172,20260324,510,380,308,8,4,121.05,71.79,100.0
172,20260325,510,365,341,4,2,61.62,84.7,51.35
172,20260326,510,335,278,3,2,40.739999999999995,87.22,33.95
172,20260327,510,450,372,10,2,187.15,66.53,100.0
172,20260330,510,283,218,3,2,62.69,77.67,52.24
172,20260331,510,315,229,2,1,18.09,92.68,15.08
173,20260101,510,330,137,6,0,87.92,60.91,73.27
173,20260102,510,325,272,6,1,78.14,77.68,65.12
173,20260105,510,307,201,3,0,45.8,81.44,38.17
173,20260106,510,350,306,4,1,55.79,84.58,46.49
173,20260107,510,225,193,4,1,72.54,72.68,60.45
173,20260108,510,340,298,4,1,90.24000000000001,76.76,75.2
173,20260109,510,265,245,2,0,33.24,88.05,27.7
173,20260112,510,375,319,5,3,78.23,80.31,65.19
173,20260113,510,380,368,5,3,99.07,78.79,82.56
173,20260114,510,315,275,5,1,101.87,72.97,84.89
173,20260115,510,421,353,7,1,118.79,74.82,98.99
173,20260116,510,275,229,3,3,45.13,83.54,37.61
173,20260119,510,425,349,4,2,60.11,85.31,50.09
173,20260120,510,365,324,6,3,87.95,78.65,73.29
173,20260121,510,385,283,6,2,100.43,73.81,83.69
173,20260122,510,385,309,3,2,55.25,84.83,46.04
173,20260123,510,276,197,7,3,127.03,60.8,100.0
173,20260126,510,345,257,5,2,88.69,74.34,73.91
173,20260127,510,375,273,9,3,146.09,65.14,100.0
173,20260128,510,340,286,6,3,91.18,75.83,75.98
173,20260129,510,360,274,8,3,122.17,69.16,100.0
173,20260130,510,340,307,6,2,113.11,73.08,94.26
173,20260202,510,255,216,2,1,37.540000000000006,85.19,31.28
173,20260203,510,435,358,5,3,81.64,81.43,68.03
173,20260204,510,335,240,5,2,91.74000000000001,72.35,76.45
173,20260205,510,340,291,7,3,102.97,73.86,85.81
173,20260206,510,180,148,3,1,44.3,76.96,36.92
173,20260209,510,280,188,7,2,101.47,64.95,84.56
173,20260210,510,365,314,4,2,70.99000000000001,81.56,59.16
173,20260211,510,363,292,5,2,89.25,76.59,74.38
173,20260212,510,365,323,5,3,72.98,81.57,60.82
173,20260213,510,345,271,5,0,95.21,74.0,79.34
173,20260216,510,420,420,3,2,54.55,88.5,45.46
173,20260217,510,365,309,4,2,59.78,83.79,49.82
173,20260218,510,290,250,8,3,121.79,67.24,100.0
173,20260219,510,330,201,5,0,98.13,67.19,81.77
173,20260220,510,215,142,3,1,51.46,73.4,42.88
173,20260223,510,375,312,1,0,7.05,97.79,5.88
173,20260224,510,320,217,4,3,54.47,79.94,45.39
173,20260225,510,255,243,5,0,101.12,70.61,84.27
173,20260226,510,360,242,5,1,90.14,72.86,75.12
173,20260227,510,136,93,3,1,46.089999999999996,66.86,38.41
173,20260302,510,405,317,6,2,98.87,76.23,82.39
173,20260303,510,415,324,4,2,65.02,83.29,54.18
173,20260304,510,391,324,5,1,77.71,80.66,64.76
173,20260305,510,405,346,4,2,65.45,84.09,54.54
173,20260306,510,280,267,5,1,93.12,74.14,77.6
173,20260309,510,435,417,4,0,73.91,84.94,61.59
173,20260310,510,410,370,8,1,135.56,73.19,100.0
173,20260311,510,355,289,6,2,124.2,69.94,100.0
173,20260312,510,350,338,2,1,31.36,91.51,26.13
173,20260313,510,395,345,4,2,63.06,84.55,52.55
173,20260316,510,320,251,6,3,93.56,72.85,77.97
173,20260317,510,360,311,4,0,58.36,84.2,48.63
173,20260318,510,250,198,5,3,96.15,67.31,80.12
173,20260319,510,264,252,2,0,13.72,94.84,11.43
173,20260320,510,350,329,5,1,68.02,82.87,56.68
173,20260323,510,410,295,5,2,104.52,73.84,87.1
173,20260324,510,382,305,5,1,100.63,75.19,83.86
173,20260325,510,375,266,4,2,58.6,81.95,48.83
173,20260326,510,395,328,6,1,102.67,76.16,85.56
173,20260327,510,375,375,6,4,103.91,78.3,86.59
173,20260330,510,370,282,7,3,126.14,69.09,100.0
173,20260331,510,384,354,6,2,101.67,77.69,84.72
174,20260101,510,420,330,7,2,122.67,72.9,100.0
174,20260102,510,295,234,4,1,64.67,78.35,53.89
174,20260105,510,330,280,4,1,56.15,83.3,46.79
174,20260106,510,268,185,6,4,79.9,69.84,66.58
174,20260107,510,303,134,7,3,118.18,53.14,98.48
174,20260108,510,470,395,7,1,121.24,76.51,100.0
174,20260109,510,481,469,5,3,79.15,85.56,65.96
174,20260112,510,282,205,3,1,49.81,80.45,41.51
174,20260113,510,390,390,4,1,70.3,84.73,58.58
174,20260114,510,325,309,6,1,85.86999999999999,78.25,71.56
174,20260115,510,320,270,3,2,65.02,80.59,54.18
174,20260116,510,243,227,3,1,66.84,77.25,55.7
174,20260119,510,399,293,8,1,151.73000000000002,65.88,100.0
174,20260120,510,375,295,7,2,118.37,71.36,98.64
174,20260121,510,437,360,6,1,91.36,79.76,76.13
174,20260122,510,390,331,5,4,80.06,80.52,66.72
174,20260123,510,340,325,7,4,109.79,74.75,91.49
174,20260126,510,220,180,3,1,55.07,76.57,45.89
174,20260127,510,310,282,5,2,77.12,78.53,64.27
174,20260128,510,279,266,6,3,75.97999999999999,77.78,63.32
174,20260129,510,445,392,3,2,45.2,89.66,37.67
174,20260130,510,250,152,4,0,91.42,62.44,76.18
174,20260202,510,318,252,3,2,47.36,84.18,39.47
174,20260203,510,275,225,3,0,51.46,81.39,42.88
174,20260204,510,310,267,5,2,71.88,78.79,59.9
174,20260205,510,320,226,5,2,73.49000000000001,75.46,61.24
174,20260206,510,305,258,4,2,44.76,85.22,37.3
174,20260209,510,274,248,4,2,58.849999999999994,80.82,49.04
174,20260210,510,410,364,2,0,37.39,90.68,31.16
174,20260211,510,380,305,7,3,117.48,72.19,97.9
174,20260212,510,448,420,5,0,89.38000000000001,82.45,74.48
174,20260213,510,232,232,1,0,19.86,92.11,16.55
174,20260216,510,315,279,3,2,30.85,90.04,25.71
174,20260217,510,395,350,6,5,79.69,81.45,66.41
174,20260218,510,320,268,2,0,32.14,89.29,26.78
174,20260219,510,450,398,3,2,49.3,88.98,41.08
174,20260220,510,290,248,2,1,31.150000000000002,88.84,25.96
174,20260223,510,425,404,5,1,53.15,88.37,44.29
174,20260224,510,352,320,4,2,51.61,86.11,43.01
174,20260225,510,455,357,7,3,125.16,74.04,100.0
174,20260226,510,215,196,2,1,19.7,90.87,16.42
174,20260227,510,410,303,6,1,106.27,74.03,88.56
174,20260302,510,270,239,5,4,85.66,73.62,71.38
174,20260303,510,285,227,3,1,33.74,87.06,28.12
174,20260304,510,466,357,9,5,142.56,71.46,100.0
174,20260305,510,300,253,0,0,0.0,100.0,0.0
174,20260306,510,510,456,4,2,67.96,87.03,56.63
174,20260309,510,355,309,3,1,58.89,83.99,49.08
174,20260310,510,335,272,3,1,57.91,82.45,48.26
174,20260311,510,328,227,5,2,95.28999999999999,70.43,79.41
174,20260312,510,395,265,3,2,42.620000000000005,86.15,35.52
174,20260313,510,390,335,5,2,104.26,76.26,86.88
174,20260316,510,390,341,3,1,43.01,88.8,35.84
174,20260317,510,265,224,4,2,56.06,79.98,46.72
174,20260318,510,309,245,4,2,70.2,77.73,58.5
174,20260319,510,285,245,3,1,39.85,86.01,33.21
174,20260320,510,290,191,6,2,105.87,64.34,88.22
174,20260323,510,470,450,4,1,65.15,87.35,54.29
174,20260324,510,347,329,7,4,126.52,72.23,100.0
174,20260325,510,415,291,11,4,167.78,63.43,100.0
174,20260326,510,380,297,3,1,43.79,87.15,36.49
174,20260327,510,380,343,3,1,47.58,87.82,39.65
174,20260330,510,320,271,2,1,35.34,88.46,29.45
174,20260331,510,236,141,4,2,67.44,67.65,56.2
175,20260101,510,407,358,7,0,83.48,81.09,69.57
175,20260102,510,400,320,6,4,96.72,76.79,80.6
175,20260105,510,218,157,3,1,37.81,80.59,31.51
175,20260106,510,406,310,7,4,112.07,73.45,93.39
175,20260107,510,335,244,6,5,103.82000000000001,70.15,86.52
175,20260108,510,325,289,3,1,56.53,83.64,47.11
175,20260109,510,265,243,5,0,75.27,76.35,62.72
175,20260112,510,410,320,2,1,24.740000000000002,92.82,20.62
175,20260113,510,325,308,7,3,117.13,72.45,97.61
175,20260114,510,425,389,7,2,115.15,77.16,95.96
175,20260115,510,332,255,3,2,48.510000000000005,84.02,40.43
175,20260116,510,435,427,5,1,92.07,82.26,76.72
175,20260119,510,289,225,3,0,49.18,82.06,40.98
175,20260120,510,400,260,8,1,141.83,64.7,100.0
175,20260121,510,325,280,5,1,81.26,77.51,67.72
175,20260122,510,245,220,6,2,100.16,68.72,83.47
175,20260123,510,280,246,5,2,86.32,74.03,71.93
175,20260126,510,310,228,5,1,74.22,75.44,61.85
175,20260127,510,344,281,5,3,87.53999999999999,76.25,72.95
175,20260128,510,370,288,7,5,122.13,70.22,100.0
175,20260129,510,358,328,4,3,67.02000000000001,83.03,55.85
175,20260130,510,370,321,4,3,69.3,82.24,57.75
175,20260202,510,222,131,4,4,57.47,69.51,47.89
175,20260203,510,290,229,5,1,71.57,76.19,59.64
175,20260204,510,405,384,6,5,101.22,79.14,84.35
175,20260205,510,345,292,4,1,53.62,84.49,44.68
175,20260206,510,321,245,7,2,107.59,69.49,89.66
175,20260209,510,380,304,2,2,36.88,89.18,30.73
175,20260210,510,340,236,5,3,74.78,75.94,62.32
175,20260211,510,450,400,5,0,81.53999999999999,83.07,67.95
175,20260212,510,290,239,0,0,0.0,100.0,0.0
175,20260213,510,300,235,3,1,59.0,79.93,49.17
175,20260216,510,295,254,5,4,86.49000000000001,74.6,72.08
175,20260217,510,360,311,3,2,47.98,86.63,39.98
175,20260218,510,339,316,4,1,87.19,78.37,72.66
175,20260219,510,395,309,5,2,74.17,80.64,61.81
175,20260220,510,420,314,4,1,75.68,80.58,63.07
175,20260223,510,300,238,3,1,53.349999999999994,81.69,44.46
175,20260224,510,396,376,2,1,23.45,94.13,19.54
175,20260225,510,403,342,6,3,69.87,83.04,58.22
175,20260226,510,380,314,4,2,66.26,82.58,55.22
175,20260227,510,288,256,4,4,74.47,77.47,62.06
175,20260302,510,385,349,4,3,60.04,85.32,50.03
175,20260303,510,385,290,8,3,131.21,68.85,100.0
175,20260304,510,218,206,3,1,53.19,79.48,44.32
175,20260305,510,450,402,6,2,100.58000000000001,79.99,83.82
175,20260306,510,397,292,6,4,84.36,77.59,70.3
175,20260309,510,376,317,7,4,117.28,72.99,97.73
175,20260310,510,345,265,4,3,68.03999999999999,79.57,56.7
175,20260311,510,410,388,3,1,51.879999999999995,88.21,43.23
175,20260312,510,300,190,3,1,46.91,80.2,39.09
175,20260313,510,414,363,8,5,119.49,75.23,99.57
175,20260316,510,385,352,8,5,114.62,75.44,95.52
175,20260317,510,305,214,7,1,118.84,64.3,99.03
175,20260318,510,244,232,4,2,60.56,79.3,50.47
175,20260319,510,335,271,1,1,14.02,95.08,11.68
175,20260320,510,381,239,8,3,130.86,64.62,100.0
175,20260323,510,390,340,9,4,161.1,67.85,100.0
175,20260324,510,300,233,2,0,43.629999999999995,84.23,36.36
175,20260325,510,355,285,3,0,59.67,82.69,49.72
175,20260326,510,392,377,3,1,60.52,86.17,50.43
175,20260327,510,315,279,3,2,48.29,85.25,40.24
175,20260330,510,360,281,4,1,64.93,81.23,54.11
175,20260331,510,425,322,3,2,48.44,86.92,40.37
176,20260101,510,340,252,5,0,80.54,75.78,67.12
176,20260102,510,320,291,6,2,84.3,77.54,70.25
176,20260105,510,345,285,5,2,83.17,77.41,69.31
176,20260106,510,365,314,4,0,51.519999999999996,85.91,42.93
176,20260107,510,402,312,5,0,71.94,81.26,59.95
176,20260108,510,202,171,2,1,38.58,81.59,32.15
176,20260109,510,345,292,3,1,53.06,84.62,44.22
176,20260112,510,325,325,4,1,61.86,84.01,51.55
176,20260113,510,387,306,6,2,97.21000000000001,75.89,81.01
176,20260114,510,307,269,7,5,122.62,68.69,100.0
176,20260115,510,350,298,5,3,78.08,79.24,65.07
176,20260116,510,342,304,5,2,80.69,79.02,67.24
176,20260119,510,395,321,5,4,69.63,82.17,58.02
176,20260120,510,370,335,6,4,98.54,77.27,82.12
176,20260121,510,290,242,3,1,47.68,83.54,39.73
176,20260122,510,201,143,3,0,36.92,79.48,30.77
176,20260123,510,320,308,5,0,79.67999999999999,79.45,66.4
176,20260126,510,345,200,8,3,160.64,55.46,100.0
176,20260127,510,435,366,7,1,113.00999999999999,76.41,94.18
176,20260128,510,395,342,5,2,82.63,80.54,68.86
176,20260129,510,343,327,6,2,99.17999999999999,76.73,82.65
176,20260130,510,365,272,7,3,105.42,72.07,87.85
176,20260202,510,433,375,4,0,56.45,86.92,47.04
176,20260203,510,257,206,3,0,54.71,79.01,45.59
176,20260204,510,335,298,5,2,55.14,84.39,45.95
176,20260205,510,315,222,7,3,97.77,69.42,81.47
176,20260206,510,325,276,3,1,60.61,81.99,50.51
176,20260209,510,375,325,7,4,128.09,71.73,100.0
176,20260210,510,375,339,4,2,54.4,86.17,45.33
176,20260211,510,360,231,5,3,88.5,72.3,73.75
176,20260212,510,310,219,5,1,75.36,74.4,62.8
176,20260213,510,315,202,7,4,113.39999999999999,64.05,94.5
176,20260216,510,387,294,4,1,52.71,84.8,43.92
176,20260217,510,410,357,8,2,146.51,70.9,100.0
176,20260218,510,450,373,7,2,127.82,74.48,100.0
176,20260219,510,295,217,4,2,79.25999999999999,73.25,66.05
176,20260220,510,355,252,7,3,94.18,72.79,78.48
176,20260223,510,365,346,6,2,112.67999999999999,75.43,93.9
176,20260224,510,235,173,2,1,27.72,86.19,23.1
176,20260225,510,268,220,4,1,73.97999999999999,74.84,61.65
176,20260226,510,375,375,2,1,23.0,94.22,19.17
176,20260227,510,330,295,6,5,88.63,76.9,73.86
176,20260302,510,366,334,4,1,78.77,80.92,65.64
176,20260303,510,404,382,5,2,88.01,81.27,73.34
176,20260304,510,375,303,5,3,95.27,76.08,79.39
176,20260305,510,335,247,4,2,79.41,75.67,66.18
176,20260306,510,415,289,9,4,152.75,65.42,100.0
176,20260309,510,320,271,3,1,39.3,87.33,32.75
176,20260310,510,420,408,1,1,20.75,95.16,17.29
176,20260311,510,335,253,9,8,138.24,64.67,100.0
176,20260312,510,405,355,2,1,36.31,90.72,30.26
176,20260313,510,225,135,4,2,63.91,67.87,53.26
176,20260316,510,404,214,9,2,142.22,60.08,100.0
176,20260317,510,200,131,4,1,72.67999999999999,64.32,60.57
176,20260318,510,337,301,5,2,65.28,82.18,54.4
176,20260319,510,355,298,3,0,52.74,84.96,43.95
176,20260320,510,410,340,6,2,96.58,77.88,80.48
176,20260323,510,365,298,3,0,50.93,85.4,42.44
176,20260324,510,355,319,3,0,40.19,88.81,33.49
176,20260325,510,314,314,7,4,112.86999999999999,73.56,94.06
176,20260326,510,368,335,5,2,72.77,82.15,60.64
176,20260327,510,347,335,3,1,54.81,85.94,45.68
176,20260330,510,425,379,3,1,45.71,89.24,38.09
176,20260331,510,320,278,2,0,39.09,87.67,32.58
177,20260101,510,230,141,5,0,82.49,63.09,68.74
177,20260102,510,405,301,2,0,41.84,87.8,34.87
177,20260105,510,339,327,5,0,94.93,77.5,79.11
177,20260106,510,285,184,6,2,88.42,67.54,73.68
177,20260107,510,410,336,6,0,110.72999999999999,75.21,92.28
177,20260108,510,435,409,5,3,91.97,81.64,76.64
177,20260109,510,278,178,4,1,97.88,64.52,81.57
177,20260112,510,305,254,5,0,79.94000000000001,76.06,66.62
177,20260113,510,350,278,4,3,57.2,82.94,47.67
177,20260114,510,390,286,7,2,102.48,73.62,85.4
177,20260115,510,370,335,3,1,59.11,85.0,49.26
177,20260116,510,445,351,4,3,67.3,83.91,56.08
177,20260119,510,265,237,4,2,62.04,79.25,51.7
177,20260120,510,385,354,2,2,28.749999999999996,92.49,23.96
177,20260121,510,249,210,3,1,42.82,83.06,35.68
177,20260122,510,285,238,6,2,115.65,67.3,96.38
177,20260123,510,355,355,4,1,65.14,84.5,54.28
177,20260126,510,400,349,3,2,54.589999999999996,86.47,45.49
177,20260127,510,349,256,4,1,59.92,81.03,49.93
177,20260128,510,364,252,8,1,151.92000000000002,62.39,100.0
177,20260129,510,315,235,4,2,65.74000000000001,78.14,54.78
177,20260130,510,315,227,3,1,59.5,79.23,49.58
177,20260202,510,440,422,5,3,88.47,82.67,73.72
177,20260203,510,396,280,8,3,156.32,64.17,100.0
177,20260204,510,330,299,1,1,17.63,94.43,14.69
177,20260205,510,345,293,2,2,30.69,90.52,25.58
177,20260206,510,340,267,8,2,144.7,64.85,100.0
177,20260209,510,435,382,8,5,137.13,73.58,100.0
177,20260210,510,390,356,2,1,36.25,90.76,30.21
177,20260211,510,345,301,4,2,91.73,76.64,76.44
177,20260212,510,330,295,3,1,59.92,83.12,49.93
177,20260213,510,330,309,5,1,78.23,79.8,65.19
177,20260216,510,362,252,7,2,105.30000000000001,70.53,87.75
177,20260217,510,410,410,5,3,86.76,82.53,72.3
177,20260218,510,326,182,3,0,68.22,72.74,56.85
177,20260219,510,385,349,4,1,64.48,84.41,53.73
177,20260220,510,430,344,7,3,116.45,74.71,97.04
177,20260223,510,253,156,5,1,87.88,63.97,73.23
177,20260224,510,360,291,8,5,148.79,66.17,100.0
177,20260225,510,303,242,3,1,28.89,89.34,24.08
177,20260226,510,305,193,6,3,122.16,61.24,100.0
177,20260227,510,410,328,5,2,74.03,81.59,61.69
177,20260302,510,395,315,5,3,81.08,79.53,67.57
177,20260303,510,450,327,3,0,48.5,87.08,40.42
177,20260304,510,375,355,7,2,125.87,73.82,100.0
177,20260305,510,360,286,9,3,136.26999999999998,67.73,100.0
177,20260306,510,270,270,3,2,54.81,83.13,45.68
177,20260309,510,337,325,3,1,58.06,84.84,48.38
177,20260310,510,410,366,5,2,66.66,84.59,55.55
177,20260311,510,392,377,4,1,61.980000000000004,85.88,51.65
177,20260312,510,252,240,3,1,65.59,78.54,54.66
177,20260313,510,413,361,4,2,60.050000000000004,85.74,50.04
177,20260316,510,265,210,5,0,90.4,69.91,75.33
177,20260317,510,255,201,4,1,60.75,76.79,50.62
177,20260318,510,336,243,3,1,48.33,83.41,40.28
177,20260319,510,332,257,3,1,49.22,83.93,41.02
177,20260320,510,345,285,6,4,100.26,73.98,83.55
177,20260323,510,355,331,7,3,126.17,72.4,100.0
177,20260324,510,454,387,5,2,99.69,79.52,83.08
177,20260325,510,235,132,5,2,98.93,57.16,82.44
177,20260326,510,370,370,4,1,62.5,85.55,52.08
177,20260327,510,410,277,5,3,86.06,76.3,71.72
177,20260330,510,275,210,4,2,70.39,74.9,58.66
177,20260331,510,390,286,8,4,148.09,65.88,100.0
178,20260101,510,378,295,4,1,58.870000000000005,83.36,49.06
178,20260102,510,309,256,3,2,42.46,85.77,35.38
178,20260105,510,440,321,5,2,70.12,82.07,58.43
178,20260106,510,275,190,7,2,117.88,61.71,98.23
178,20260107,510,295,226,3,1,50.36,81.78,41.97
178,20260108,510,283,271,5,3,85.43,76.03,71.19
178,20260109,510,372,306,4,2,53.8,85.05,44.83
178,20260112,510,360,260,4,2,53.559999999999995,82.92,44.63
178,20260113,510,243,231,4,1,74.83,75.53,62.36
178,20260114,510,420,394,7,3,116.32,77.21,96.93
178,20260115,510,170,75,2,0,26.34,74.01,21.95
178,20260116,510,411,378,3,1,44.17,89.54,36.81
178,20260119,510,360,231,3,2,48.89,82.53,40.74
178,20260120,510,280,236,4,1,71.97,76.63,59.98
178,20260121,510,323,288,4,2,64.47,81.71,53.72
178,20260122,510,455,419,3,1,56.199999999999996,88.17,46.83
178,20260123,510,344,305,3,0,67.72,81.83,56.43
178,20260126,510,352,340,4,1,72.09,82.51,60.08
178,20260127,510,285,159,5,1,75.92,67.68,63.27
178,20260128,510,395,371,3,2,46.76,88.81,38.97
178,20260129,510,415,335,9,3,172.32999999999998,66.03,100.0
178,20260130,510,250,238,4,2,79.57,74.94,66.31
178,20260202,510,316,286,4,2,48.72,85.44,40.6
178,20260203,510,280,198,4,2,39.92,83.22,33.27
178,20260204,510,385,286,10,1,177.15,61.75,100.0
178,20260205,510,350,268,5,2,81.04,76.78,67.53
178,20260206,510,359,292,7,2,118.91,71.06,99.09
178,20260209,510,301,277,2,0,32.98,89.36,27.48
178,20260210,510,394,359,3,1,53.39,87.05,44.49
178,20260211,510,275,223,4,2,79.85,73.63,66.54
178,20260212,510,420,346,5,4,100.3,77.53,83.58
178,20260213,510,240,199,4,4,57.49,77.59,47.91
178,20260216,510,290,160,6,3,101.14,61.27,84.28
178,20260217,510,310,272,5,2,94.06,74.3,78.38
178,20260218,510,275,244,6,2,104.12,70.09,86.77
178,20260219,510,445,359,3,1,59.55,85.77,49.62
178,20260220,510,390,355,0,0,0.0,100.0,0.0
178,20260223,510,430,331,6,0,77.42,81.04,64.52
178,20260224,510,365,317,4,1,64.67,83.06,53.89
178,20260225,510,445,373,5,1,79.97,82.35,66.64
178,20260226,510,255,218,2,0,37.82,85.22,31.52
178,20260227,510,366,321,4,1,75.87,80.88,63.23
178,20260302,510,245,229,4,1,62.120000000000005,78.66,51.77
178,20260303,510,400,256,4,2,56.81,81.84,47.34
178,20260304,510,395,303,2,0,18.91,94.13,15.76
178,20260305,510,280,225,7,2,138.60999999999999,61.88,100.0
178,20260306,510,290,229,4,1,55.28,80.55,46.07
178,20260309,510,370,291,5,2,89.23,76.53,74.36
178,20260310,510,335,245,3,1,40.73,85.75,33.94
178,20260311,510,355,323,3,3,42.25,88.43,35.21
178,20260312,510,367,307,3,3,42.57,87.82,35.48
178,20260313,510,335,289,3,1,59.269999999999996,82.98,49.39
178,20260316,510,283,151,3,0,39.480000000000004,79.27,32.9
178,20260317,510,270,215,5,2,95.45,69.25,79.54
178,20260318,510,222,115,3,2,58.86,66.15,49.05
178,20260319,510,390,353,5,3,93.46000000000001,79.07,77.88
178,20260320,510,424,334,8,4,121.74000000000001,73.29,100.0
178,20260323,510,340,267,5,0,105.19,71.74,87.66
178,20260324,510,355,288,5,2,89.2,76.35,74.33
178,20260325,510,337,252,4,2,84.0,75.0,70.0
178,20260326,510,400,338,4,1,66.44,83.57,55.37
178,20260327,510,344,250,5,0,79.67,75.83,66.39
178,20260330,510,360,324,6,3,96.88,76.98,80.73
178,20260331,510,420,358,2,2,33.79,91.38,28.16
179,20260101,510,421,320,9,6,117.81,73.09,98.18
179,20260102,510,325,202,8,3,98.87,67.14,82.39
179,20260105,510,420,380,4,2,70.12,84.42,58.43
179,20260106,510,275,243,4,3,71.38,77.29,59.48
179,20260107,510,362,201,7,2,91.36,68.75,76.13
179,20260108,510,465,421,4,1,59.81,87.56,49.84
179,20260109,510,260,218,4,3,56.480000000000004,79.42,47.07
179,20260112,510,439,384,8,2,125.67,75.34,100.0
179,20260113,510,395,364,3,2,57.92,86.27,48.27
179,20260114,510,330,234,4,2,55.96,80.7,46.63
179,20260115,510,350,301,4,0,45.58,86.85,37.98
179,20260116,510,355,315,5,1,81.2,79.51,67.67
179,20260119,510,271,233,5,1,101.94,69.56,84.95
179,20260120,510,313,271,6,2,79.53,77.31,66.28
179,20260121,510,275,240,3,3,38.47,86.19,32.06
179,20260122,510,352,288,3,1,64.11,81.79,53.42
179,20260123,510,345,323,2,1,24.96,92.83,20.8
179,20260126,510,480,433,6,1,103.88,80.65,86.57
179,20260127,510,405,333,5,1,93.32000000000001,78.11,77.77
179,20260128,510,295,283,3,0,50.92,84.75,42.43
179,20260129,510,365,326,7,2,110.64,74.66,92.2
179,20260130,510,335,249,5,3,82.01,75.22,68.34
179,20260202,510,360,319,4,4,59.3,84.32,49.42
179,20260203,510,404,377,5,1,83.44,81.88,69.53
179,20260204,510,290,237,4,1,77.1,75.45,64.25
179,20260205,510,390,339,8,6,123.63,73.28,100.0
179,20260206,510,420,358,2,1,32.31,91.72,26.93
179,20260209,510,285,210,5,0,79.78,72.47,66.48
179,20260210,510,270,252,4,1,82.53,75.33,68.77
179,20260211,510,440,336,5,4,80.96,80.58,67.47
179,20260212,510,318,284,5,0,69.62,80.31,58.02
179,20260213,510,445,369,6,2,111.42,76.81,92.85
179,20260216,510,393,329,7,5,128.93,71.85,100.0
179,20260217,510,450,386,4,1,59.86,86.57,49.88
179,20260218,510,370,322,3,0,54.879999999999995,85.44,45.73
179,20260219,510,321,304,1,1,16.1,94.97,13.42
179,20260220,510,400,388,4,2,82.0,82.55,68.33
179,20260223,510,227,133,3,1,43.17,75.5,35.98
179,20260224,510,395,330,2,1,35.54,90.28,29.62
179,20260225,510,350,320,5,3,83.48,79.31,69.57
179,20260226,510,345,291,7,6,94.03,75.58,78.36
179,20260227,510,360,262,5,4,75.0,77.74,62.5
179,20260302,510,240,203,3,2,56.24,78.31,46.87
179,20260303,510,430,349,9,6,146.93,70.37,100.0
179,20260304,510,450,386,4,2,69.63,84.72,58.02
179,20260305,510,370,281,2,0,34.129999999999995,89.17,28.44
179,20260306,510,372,334,5,4,80.38,80.6,66.98
179,20260309,510,481,434,5,3,74.48,85.35,62.07
179,20260310,510,390,328,8,4,139.4,70.18,100.0
179,20260311,510,355,300,7,5,118.31,71.72,98.59
179,20260312,510,375,344,5,2,100.6,77.37,83.83
179,20260313,510,264,252,3,0,61.08,80.49,50.9
179,20260316,510,431,347,8,2,137.57,71.61,100.0
179,20260317,510,245,185,4,2,64.21000000000001,74.23,53.51
179,20260318,510,420,304,5,3,69.75,81.34,58.13
179,20260319,510,280,210,4,2,49.95,80.78,41.62
179,20260320,510,235,188,1,1,15.88,92.21,13.23
179,20260323,510,300,246,3,2,44.52,84.68,37.1
179,20260324,510,365,254,7,2,121.22,67.69,100.0
179,20260325,510,245,217,2,2,31.819999999999997,87.21,26.52
179,20260326,510,357,256,3,0,42.44,85.78,35.37
179,20260327,510,373,349,4,1,65.72999999999999,84.15,54.78
179,20260330,510,304,239,3,1,45.11,84.12,37.59
179,20260331,510,401,377,2,0,26.82,93.36,22.35
180,20260101,510,388,376,6,3,127.05000000000001,74.74,100.0
180,20260102,510,260,219,4,2,57.18,79.3,47.65
180,20260105,510,367,367,2,2,33.099999999999994,91.73,27.58
180,20260106,510,235,181,2,1,39.14,82.22,32.62
180,20260107,510,225,179,0,0,0.0,100.0,0.0
180,20260108,510,260,236,3,3,40.0,85.51,33.33
180,20260109,510,395,313,7,1,110.73,73.87,92.28
180,20260112,510,360,263,7,3,108.61,70.77,90.51
180,20260113,510,315,201,3,1,39.22,83.67,32.68
180,20260114,510,321,180,5,3,59.91,75.03,49.92
180,20260115,510,370,302,4,0,75.42,80.02,62.85
180,20260116,510,330,287,4,2,53.59,84.27,44.66
180,20260119,510,390,307,4,3,57.14,84.31,47.62
180,20260120,510,361,339,5,2,62.79,84.37,52.32
180,20260121,510,410,347,6,3,100.32,77.57,83.6
180,20260122,510,380,312,4,1,65.27000000000001,82.7,54.39
180,20260123,510,320,240,5,2,93.52,71.96,77.93
180,20260126,510,375,237,4,1,73.63,76.3,61.36
180,20260127,510,350,272,8,4,102.33,72.66,85.28
180,20260128,510,205,164,3,2,42.17,79.55,35.14
180,20260129,510,289,267,1,0,16.65,94.13,13.87
180,20260130,510,210,210,3,1,56.620000000000005,78.76,47.18
180,20260202,510,273,239,2,0,44.74,84.23,37.28
180,20260203,510,345,275,5,2,83.65,76.68,69.71
180,20260204,510,240,220,6,1,102.80000000000001,68.15,85.67
180,20260205,510,465,432,7,3,118.1,78.53,98.42
180,20260206,510,355,340,2,0,35.01,90.66,29.18
180,20260209,510,104,73,1,1,14.23,83.69,11.86
180,20260210,510,375,293,6,4,83.49000000000001,77.82,69.58
180,20260211,510,340,292,2,0,26.94,91.55,22.45
180,20260212,510,390,366,7,2,116.27000000000001,75.89,96.89
180,20260213,510,305,142,7,2,137.41,50.82,100.0
180,20260216,510,270,238,4,3,69.13,77.49,57.61
180,20260217,510,375,328,5,1,79.47,80.5,66.22
180,20260218,510,415,299,5,1,61.760000000000005,82.88,51.47
180,20260219,510,320,262,6,4,94.72,73.45,78.93
180,20260220,510,470,437,5,3,91.98,82.61,76.65
180,20260223,510,277,265,3,2,45.53,85.34,37.94
180,20260224,510,335,282,4,1,59.510000000000005,82.57,49.59
180,20260225,510,395,395,3,1,50.7,88.62,42.25
180,20260226,510,325,272,5,2,64.25,80.89,53.54
180,20260227,510,320,266,7,6,98.74,72.93,82.28
180,20260302,510,329,263,5,3,93.28,73.82,77.73
180,20260303,510,324,297,2,0,24.04,92.51,20.03
180,20260304,510,375,322,5,3,81.83000000000001,79.74,68.19
180,20260305,510,335,251,2,0,37.48,87.01,31.23
180,20260306,510,403,391,2,2,27.07,93.53,22.56
180,20260309,510,258,191,4,1,50.28,79.16,41.9
180,20260310,510,366,325,6,3,83.19,79.62,69.32
180,20260311,510,390,366,5,2,84.92999999999999,81.17,70.78
180,20260312,510,255,215,2,1,32.21,86.97,26.84
180,20260313,510,385,330,6,1,106.63,75.58,88.86
180,20260316,510,256,200,3,1,49.11,80.29,40.92
180,20260317,510,365,308,5,1,78.13,79.77,65.11
180,20260318,510,385,326,4,0,65.19,83.34,54.32
180,20260319,510,265,231,1,1,22.16,91.25,18.47
180,20260320,510,335,311,3,0,49.26,86.33,41.05
180,20260323,510,390,362,5,3,79.78999999999999,81.94,66.49
180,20260324,510,375,321,6,1,122.32,72.41,100.0
180,20260325,510,350,297,3,2,35.09,89.43,29.24
180,20260326,510,390,356,6,1,99.08,78.23,82.57
180,20260327,510,255,167,3,1,42.45,79.73,35.38
180,20260330,510,375,271,7,3,113.42,70.5,94.52
180,20260331,510,265,228,2,1,35.06999999999999,86.67,29.22
181,20260101,510,365,319,4,2,49.099999999999994,86.66,40.92
181,20260102,510,355,302,2,1,23.83,92.69,19.86
181,20260105,510,405,343,4,0,66.2,83.82,55.17
181,20260106,510,305,305,3,1,58.36,83.94,48.63
181,20260107,510,338,278,5,3,83.22,76.96,69.35
181,20260108,510,345,244,6,3,89.23,73.22,74.36
181,20260109,510,340,323,5,3,86.47,78.88,72.06
181,20260112,510,370,340,5,2,106.89,76.08,89.08
181,20260113,510,455,371,10,3,196.48000000000002,65.38,100.0
181,20260114,510,395,395,5,1,100.21000000000001,79.76,83.51
181,20260115,510,280,268,4,1,68.28999999999999,79.69,56.91
181,20260116,510,340,325,4,2,53.81,85.79,44.84
181,20260119,510,250,173,8,2,121.1,58.82,100.0
181,20260120,510,315,231,4,2,61.54,78.96,51.28
181,20260121,510,395,298,7,3,107.99000000000001,73.4,89.99
181,20260122,510,381,276,10,4,159.78,63.33,100.0
181,20260123,510,290,256,3,1,46.959999999999994,84.5,39.13
181,20260126,510,220,174,5,1,78.72999999999999,68.85,65.61
181,20260127,510,350,188,3,2,43.79,81.11,36.49
181,20260128,510,420,318,2,1,40.480000000000004,88.71,33.73
181,20260129,510,349,298,5,3,79.1,79.02,65.92
181,20260130,510,201,123,4,2,76.74000000000001,61.58,63.95
181,20260202,510,395,353,6,1,82.59,81.04,68.82
181,20260203,510,260,241,3,1,54.54,81.55,45.45
181,20260204,510,210,119,4,2,70.81,62.69,59.01
181,20260205,510,305,207,5,1,66.7,75.63,55.58
181,20260206,510,415,385,2,0,35.54,91.55,29.62
181,20260209,510,315,225,4,1,68.33,76.71,56.94
181,20260210,510,325,262,7,1,112.72999999999999,69.92,93.94
181,20260211,510,210,156,3,1,47.53,76.65,39.61
181,20260212,510,350,160,11,4,178.77,47.23,100.0
181,20260213,510,420,334,7,1,120.46000000000001,73.49,100.0
181,20260216,510,323,237,5,0,65.49,78.35,54.58
181,20260217,510,320,284,4,1,63.9,81.63,53.25
181,20260218,510,289,217,4,1,64.23,77.16,53.52
181,20260219,510,190,108,6,3,96.25,52.88,80.21
181,20260220,510,415,346,4,1,41.78,89.23,34.82
181,20260223,510,320,251,4,1,58.02,81.22,48.35
181,20260224,510,315,266,4,1,57.9,82.12,48.25
181,20260225,510,230,149,4,2,68.6,68.47,57.17
181,20260226,510,365,221,7,3,115.55,65.67,96.29
181,20260227,510,328,300,3,2,57.72,83.86,48.1
181,20260302,510,310,227,5,2,83.72,73.06,69.77
181,20260303,510,395,316,5,1,78.62,80.08,65.52
181,20260304,510,265,220,1,1,16.29,93.11,13.57
181,20260305,510,395,356,2,0,28.67,92.55,23.89
181,20260306,510,235,223,3,3,60.019999999999996,78.79,50.02
181,20260309,510,415,351,7,2,103.09,77.3,85.91
181,20260310,510,245,192,5,3,85.07,69.3,70.89
181,20260311,510,355,321,6,3,109.08,74.64,90.9
181,20260312,510,400,296,4,0,55.15,84.29,45.96
181,20260313,510,305,285,2,0,28.990000000000002,90.77,24.16
181,20260316,510,375,350,6,1,85.04,80.45,70.87
181,20260317,510,270,158,8,5,132.62,54.37,100.0
181,20260318,510,333,287,4,2,65.83,81.34,54.86
181,20260319,510,299,232,3,1,40.55,85.12,33.79
181,20260320,510,434,361,4,2,65.15,84.71,54.29
181,20260323,510,325,309,3,3,49.519999999999996,86.19,41.27
181,20260324,510,415,325,8,3,146.0,69.0,100.0
181,20260325,510,324,214,6,2,82.77,72.11,68.97
181,20260326,510,375,299,5,1,84.28999999999999,78.01,70.24
181,20260327,510,239,193,5,2,77.44,71.37,64.53
181,20260330,510,430,361,5,2,66.2,84.5,55.17
181,20260331,510,400,325,6,1,94.15,77.54,78.46
182,20260101,510,440,376,5,1,85.07,81.55,70.89
182,20260102,510,330,297,5,3,89.21000000000001,76.9,74.34
182,20260105,510,355,284,7,1,105.83,72.85,88.19
182,20260106,510,390,365,4,0,43.05,89.45,35.87
182,20260107,510,245,198,1,1,14.51,93.17,12.09
182,20260108,510,230,94,4,2,60.57,60.81,50.48
182,20260109,510,400,269,4,1,68.98,79.59,57.48
182,20260112,510,400,344,6,4,106.19,76.41,88.49
182,20260113,510,380,278,6,0,85.63,76.45,71.36
182,20260114,510,370,176,8,4,116.5,60.17,97.08
182,20260115,510,330,330,2,1,31.15,91.37,25.96
182,20260116,510,379,344,3,1,47.37,87.9,39.48
182,20260119,510,409,363,5,0,91.35,79.89,76.12
182,20260120,510,299,230,5,1,79.37,74.34,66.14
182,20260121,510,345,330,2,0,37.14,89.88,30.95
182,20260122,510,395,395,5,2,95.94,80.46,79.95
182,20260123,510,419,359,6,3,100.82,78.07,84.02
182,20260126,510,275,223,2,2,31.490000000000002,87.63,26.24
182,20260127,510,398,361,4,2,64.47,84.85,53.72
182,20260128,510,365,306,6,3,77.94,79.7,64.95
182,20260129,510,355,343,6,2,105.73,76.44,88.11
182,20260130,510,365,315,4,3,60.019999999999996,84.0,50.02
182,20260202,510,268,201,2,0,42.16,82.66,35.13
182,20260203,510,265,178,4,3,65.33,73.15,54.44
182,20260204,510,330,250,3,2,57.980000000000004,81.17,48.32
182,20260205,510,280,214,2,1,22.03,90.67,18.36
182,20260206,510,350,308,3,0,47.65,86.6,39.71
182,20260209,510,305,256,5,3,83.95,75.31,69.96
182,20260210,510,205,126,3,2,49.42,71.83,41.18
182,20260211,510,370,334,3,2,44.620000000000005,88.22,37.18
182,20260212,510,259,201,6,4,94.41,68.04,78.68
182,20260213,510,314,272,2,1,42.89,86.38,35.74
182,20260216,510,328,281,3,1,50.25,84.83,41.88
182,20260217,510,305,259,6,2,96.98,72.76,80.82
182,20260218,510,340,272,3,1,45.730000000000004,85.61,38.11
182,20260219,510,370,278,5,3,86.41,76.29,72.01
182,20260220,510,418,372,6,3,107.7,77.55,89.75
182,20260223,510,405,362,5,4,76.76,82.51,63.97
182,20260224,510,350,226,7,1,125.7,64.26,100.0
182,20260225,510,390,332,4,0,58.3,85.06,48.58
182,20260226,510,390,337,8,5,96.91,77.67,80.76
182,20260227,510,285,227,3,0,43.730000000000004,83.85,36.44
182,20260302,510,405,405,4,3,58.959999999999994,87.29,49.13
182,20260303,510,370,303,10,3,144.61,67.69,100.0
182,20260304,510,378,362,2,1,32.8,91.69,27.33
182,20260305,510,425,311,7,4,89.13,77.72,74.27
182,20260306,510,453,371,3,2,39.64,90.35,33.03
182,20260309,510,355,297,4,2,71.61,80.57,59.68
182,20260310,510,208,160,3,2,47.93000000000001,76.95,39.94
182,20260311,510,320,287,4,2,53.53,84.28,44.61
182,20260312,510,395,297,3,3,53.75,84.68,44.79
182,20260313,510,470,412,3,1,50.78,89.03,42.32
182,20260316,510,315,244,6,1,89.41,73.18,74.51
182,20260317,510,282,165,5,3,89.8,64.76,74.83
182,20260318,510,247,145,2,0,37.59,79.41,31.33
182,20260319,510,355,319,6,3,91.87,77.64,76.56
182,20260320,510,305,218,4,1,69.17,75.91,57.64
182,20260323,510,300,207,5,1,76.94,72.9,64.12
182,20260324,510,375,318,7,2,123.55,72.02,100.0
182,20260325,510,308,186,2,0,38.68,82.78,32.23
182,20260326,510,215,215,2,1,14.52,93.67,12.1
182,20260327,510,290,227,5,3,79.91,73.96,66.59
182,20260330,510,257,195,0,0,0.0,100.0,0.0
182,20260331,510,355,290,4,1,59.95,82.87,49.96
183,20260101,510,340,200,5,2,73.94,73.01,61.62
183,20260102,510,400,335,5,3,86.82,79.42,72.35
183,20260105,510,348,325,2,0,33.870000000000005,90.56,28.23
183,20260106,510,442,299,8,3,118.87,71.55,99.06
183,20260107,510,305,269,5,0,91.0,74.72,75.83
183,20260108,510,335,258,6,3,99.16999999999999,72.23,82.64
183,20260109,510,283,208,4,2,72.63,74.12,60.52
183,20260112,510,398,326,2,2,26.549999999999997,92.47,22.12
183,20260113,510,470,470,6,0,101.37,82.26,84.48
183,20260114,510,375,328,6,3,101.73,76.33,84.78
183,20260115,510,375,290,4,3,71.22,80.28,59.35
183,20260116,510,305,238,4,2,65.48,78.42,54.57
183,20260119,510,271,239,3,1,36.34,86.8,30.28
183,20260120,510,305,257,3,2,49.46,83.86,41.22
183,20260121,510,401,329,7,3,119.75999999999999,73.31,99.8
183,20260122,510,278,241,3,2,47.480000000000004,83.54,39.57
183,20260123,510,195,150,5,3,81.36,64.83,67.8
183,20260126,510,447,395,5,4,74.55,84.12,62.12
183,20260127,510,338,260,3,0,34.06,88.42,28.38
183,20260128,510,390,291,4,1,67.78,81.11,56.48
183,20260129,510,350,303,5,5,75.42,80.07,62.85
183,20260130,510,325,277,4,1,69.38,79.97,57.82
183,20260202,510,280,252,5,2,113.58,68.93,94.65
183,20260203,510,330,296,4,0,81.59,78.39,67.99
183,20260204,510,358,295,6,5,89.05,76.81,74.21
183,20260205,510,400,316,4,2,60.480000000000004,83.94,50.4
183,20260206,510,330,270,4,2,76.67,77.88,63.89
183,20260209,510,384,322,6,2,128.66,71.45,100.0
183,20260210,510,355,328,4,2,51.629999999999995,86.4,43.02
183,20260211,510,385,274,4,3,59.73,82.1,49.78
183,20260212,510,295,253,6,2,66.77000000000001,79.12,55.64
183,20260213,510,410,325,7,0,104.55,75.66,87.12
183,20260216,510,270,164,4,1,65.56,71.44,54.63
183,20260217,510,411,327,5,0,81.74,80.0,68.12
183,20260218,510,470,424,7,4,128.03,76.81,100.0
183,20260219,510,435,397,3,2,55.95,87.65,46.62
183,20260220,510,445,445,3,2,53.760000000000005,89.22,44.8
183,20260223,510,485,376,5,2,86.78,81.25,72.32
183,20260224,510,365,307,7,2,115.53,72.66,96.28
183,20260225,510,339,186,7,3,110.00999999999999,62.84,91.68
183,20260226,510,380,259,9,5,162.11,61.5,100.0
183,20260227,510,255,196,1,0,16.74,92.13,13.95
183,20260302,510,310,238,5,0,97.82,70.87,81.52
183,20260303,510,457,383,7,3,101.28,79.09,84.4
183,20260304,510,300,251,3,1,38.87,86.59,32.39
183,20260305,510,375,324,7,2,96.71,77.01,80.59
183,20260306,510,280,244,1,1,16.56,93.64,13.8
183,20260309,510,225,193,2,0,40.9,82.51,34.08
183,20260310,510,495,439,5,3,84.28,83.89,70.23
183,20260311,510,328,283,2,1,19.27,93.62,16.06
183,20260312,510,380,293,4,1,57.07,83.7,47.56
183,20260313,510,325,274,4,2,54.48,83.41,45.4
183,20260316,510,305,238,2,0,47.120000000000005,83.47,39.27
183,20260317,510,285,196,6,3,101.69,65.84,84.74
183,20260318,510,315,270,3,1,53.8,83.38,44.83
183,20260319,510,385,338,6,4,120.03999999999999,73.79,100.0
183,20260320,510,390,376,5,3,82.11,82.08,68.42
183,20260323,510,300,252,3,2,54.67,82.17,45.56
183,20260324,510,310,278,4,2,80.5,77.55,67.08
183,20260325,510,335,310,5,0,80.3,79.43,66.92
183,20260326,510,230,218,5,0,74.4,74.56,62.0
183,20260327,510,485,377,6,2,99.08,79.19,82.57
183,20260330,510,333,254,5,0,87.83,74.31,73.19
183,20260331,510,410,405,8,3,104.35,79.51,86.96
184,20260101,510,275,191,2,2,32.54,85.44,27.12
184,20260102,510,325,276,3,0,47.55,85.3,39.62
184,20260105,510,383,297,6,2,85.87,77.57,71.56
184,20260106,510,321,286,5,3,69.71000000000001,80.4,58.09
184,20260107,510,330,264,3,3,54.5,82.89,45.42
184,20260108,510,380,281,6,2,87.66,76.22,73.05
184,20260109,510,387,326,6,1,91.27,78.13,76.06
184,20260112,510,405,276,8,3,143.3,65.82,100.0
184,20260113,510,325,253,6,3,98.4,72.0,82.0
184,20260114,510,290,236,4,2,56.900000000000006,80.57,47.42
184,20260115,510,400,386,6,3,112.49,77.43,93.74
184,20260116,510,375,326,2,1,29.04,91.82,24.2
184,20260119,510,310,274,5,1,61.12,81.76,50.93
184,20260120,510,380,307,5,0,78.00999999999999,79.74,65.01
184,20260121,510,357,345,2,1,31.47,91.64,26.22
184,20260122,510,420,380,4,0,43.67,89.69,36.39
184,20260123,510,334,299,5,3,81.59,78.56,67.99
184,20260126,510,390,299,5,2,87.84,77.29,73.2
184,20260127,510,480,468,5,3,80.07000000000001,85.39,66.72
184,20260128,510,305,256,3,0,55.019999999999996,82.31,45.85
184,20260129,510,320,212,5,3,78.72,72.92,65.6
184,20260130,510,350,301,3,1,48.15,86.21,40.12
184,20260202,510,345,295,4,3,71.38,80.52,59.48
184,20260203,510,345,308,3,0,63.769999999999996,82.85,53.14
184,20260204,510,380,327,4,3,67.14,82.97,55.95
184,20260205,510,380,340,4,1,66.71000000000001,83.6,55.59
184,20260206,510,310,270,1,0,8.79,96.85,7.32
184,20260209,510,395,347,4,2,77.03,81.83,64.19
184,20260210,510,328,250,3,3,44.36,84.93,36.97
184,20260211,510,300,261,4,3,60.84,81.1,50.7
184,20260212,510,235,171,5,1,88.39,65.92,73.66
184,20260213,510,210,98,1,0,17.5,84.85,14.58
184,20260216,510,390,314,7,4,118.3,72.63,98.58
184,20260217,510,335,311,3,1,42.46,87.99,35.38
184,20260218,510,345,216,2,1,30.57,87.6,25.48
184,20260219,510,244,182,3,3,43.7,80.64,36.42
184,20260220,510,380,314,4,2,38.519999999999996,89.07,32.1
184,20260223,510,350,297,2,1,28.24,91.32,23.53
184,20260224,510,265,198,5,1,73.23,73.0,61.03
184,20260225,510,381,327,6,5,105.75999999999999,75.56,88.13
184,20260226,510,400,255,8,4,121.54,67.72,100.0
184,20260227,510,387,272,5,1,67.89,80.03,56.58
184,20260302,510,360,320,2,0,33.3,90.57,27.75
184,20260303,510,410,304,4,2,76.87,79.82,64.06
184,20260304,510,355,317,3,0,53.59,85.54,44.66
184,20260305,510,290,236,3,1,40.63,85.31,33.86
184,20260306,510,310,214,7,3,127.0,62.76,100.0
184,20260309,510,330,318,7,2,111.35,74.07,92.79
184,20260310,510,309,219,3,1,58.620000000000005,78.88,48.85
184,20260311,510,323,288,5,3,106.6,72.99,88.83
184,20260312,510,360,282,2,2,34.019999999999996,89.23,28.35
184,20260313,510,355,275,4,0,51.3,84.28,42.75
184,20260316,510,250,115,4,1,63.66,64.37,53.05
184,20260317,510,460,296,10,3,153.51,65.85,100.0
184,20260318,510,370,332,6,2,88.92,78.87,74.1
184,20260319,510,320,275,5,1,100.88,73.16,84.07
184,20260320,510,385,337,5,4,72.63,82.27,60.52
184,20260323,510,255,210,2,0,27.310000000000002,88.49,22.76
184,20260324,510,393,331,7,1,117.62,73.78,98.02
184,20260325,510,400,270,7,1,89.38,75.13,74.48
184,20260326,510,440,362,5,4,60.1,85.76,50.08
184,20260327,510,200,168,4,3,75.78,68.91,63.15
184,20260330,510,443,376,7,4,97.06,79.48,80.88
184,20260331,510,410,324,8,2,150.23000000000002,68.32,100.0
185,20260101,510,230,176,4,0,68.44,72.0,57.03
185,20260102,510,325,280,4,2,73.81,79.14,61.51
185,20260105,510,250,187,4,1,70.3,72.68,58.58
185,20260106,510,396,351,3,2,57.8,85.86,48.17
185,20260107,510,320,240,4,1,48.86,83.09,40.72
185,20260108,510,360,324,3,1,42.11,88.5,35.09
185,20260109,510,383,328,6,4,89.22,78.62,74.35
185,20260112,510,440,342,8,5,119.42,74.12,99.52
185,20260113,510,395,293,5,2,70.15,80.68,58.46
185,20260114,510,480,426,7,2,125.87,77.19,100.0
185,20260115,510,263,224,6,3,105.22,68.04,87.68
185,20260116,510,256,172,7,3,111.85,60.6,93.21
185,20260119,510,190,112,3,2,41.25,73.08,34.38
185,20260120,510,430,384,5,2,77.75,83.16,64.79
185,20260121,510,390,337,4,3,55.16,85.93,45.97
185,20260122,510,410,364,4,0,59.0,86.05,49.17
185,20260123,510,440,428,3,0,64.52,86.9,53.77
185,20260126,510,345,302,3,2,47.17,86.49,39.31
185,20260127,510,350,210,8,3,148.19,58.63,100.0
185,20260128,510,360,301,5,3,74.14,80.24,61.78
185,20260129,510,255,203,4,1,66.0,75.46,55.0
185,20260130,510,420,366,7,3,112.78999999999999,76.44,93.99
185,20260202,510,320,279,5,2,77.24000000000001,78.32,64.37
185,20260203,510,395,306,3,0,29.42,91.23,24.52
185,20260204,510,286,247,3,1,28.67,89.6,23.89
185,20260205,510,345,317,5,2,96.58999999999999,76.65,80.49
185,20260206,510,280,124,4,2,62.29,66.56,51.91
185,20260209,510,300,253,3,1,51.43000000000001,83.11,42.86
185,20260210,510,320,179,6,4,81.19,68.8,67.66
185,20260211,510,244,193,3,3,42.93,81.8,35.78
185,20260212,510,275,200,4,3,61.96,76.35,51.63
185,20260213,510,280,260,2,1,31.89,89.07,26.58
185,20260216,510,450,295,8,3,134.88,68.62,100.0
185,20260217,510,310,269,4,1,63.519999999999996,80.9,52.93
185,20260218,510,310,239,2,0,35.59,87.04,29.66
185,20260219,510,320,250,7,2,106.91,70.05,89.09
185,20260220,510,255,166,4,2,78.99000000000001,67.76,65.83
185,20260223,510,337,289,2,1,42.959999999999994,87.06,35.8
185,20260224,510,333,293,3,1,50.45,85.31,42.04
185,20260225,510,345,291,7,5,110.75999999999999,72.43,92.3
185,20260226,510,425,378,3,0,50.7,88.17,42.25
185,20260227,510,395,355,7,2,110.56,76.25,92.13
185,20260302,510,325,255,4,2,55.239999999999995,82.19,46.03
185,20260303,510,426,426,2,1,29.93,93.44,24.94
185,20260304,510,375,318,4,2,59.55,84.23,49.62
185,20260305,510,365,256,5,1,94.12,73.12,78.43
185,20260306,510,280,202,5,3,76.5,72.53,63.75
185,20260309,510,395,328,7,2,134.49,70.92,100.0
185,20260310,510,409,340,5,4,69.93,82.94,58.28
185,20260311,510,353,296,4,3,62.34,82.6,51.95
185,20260312,510,260,204,4,1,71.19,74.13,59.32
185,20260313,510,415,357,3,1,49.42,87.84,41.18
185,20260316,510,450,403,5,3,86.81,82.28,72.34
185,20260317,510,380,365,5,5,71.92,83.54,59.93
185,20260318,510,180,145,4,2,50.79,74.06,42.32
185,20260319,510,331,264,4,1,78.58,77.06,65.48
185,20260320,510,373,296,2,0,30.02,90.79,25.02
185,20260323,510,275,218,4,1,64.44,77.18,53.7
185,20260324,510,405,359,5,3,89.64,80.02,74.7
185,20260325,510,455,382,7,4,110.28,77.6,91.9
185,20260326,510,382,341,4,2,59.07,85.24,49.22
185,20260327,510,380,326,5,4,84.91,79.34,70.76
185,20260330,510,289,208,4,0,66.47,75.78,55.39
185,20260331,510,440,325,6,2,99.44,76.57,82.87
186,20260101,510,269,163,7,2,118.71000000000001,57.86,98.93
186,20260102,510,305,237,3,2,56.74,80.68,47.28
186,20260105,510,350,255,5,1,75.56,77.14,62.97
186,20260106,510,410,383,4,3,63.83,85.71,53.19
186,20260107,510,345,194,9,2,131.83,59.54,100.0
186,20260108,510,305,225,7,1,88.62,71.74,73.85
186,20260109,510,367,281,4,1,60.89,82.19,50.74
186,20260112,510,359,317,1,0,16.76,94.98,13.97
186,20260113,510,390,341,5,3,78.59,81.27,65.49
186,20260114,510,310,190,6,1,96.13,66.4,80.11
186,20260115,510,265,133,5,1,88.99,59.91,74.16
186,20260116,510,249,162,4,1,76.03,68.06,63.36
186,20260119,510,375,285,2,0,33.14,89.58,27.62
186,20260120,510,410,373,5,3,55.4,87.07,46.17
186,20260121,510,460,401,5,2,95.2,80.81,79.33
186,20260122,510,360,334,4,1,51.87,86.56,43.22
186,20260123,510,365,298,7,3,121.34,71.06,100.0
186,20260126,510,345,288,3,1,40.7,87.62,33.92
186,20260127,510,415,336,3,1,43.53,88.53,36.28
186,20260128,510,317,247,3,1,41.24,85.69,34.37
186,20260129,510,287,203,4,2,69.93,74.38,58.28
186,20260130,510,300,220,3,2,53.07000000000001,80.57,44.23
186,20260202,510,400,345,5,1,92.08,78.93,76.73
186,20260203,510,370,305,6,3,78.84,79.46,65.7
186,20260204,510,358,326,7,1,113.75,74.13,94.79
186,20260205,510,265,218,5,2,81.85,72.7,68.21
186,20260206,510,365,276,4,1,64.34,81.1,53.62
186,20260209,510,310,267,4,2,69.36,79.38,57.8
186,20260210,510,261,243,0,0,0.0,100.0,0.0
186,20260211,510,120,98,1,1,9.64,91.04,8.03
186,20260212,510,390,288,6,2,115.31,71.41,96.09
186,20260213,510,280,259,4,1,57.45,81.85,47.88
186,20260216,510,300,232,3,1,45.28,83.67,37.73
186,20260217,510,410,374,8,3,129.75,74.24,100.0
186,20260218,510,305,240,4,3,73.44,76.57,61.2
186,20260219,510,295,206,4,2,54.64,79.04,45.53
186,20260220,510,206,175,3,0,55.46,75.94,46.22
186,20260223,510,470,437,3,1,55.040000000000006,88.81,45.87
186,20260224,510,434,393,6,2,135.08,74.42,100.0
186,20260225,510,260,236,4,1,56.86,80.58,47.38
186,20260226,510,175,129,4,0,74.78,63.3,62.32
186,20260227,510,385,334,3,2,43.61,88.45,36.34
186,20260302,510,237,222,3,1,35.79,86.12,29.83
186,20260303,510,270,176,3,1,55.519999999999996,76.02,46.27
186,20260304,510,385,293,6,5,85.67999999999999,77.37,71.4
186,20260305,510,360,340,4,3,67.27,83.48,56.06
186,20260306,510,285,201,4,1,58.86,77.35,49.05
186,20260309,510,365,248,6,4,93.33000000000001,72.66,77.78
186,20260310,510,440,414,5,1,94.28,81.45,78.57
186,20260311,510,390,366,5,3,86.72,80.84,72.27
186,20260312,510,245,208,3,2,43.39,82.74,36.16
186,20260313,510,260,226,2,1,43.25,83.94,36.04
186,20260316,510,215,85,5,2,90.62,48.4,75.52
186,20260317,510,315,274,7,4,145.97,65.24,100.0
186,20260318,510,360,304,5,1,86.03999999999999,77.94,71.7
186,20260319,510,305,279,3,2,39.57,87.58,32.98
186,20260320,510,435,400,2,0,33.33,92.31,27.78
186,20260323,510,397,328,5,1,88.1,78.83,73.42
186,20260324,510,365,365,1,0,19.57,94.91,16.31
186,20260325,510,365,353,5,2,92.25,79.28,76.88
186,20260326,510,435,413,6,4,79.85000000000001,83.8,66.54
186,20260327,510,390,346,4,2,83.29,80.6,69.41
186,20260330,510,365,332,4,0,59.9,84.72,49.92
186,20260331,510,325,293,7,1,109.64999999999999,72.77,91.38
187,20260101,510,440,335,8,2,108.46000000000001,75.54,90.38
187,20260102,510,340,302,6,1,94.42,76.18,78.68
187,20260105,510,243,226,1,0,19.86,91.92,16.55
187,20260106,510,380,335,4,2,69.99,82.72,58.32
187,20260107,510,290,214,5,1,88.36,70.78,73.63
187,20260108,510,265,225,5,1,86.41,72.25,72.01
187,20260109,510,293,269,3,1,52.19,83.75,43.49
187,20260112,510,313,271,3,1,53.56,83.5,44.63
187,20260113,510,309,252,4,2,73.19,77.49,60.99
187,20260114,510,327,282,5,1,91.63,75.48,76.36
187,20260115,510,335,226,6,2,81.35,73.53,67.79
187,20260116,510,285,231,5,3,73.9,75.76,61.58
187,20260119,510,345,308,4,2,69.48,81.59,57.9
187,20260120,510,335,285,4,2,65.62,81.28,54.68
187,20260121,510,390,378,3,1,53.21,87.66,44.34
187,20260122,510,190,170,1,1,12.49,93.16,10.41
187,20260123,510,375,318,4,0,57.61,84.66,48.01
187,20260126,510,280,280,3,1,55.06,83.57,45.88
187,20260127,510,230,195,4,2,57.03,77.37,47.52
187,20260128,510,385,368,5,3,92.31,79.95,76.92
187,20260129,510,269,227,3,1,45.22,83.39,37.68
187,20260130,510,274,171,2,0,35.26,82.91,29.38
187,20260202,510,262,207,3,1,65.2,76.05,54.33
187,20260203,510,420,351,5,3,79.8,81.48,66.5
187,20260204,510,395,291,6,2,93.02,75.78,77.52
187,20260205,510,370,315,6,1,92.22,77.35,76.85
187,20260206,510,390,258,6,2,85.08,75.2,70.9
187,20260209,510,379,318,6,2,104.38,75.29,86.98
187,20260210,510,385,346,5,2,79.21,81.37,66.01
187,20260211,510,339,272,5,3,71.78999999999999,79.12,59.82
187,20260212,510,260,241,3,1,40.01,85.76,33.34
187,20260213,510,295,167,5,3,78.41,68.05,65.34
187,20260216,510,370,308,3,0,40.59,88.36,33.83
187,20260217,510,282,270,2,2,20.25,93.02,16.88
187,20260218,510,411,282,6,1,112.52000000000001,71.48,93.77
187,20260219,510,389,250,8,3,153.53,61.95,100.0
187,20260220,510,415,348,5,2,77.94,81.7,64.95
187,20260223,510,348,289,4,1,58.78,83.1,48.98
187,20260224,510,320,282,2,2,25.26,91.78,21.05
187,20260225,510,412,352,7,5,128.06,73.32,100.0
187,20260226,510,335,268,3,1,56.11,82.69,46.76
187,20260227,510,312,280,4,2,72.06,79.53,60.05
187,20260302,510,205,182,3,2,49.79,78.52,41.49
187,20260303,510,425,361,4,1,58.980000000000004,85.96,49.15
187,20260304,510,245,148,4,1,65.6,69.29,54.67
187,20260305,510,330,330,2,0,43.64,88.32,36.37
187,20260306,510,300,126,5,3,84.7,59.8,70.58
187,20260309,510,277,211,4,1,59.95,77.87,49.96
187,20260310,510,353,292,5,2,79.24,78.66,66.03
187,20260311,510,346,320,5,2,80.92,79.82,67.43
187,20260312,510,312,248,3,1,42.230000000000004,85.45,35.19
187,20260313,510,390,317,6,2,109.95,74.25,91.62
187,20260316,510,320,256,3,1,39.45,86.65,32.88
187,20260317,510,380,352,5,2,107.63,76.58,89.69
187,20260318,510,359,323,2,2,30.11,91.47,25.09
187,20260319,510,360,338,4,2,68.14,83.22,56.78
187,20260320,510,335,235,5,2,81.97,74.14,68.31
187,20260323,510,345,240,8,2,158.64,60.2,100.0
187,20260324,510,324,283,4,2,88.48,76.18,73.73
187,20260325,510,359,307,5,2,94.99,76.37,79.16
187,20260326,510,305,263,2,0,31.68,89.25,26.4
187,20260327,510,425,355,3,2,46.03,88.52,38.36
187,20260330,510,320,286,6,2,106.0,72.96,88.33
187,20260331,510,425,363,8,5,133.22,73.15,100.0
188,20260101,510,322,219,2,0,38.33,85.1,31.94
188,20260102,510,330,222,6,1,113.6,66.15,94.67
188,20260105,510,375,291,6,1,95.51,75.29,79.59
188,20260106,510,298,243,2,1,29.36,89.22,24.47
188,20260107,510,275,196,6,1,81.21,70.7,67.68
188,20260108,510,315,255,2,2,29.34,89.68,24.45
188,20260109,510,360,284,3,0,32.38,89.77,26.98
188,20260112,510,325,236,5,1,85.22,73.47,71.02
188,20260113,510,335,284,6,4,86.51,76.65,72.09
188,20260114,510,410,386,7,3,99.47,79.51,82.89
188,20260115,510,295,241,5,2,63.62,79.11,53.02
188,20260116,510,380,262,10,3,174.2,60.06,100.0
188,20260119,510,395,284,7,0,129.13,68.74,100.0
188,20260120,510,390,390,5,2,84.83,82.13,70.69
188,20260121,510,333,277,4,0,76.87,78.28,64.06
188,20260122,510,410,311,5,3,65.47,82.61,54.56
188,20260123,510,250,186,5,2,72.73,71.89,60.61
188,20260126,510,345,285,4,1,53.04,84.31,44.2
188,20260127,510,265,215,3,1,47.16,82.01,39.3
188,20260128,510,320,239,2,1,24.17,90.82,20.14
188,20260129,510,400,286,4,2,59.1,82.87,49.25
188,20260130,510,315,271,7,4,99.69999999999999,73.1,83.08
188,20260202,510,407,385,3,1,50.83,88.34,42.36
188,20260203,510,320,241,3,1,57.96,80.61,48.3
188,20260204,510,275,190,6,1,104.98,64.41,87.48
188,20260205,510,430,387,5,1,112.28,77.51,93.57
188,20260206,510,345,308,3,2,55.89,84.64,46.58
188,20260209,510,273,228,4,2,66.74000000000001,77.36,55.62
188,20260210,510,382,280,2,1,22.73,92.49,18.94
188,20260211,510,285,257,4,1,51.37,83.34,42.81
188,20260212,510,395,317,7,4,118.15,72.85,98.46
188,20260213,510,410,325,7,4,116.03,73.69,96.69
188,20260216,510,280,189,6,3,98.34,65.78,81.95
188,20260217,510,326,270,5,1,63.38,80.99,52.82
188,20260218,510,307,271,5,3,71.44,79.14,59.53
188,20260219,510,355,309,3,1,48.71,86.38,40.59
188,20260220,510,395,331,5,3,72.28999999999999,82.07,60.24
188,20260223,510,299,287,3,2,50.15,85.13,41.79
188,20260224,510,265,226,4,1,86.7,72.27,72.25
188,20260225,510,359,328,1,0,15.54,95.48,12.95
188,20260226,510,376,324,1,1,15.97,95.3,13.31
188,20260227,510,220,99,4,2,60.489999999999995,62.07,50.41
188,20260302,510,295,253,4,2,52.78,82.74,43.98
188,20260303,510,290,187,6,4,96.8,65.89,80.67
188,20260304,510,304,220,3,1,51.25,81.11,42.71
188,20260305,510,301,164,4,1,71.54,69.63,59.62
188,20260306,510,450,396,9,6,154.98000000000002,71.87,100.0
188,20260309,510,383,299,4,1,77.96000000000001,79.32,64.97
188,20260310,510,320,234,6,4,89.11999999999999,72.42,74.27
188,20260311,510,275,224,3,1,44.97,83.28,37.47
188,20260312,510,350,338,4,2,73.03,82.23,60.86
188,20260313,510,380,333,5,0,93.91,78.0,78.26
188,20260316,510,395,322,6,2,98.08,76.65,81.73
188,20260317,510,256,210,2,1,35.34,85.6,29.45
188,20260318,510,450,395,5,3,72.86,84.43,60.72
188,20260319,510,336,210,6,3,89.25,70.18,74.38
188,20260320,510,395,284,4,3,66.6,81.0,55.5
188,20260323,510,327,241,4,2,65.93,78.52,54.94
188,20260324,510,464,358,3,2,43.55,89.15,36.29
188,20260325,510,320,254,4,3,59.23,81.09,49.36
188,20260326,510,280,250,6,1,100.89,71.25,84.08
188,20260327,510,345,307,3,0,55.06,84.79,45.88
188,20260330,510,353,288,3,2,45.99,86.23,38.33
188,20260331,510,360,289,5,1,78.87,78.56,65.72
189,20260101,510,349,307,4,1,61.5,83.31,51.25
189,20260102,510,295,271,2,0,29.83,90.08,24.86
189,20260105,510,439,390,5,3,70.14,84.76,58.45
189,20260106,510,429,408,6,4,104.55,79.6,87.12
189,20260107,510,230,183,4,1,52.84,77.59,44.03
189,20260108,510,345,280,6,3,83.9,76.94,69.92
189,20260109,510,260,166,4,1,64.78,71.93,53.98
189,20260112,510,400,262,3,2,49.36,84.15,41.13
189,20260113,510,320,283,4,1,75.00999999999999,79.05,62.51
189,20260114,510,235,178,2,0,31.39,85.01,26.16
189,20260115,510,360,306,7,3,111.94,73.22,93.28
189,20260116,510,295,230,6,2,107.42999999999999,68.16,89.52
189,20260119,510,330,218,8,3,140.17,60.86,100.0
189,20260120,510,304,286,4,2,76.81,78.83,64.01
189,20260121,510,370,226,4,1,66.03999999999999,77.39,55.03
189,20260122,510,350,329,5,3,70.49000000000001,82.36,58.74
189,20260123,510,345,185,7,1,105.96000000000001,63.58,88.3
189,20260126,510,354,290,3,2,40.620000000000005,87.71,33.85
189,20260127,510,220,97,4,0,72.09,57.37,60.08
189,20260128,510,365,339,4,1,43.17,88.7,35.98
189,20260129,510,230,186,3,2,56.86,76.59,47.38
189,20260130,510,355,302,4,1,62.790000000000006,82.79,52.33
189,20260202,510,358,346,3,0,49.910000000000004,87.39,41.59
189,20260203,510,379,322,5,3,84.87,79.14,70.73
189,20260204,510,270,180,4,1,63.76,73.84,53.13
189,20260205,510,380,290,3,2,60.86,82.65,50.72
189,20260206,510,304,285,1,0,21.29,93.05,17.74
189,20260209,510,420,383,6,3,93.33,80.41,77.77
189,20260210,510,225,112,5,2,94.09,54.35,78.41
189,20260211,510,423,294,8,2,127.47,69.76,100.0
189,20260212,510,380,282,5,0,76.78,78.6,63.98
189,20260213,510,357,225,7,2,111.46000000000001,66.87,92.88
189,20260216,510,335,277,5,2,85.77000000000001,76.36,71.48
189,20260217,510,440,385,7,4,116.37,76.79,96.98
189,20260218,510,306,273,3,2,37.12,88.03,30.93
189,20260219,510,200,162,3,1,48.67,76.9,40.56
189,20260220,510,296,232,4,0,48.989999999999995,82.57,40.82
189,20260223,510,470,372,3,2,62.349999999999994,85.65,51.96
189,20260224,510,333,294,6,3,91.36,76.29,76.13
189,20260225,510,365,271,5,3,61.67,81.46,51.39
189,20260226,510,365,300,7,4,111.77,72.86,93.14
189,20260227,510,190,154,3,2,60.49,71.8,50.41
189,20260302,510,395,308,4,1,65.3,82.51,54.42
189,20260303,510,265,225,3,1,36.67,85.99,30.56
189,20260304,510,395,372,7,1,137.71,72.98,100.0
189,20260305,510,275,185,6,2,93.22,66.49,77.68
189,20260306,510,240,149,4,2,69.05,68.33,57.54
189,20260309,510,315,249,2,1,33.91,88.01,28.26
189,20260310,510,260,145,7,3,108.27,57.25,90.22
189,20260311,510,320,220,4,0,73.09,75.06,60.91
189,20260312,510,328,328,4,1,85.9,79.25,71.58
189,20260313,510,360,320,2,1,30.96,91.18,25.8
189,20260316,510,348,315,1,0,14.24,95.67,11.87
189,20260317,510,405,369,7,3,114.25999999999999,76.36,95.22
189,20260318,510,425,353,4,1,74.15,82.64,61.79
189,20260319,510,405,369,5,0,96.33,79.3,80.27
189,20260320,510,255,229,1,1,11.6,95.18,9.67
189,20260323,510,328,281,4,1,63.849999999999994,81.48,53.21
189,20260324,510,400,400,5,2,74.0,84.39,61.67
189,20260325,510,307,252,5,2,94.49000000000001,72.73,78.74
189,20260326,510,455,348,6,3,98.84,77.88,82.37
189,20260327,510,240,156,3,3,45.03,77.6,37.53
189,20260330,510,285,211,4,1,72.83,74.34,60.69
189,20260331,510,310,189,7,2,118.01,61.56,98.34
190,20260101,510,295,209,4,2,58.620000000000005,78.1,48.85
190,20260102,510,425,346,3,0,44.78,88.54,37.32
190,20260105,510,407,364,3,0,53.370000000000005,87.21,44.48
190,20260106,510,340,255,5,1,89.49000000000001,74.02,74.58
190,20260107,510,420,341,3,2,42.41,88.94,35.34
190,20260108,510,290,225,2,1,26.919999999999998,89.31,22.43
190,20260109,510,320,247,5,2,87.84,73.77,73.2
190,20260112,510,340,300,2,2,33.879999999999995,89.85,28.23
190,20260113,510,341,306,1,0,15.42,95.2,12.85
190,20260114,510,395,350,4,2,78.87,81.61,65.72
190,20260115,510,405,317,6,0,111.50999999999999,73.98,92.92
190,20260116,510,305,254,2,0,30.83,89.18,25.69
190,20260119,510,326,277,3,2,42.43,86.72,35.36
190,20260120,510,370,310,5,1,59.9,83.81,49.92
190,20260121,510,202,202,5,3,76.26,72.59,63.55
190,20260122,510,395,356,5,1,68.38,83.89,56.98
190,20260123,510,445,432,3,3,45.86,90.4,38.22
190,20260126,510,325,259,5,2,87.66,74.71,73.05
190,20260127,510,495,415,7,4,103.01,80.11,85.84
190,20260128,510,365,303,3,0,37.83,88.9,31.52
190,20260129,510,305,247,6,3,122.46000000000001,66.85,100.0
190,20260130,510,345,265,6,5,94.56,73.7,78.8
190,20260202,510,325,271,6,2,65.96000000000001,80.42,54.97
190,20260203,510,270,163,5,1,69.58,70.08,57.98
190,20260204,510,395,314,7,3,129.82,70.75,100.0
190,20260205,510,370,295,5,0,81.01,78.46,67.51
190,20260206,510,450,352,4,1,53.67,86.77,44.72
190,20260209,510,300,288,4,2,53.54,84.32,44.62
190,20260210,510,350,287,4,0,72.89,79.75,60.74
190,20260211,510,373,274,8,3,111.73,71.03,93.11
190,20260212,510,170,82,6,4,104.35,44.0,86.96
190,20260213,510,289,193,4,3,58.81,76.65,49.01
190,20260216,510,445,348,6,0,121.91,74.06,100.0
190,20260217,510,309,297,5,2,102.65,74.32,85.54
190,20260218,510,404,288,4,1,58.92,83.02,49.1
190,20260219,510,288,217,1,0,24.28,89.94,20.23
190,20260220,510,425,346,6,3,96.93,78.12,80.78
190,20260223,510,381,315,6,1,113.64,73.49,94.7
190,20260224,510,415,351,2,1,35.06,90.92,29.22
190,20260225,510,400,332,3,2,60.510000000000005,84.58,50.43
190,20260226,510,360,281,5,2,84.82,76.81,70.68
190,20260227,510,430,404,5,2,73.46000000000001,84.61,61.22
190,20260302,510,440,391,6,1,102.25,79.27,85.21
190,20260303,510,469,434,5,1,72.94,85.61,60.78
190,20260304,510,355,283,8,4,122.62,69.77,100.0
190,20260305,510,320,207,6,3,86.1,70.62,71.75
190,20260306,510,265,139,4,2,81.66,62.99,68.05
190,20260309,510,355,313,6,3,91.35,77.41,76.12
190,20260310,510,277,204,5,1,74.61,73.22,62.18
190,20260311,510,320,287,3,2,56.06,83.66,46.72
190,20260312,510,310,274,3,3,35.629999999999995,88.49,29.69
190,20260313,510,370,322,6,2,86.22,78.88,71.85
190,20260316,510,314,232,4,0,63.31,78.56,52.76
190,20260317,510,456,397,6,5,91.83,81.21,76.53
190,20260318,510,435,288,3,1,45.269999999999996,86.42,37.72
190,20260319,510,235,235,2,1,34.46,87.21,28.72
190,20260320,510,353,296,6,2,78.47,79.05,65.39
190,20260323,510,435,342,7,2,95.56,78.16,79.63
190,20260324,510,210,126,1,1,6.39,95.17,5.32
190,20260325,510,315,247,5,3,75.89,76.5,63.24
190,20260326,510,343,292,4,3,65.62,81.65,54.68
190,20260327,510,320,266,3,2,44.76,85.6,37.3
190,20260330,510,330,227,5,2,70.35,76.34,58.62
190,20260331,510,390,298,7,5,110.11,73.02,91.76
191,20260101,510,270,228,5,3,84.55,72.95,70.46
191,20260102,510,300,239,3,1,44.46,84.32,37.05
191,20260105,510,363,279,7,4,130.82,68.08,100.0
191,20260106,510,430,363,6,4,89.30000000000001,80.26,74.42
191,20260107,510,350,319,6,6,93.11,77.41,77.59
191,20260108,510,305,272,4,2,54.79,83.23,45.66
191,20260109,510,390,306,5,2,86.69,77.92,72.24
191,20260112,510,465,396,4,1,70.0,84.98,58.33
191,20260113,510,300,206,5,1,71.85,74.14,59.88
191,20260114,510,380,340,5,1,77.2,81.5,64.33
191,20260115,510,341,243,5,1,78.61,75.56,65.51
191,20260116,510,335,267,5,3,82.52,76.39,68.77
191,20260119,510,320,272,3,1,55.43,83.07,46.19
191,20260120,510,275,243,3,1,58.769999999999996,80.52,48.97
191,20260121,510,365,284,5,3,86.09,76.74,71.74
191,20260122,510,305,261,5,3,99.31,72.44,82.76
191,20260123,510,355,276,7,1,121.08,69.51,100.0
191,20260126,510,264,264,4,2,51.91,83.57,43.26
191,20260127,510,285,260,4,0,66.55,79.62,55.46
191,20260128,510,350,295,2,0,28.57,91.17,23.81
191,20260129,510,379,357,3,3,56.92,86.25,47.43
191,20260130,510,390,367,6,0,118.28999999999999,75.62,98.57
191,20260202,510,380,334,4,2,58.33,85.13,48.61
191,20260203,510,410,368,5,0,77.05,82.69,64.21
191,20260204,510,245,174,5,1,71.97999999999999,70.74,59.98
191,20260205,510,247,203,6,3,109.16,65.03,90.97
191,20260206,510,447,416,7,2,127.96,76.48,100.0
191,20260209,510,370,294,6,1,85.57,77.46,71.31
191,20260210,510,375,249,7,3,125.37,66.51,100.0
191,20260211,510,205,144,3,1,43.99,76.6,36.66
191,20260212,510,269,190,1,0,19.96,90.49,16.63
191,20260213,510,325,291,4,0,76.08,79.27,63.4
191,20260216,510,291,232,6,2,106.24,68.59,88.53
191,20260217,510,380,328,2,1,35.85,90.15,29.88
191,20260218,510,420,328,11,5,186.98,63.69,100.0
191,20260219,510,465,453,6,3,98.22,82.18,81.85
191,20260220,510,380,360,2,0,51.69,87.44,43.08
191,20260223,510,228,170,3,1,53.61,76.03,44.68
191,20260224,510,365,365,3,1,52.74,87.37,43.95
191,20260225,510,460,422,6,4,99.52,80.92,82.93
191,20260226,510,276,217,2,1,31.56,87.3,26.3
191,20260227,510,380,308,3,1,50.260000000000005,85.97,41.88
191,20260302,510,395,328,3,0,52.69,86.16,43.91
191,20260303,510,441,390,4,2,68.4,85.08,57.0
191,20260304,510,350,329,6,1,97.74,77.1,81.45
191,20260305,510,225,163,7,2,110.51,59.6,92.09
191,20260306,510,495,382,7,2,95.06,80.07,79.22
191,20260309,510,330,300,2,0,42.69,87.54,35.57
191,20260310,510,320,320,4,2,71.87,81.66,59.89
191,20260311,510,305,279,7,2,113.5,71.08,94.58
191,20260312,510,379,277,4,1,71.98,79.37,59.98
191,20260313,510,280,280,3,0,47.52,85.49,39.6
191,20260316,510,324,254,5,4,70.11,78.37,58.42
191,20260317,510,365,256,4,1,69.5,78.65,57.92
191,20260318,510,415,415,5,2,74.07000000000001,84.85,61.73
191,20260319,510,245,229,2,0,21.59,91.38,17.99
191,20260320,510,207,195,4,0,65.66,74.81,54.72
191,20260323,510,250,238,1,0,15.45,93.9,12.88
191,20260324,510,270,245,5,2,69.72,77.85,58.1
191,20260325,510,360,294,4,3,78.25,78.98,65.21
191,20260326,510,465,418,7,3,97.53,81.08,81.27
191,20260327,510,380,337,2,1,28.87,92.11,24.06
191,20260330,510,281,218,1,0,12.41,94.61,10.34
191,20260331,510,345,251,5,3,78.29,76.22,65.24
192,20260101,510,320,275,5,2,77.74,77.96,64.78
192,20260102,510,370,262,6,2,96.13999999999999,73.16,80.12
192,20260105,510,385,355,5,2,90.09,79.76,75.08
192,20260106,510,339,277,5,1,74.79,78.74,62.33
192,20260107,510,350,302,4,1,71.6,80.84,59.67
192,20260108,510,387,285,7,3,120.87,70.22,100.0
192,20260109,510,435,365,5,1,77.1,82.56,64.25
192,20260112,510,417,340,8,4,132.1,72.02,100.0
192,20260113,510,265,233,3,1,56.03,80.61,46.69
192,20260114,510,280,280,3,2,47.81,85.42,39.84
192,20260115,510,281,197,3,2,42.45,82.27,35.38
192,20260116,510,435,397,8,4,143.96,73.39,100.0
192,20260119,510,300,300,1,0,7.39,97.6,6.16
192,20260120,510,380,304,6,2,107.87,73.81,89.89
192,20260121,510,470,425,4,2,57.01,88.17,47.51
192,20260122,510,260,201,3,0,59.47,77.17,49.56
192,20260123,510,361,322,3,2,33.05,90.69,27.54
192,20260126,510,355,290,4,1,62.77,82.21,52.31
192,20260127,510,289,228,5,3,90.07,71.68,75.06
192,20260128,510,420,351,7,4,96.51,78.43,80.42
192,20260129,510,425,401,4,1,64.53999999999999,86.14,53.78
192,20260130,510,390,350,5,3,89.34,79.66,74.45
192,20260202,510,415,400,1,1,15.64,96.24,13.03
192,20260203,510,320,254,2,0,29.16,89.7,24.3
192,20260204,510,390,348,3,2,52.07,86.98,43.39
192,20260205,510,295,199,8,4,131.28,60.25,100.0
192,20260206,510,400,327,8,3,118.57000000000001,73.39,98.81
192,20260209,510,355,262,6,3,96.83000000000001,73.02,80.69
192,20260210,510,367,260,8,2,93.56,73.54,77.97
192,20260211,510,345,303,3,2,38.51,88.72,32.09
192,20260212,510,360,337,3,1,36.97,90.11,30.81
192,20260213,510,365,319,7,3,101.05,75.94,84.21
192,20260216,510,400,312,6,4,92.03,77.22,76.69
192,20260217,510,310,203,6,3,103.35,66.26,86.12
192,20260218,510,274,253,2,2,39.36,86.54,32.8
192,20260219,510,230,189,2,1,37.03,83.62,30.86
192,20260220,510,296,220,4,2,55.11,79.97,45.92
192,20260223,510,404,365,6,3,96.10000000000001,79.16,80.08
192,20260224,510,365,300,3,2,27.759999999999998,91.53,23.13
192,20260225,510,485,400,7,2,129.56,75.53,100.0
192,20260226,510,445,423,4,2,68.36,86.09,56.97
192,20260227,510,350,277,7,5,115.03,70.66,95.86
192,20260302,510,364,345,6,2,96.12,78.21,80.1
192,20260303,510,395,362,5,1,107.17,77.16,89.31
192,20260304,510,374,374,5,3,62.52,85.68,52.1
192,20260305,510,370,273,5,2,72.58,79.0,60.48
192,20260306,510,449,301,6,2,105.82,73.99,88.18
192,20260309,510,255,206,1,0,17.19,92.3,14.32
192,20260310,510,365,351,3,1,44.48,88.75,37.07
192,20260311,510,420,397,4,1,66.25,85.7,55.21
192,20260312,510,380,308,8,2,141.74,68.48,100.0
192,20260313,510,314,230,5,2,90.8,71.7,75.67
192,20260316,510,325,269,4,2,63.88,80.81,53.23
192,20260317,510,205,167,1,0,18.91,89.83,15.76
192,20260318,510,460,418,5,3,82.56,83.51,68.8
192,20260319,510,405,385,2,1,29.21,92.95,24.34
192,20260320,510,315,249,5,3,65.91,79.07,54.92
192,20260323,510,383,341,4,2,54.620000000000005,86.19,45.52
192,20260324,510,275,224,6,4,82.01,73.2,68.34
192,20260325,510,345,310,4,2,54.58,85.03,45.48
192,20260326,510,360,292,7,2,122.53999999999999,70.44,100.0
192,20260327,510,402,372,4,1,70.37,84.09,58.64
192,20260330,510,337,302,5,3,68.2,81.58,56.83
192,20260331,510,282,179,4,0,90.13,66.51,75.11
193,20260101,510,465,340,7,3,106.13,76.21,88.44
193,20260102,510,405,385,7,3,113.24000000000001,77.27,94.37
193,20260105,510,256,231,3,1,27.810000000000002,89.25,23.18
193,20260106,510,292,274,3,1,37.3,88.02,31.08
193,20260107,510,325,278,5,1,76.55,78.41,63.79
193,20260108,510,295,282,4,0,73.53999999999999,79.32,61.28
193,20260109,510,335,274,5,2,70.03,79.64,58.36
193,20260112,510,295,188,4,1,64.82,74.36,54.02
193,20260113,510,345,295,4,2,64.91,81.96,54.09
193,20260114,510,360,360,3,2,56.49,86.44,47.08
193,20260115,510,290,271,2,0,48.0,84.95,40.0
193,20260116,510,420,368,6,2,81.8,81.81,68.17
193,20260119,510,510,448,7,4,110.07,80.28,91.72
193,20260120,510,355,327,6,1,105.77000000000001,75.56,88.14
193,20260121,510,254,165,3,0,46.379999999999995,78.06,38.65
193,20260122,510,311,231,2,1,27.83,89.25,23.19
193,20260123,510,440,370,6,2,76.43,82.88,63.69
193,20260126,510,332,234,5,0,76.81,75.29,64.01
193,20260127,510,332,249,6,4,102.09,70.92,85.08
193,20260128,510,425,413,5,3,80.98,83.61,67.48
193,20260129,510,350,281,9,2,149.78,65.23,100.0
193,20260130,510,360,270,2,0,36.3,88.15,30.25
193,20260202,510,155,133,0,0,0.0,100.0,0.0
193,20260203,510,455,401,5,3,78.24,83.67,65.2
193,20260204,510,330,244,8,1,139.07999999999998,63.69,100.0
193,20260205,510,320,304,5,3,82.08,78.74,68.4
193,20260206,510,280,268,4,1,69.47999999999999,79.41,57.9
193,20260209,510,325,255,4,3,71.85,78.02,59.88
193,20260210,510,350,190,5,3,83.89,69.37,69.91
193,20260211,510,315,254,7,4,110.17999999999999,69.75,91.82
193,20260212,510,380,285,7,3,106.29,72.84,88.58
193,20260213,510,275,237,2,1,32.400000000000006,87.97,27.0
193,20260216,510,395,349,3,1,66.94,83.91,55.78
193,20260217,510,290,238,5,3,103.55,69.68,86.29
193,20260218,510,367,341,5,4,67.87,83.4,56.56
193,20260219,510,215,195,3,0,37.45,83.89,31.21
193,20260220,510,255,187,6,2,101.33,64.86,84.44
193,20260223,510,395,353,6,3,100.73,77.8,83.94
193,20260224,510,240,228,5,2,94.0,70.81,78.33
193,20260225,510,395,323,1,1,18.64,94.54,15.53
193,20260226,510,410,344,6,1,126.42,73.13,100.0
193,20260227,510,318,255,4,1,72.10000000000001,77.96,60.08
193,20260302,510,380,345,6,5,92.48,78.86,77.07
193,20260303,510,415,395,4,2,72.55,84.48,60.46
193,20260304,510,332,279,4,2,63.29,81.51,52.74
193,20260305,510,362,248,6,2,97.89,71.7,81.58
193,20260306,510,450,395,7,2,117.31,77.1,97.76
193,20260309,510,310,257,5,3,94.37,73.14,78.64
193,20260310,510,408,366,4,2,45.150000000000006,89.02,37.62
193,20260311,510,240,193,5,3,91.88,67.75,76.57
193,20260312,510,289,230,3,2,40.07,85.16,33.39
193,20260313,510,234,202,1,1,12.93,93.98,10.78
193,20260316,510,320,282,1,1,14.75,95.03,12.29
193,20260317,510,380,349,5,2,80.85,81.19,67.38
193,20260318,510,365,321,7,2,150.38,68.1,100.0
193,20260319,510,450,395,4,1,70.55,84.85,58.79
193,20260320,510,269,246,3,1,58.75,80.72,48.96
193,20260323,510,360,343,1,1,15.27,95.74,12.72
193,20260324,510,265,225,8,2,138.57,61.89,100.0
193,20260325,510,240,207,4,1,74.16,73.62,61.8
193,20260326,510,340,256,5,3,99.05,72.1,82.54
193,20260327,510,410,318,4,2,78.7,80.16,65.58
193,20260330,510,380,364,4,2,72.22,83.44,60.18
193,20260331,510,370,278,6,3,89.56,75.63,74.63
194,20260101,510,420,364,4,1,67.52,84.35,56.27
194,20260102,510,405,351,6,4,93.32000000000001,79.0,77.77
194,20260105,510,375,266,6,1,87.66,75.21,73.05
194,20260106,510,425,355,3,1,48.68000000000001,87.94,40.57
194,20260107,510,305,271,4,2,52.349999999999994,83.81,43.62
194,20260108,510,440,378,7,3,110.42999999999999,77.39,92.02
194,20260109,510,420,383,8,1,130.32,74.61,100.0
194,20260112,510,290,277,2,1,28.42,90.69,23.68
194,20260113,510,360,273,3,1,60.86,81.77,50.72
194,20260114,510,425,385,5,3,94.04,80.37,78.37
194,20260115,510,350,316,1,0,4.0,98.75,3.33
194,20260116,510,300,263,4,1,77.52000000000001,77.23,64.6
194,20260119,510,251,183,5,2,84.36,68.45,70.3
194,20260120,510,420,387,3,2,44.0,89.79,36.67
194,20260121,510,265,212,2,1,24.12,89.78,20.1
194,20260122,510,215,79,7,2,113.12,41.12,94.27
194,20260123,510,350,330,3,1,56.839999999999996,85.31,47.37
194,20260126,510,325,225,6,3,81.17,73.49,67.64
194,20260127,510,275,209,4,2,62.89,76.87,52.41
194,20260128,510,345,300,7,2,137.59,68.56,100.0
194,20260129,510,445,373,5,2,78.95,82.53,65.79
194,20260130,510,326,311,5,3,72.98,80.99,60.82
194,20260202,510,271,251,3,2,53.14,82.53,44.28
194,20260203,510,180,110,3,2,36.93,74.87,30.78
194,20260204,510,318,259,2,0,34.68,88.19,28.9
194,20260205,510,403,356,4,1,62.980000000000004,84.97,52.48
194,20260206,510,305,275,5,2,103.9,72.58,86.58
194,20260209,510,242,170,3,1,50.13,77.23,41.78
194,20260210,510,293,270,4,2,75.07000000000001,78.24,62.56
194,20260211,510,395,334,5,2,73.36,81.99,61.13
194,20260212,510,320,267,4,1,70.8,79.04,59.0
194,20260213,510,400,305,6,2,104.05,74.56,86.71
194,20260216,510,300,233,6,4,68.77,77.21,57.31
194,20260217,510,197,167,3,1,41.83,79.97,34.86
194,20260218,510,345,262,1,1,14.68,94.69,12.23
194,20260219,510,340,273,2,1,25.36,91.5,21.13
194,20260220,510,330,282,3,2,50.25,84.88,41.88
194,20260223,510,270,223,3,2,57.47,79.51,47.89
194,20260224,510,315,297,5,3,96.82,75.42,80.68
194,20260225,510,355,355,5,2,97.16,78.51,80.97
194,20260226,510,370,292,4,2,58.120000000000005,83.4,48.43
194,20260227,510,390,270,5,1,100.08,72.96,83.4
194,20260302,510,295,220,4,1,61.83,78.06,51.52
194,20260303,510,220,126,5,3,103.14999999999999,54.99,85.96
194,20260304,510,380,340,3,1,54.36,86.22,45.3
194,20260305,510,411,353,6,3,68.00999999999999,83.85,56.68
194,20260306,510,287,215,4,2,62.7,77.42,52.25
194,20260309,510,425,306,5,0,78.59,79.57,65.49
194,20260310,510,357,301,5,2,81.41,78.71,67.84
194,20260311,510,385,267,4,1,69.09,79.44,57.58
194,20260312,510,275,231,2,1,36.12,86.48,30.1
194,20260313,510,225,140,3,2,56.91,71.1,47.42
194,20260316,510,300,208,5,0,69.7,74.9,58.08
194,20260317,510,135,123,1,0,22.19,84.72,18.49
194,20260318,510,373,251,8,6,156.53,61.59,100.0
194,20260319,510,257,241,3,3,49.25,83.03,41.04
194,20260320,510,445,445,4,2,61.129999999999995,87.92,50.94
194,20260323,510,370,325,5,1,98.92999999999999,76.66,82.44
194,20260324,510,340,275,4,2,61.25,81.78,51.04
194,20260325,510,320,188,3,3,41.94,81.76,34.95
194,20260326,510,270,195,2,0,35.92,84.44,29.93
194,20260327,510,390,302,5,2,68.21000000000001,81.58,56.84
194,20260330,510,405,339,5,0,67.71,83.35,56.42
194,20260331,510,392,373,4,2,67.15,84.74,55.96
195,20260101,510,360,302,1,0,16.37,94.86,13.64
195,20260102,510,380,339,4,2,70.9,82.7,59.08
195,20260105,510,405,365,7,1,131.62,73.5,100.0
195,20260106,510,286,227,2,2,31.69,87.75,26.41
195,20260107,510,332,315,1,0,17.76,94.66,14.8
195,20260108,510,325,251,2,0,19.91,92.65,16.59
195,20260109,510,330,273,4,2,47.519999999999996,85.17,39.6
195,20260112,510,450,438,4,1,71.03999999999999,86.04,59.2
195,20260113,510,255,243,5,1,65.80000000000001,78.69,54.83
195,20260114,510,370,309,3,1,50.08,86.05,41.73
195,20260115,510,335,294,0,0,0.0,100.0,0.0
195,20260116,510,395,321,4,1,80.5,79.95,67.08
195,20260119,510,305,246,6,2,131.84,65.11,100.0
195,20260120,510,240,176,4,3,55.19,76.13,45.99
195,20260121,510,283,263,2,2,25.810000000000002,91.06,21.51
195,20260122,510,405,355,5,2,76.35,82.3,63.62
195,20260123,510,345,326,4,2,61.47,84.14,51.22
195,20260126,510,310,250,4,2,66.71000000000001,78.94,55.59
195,20260127,510,289,250,4,2,70.78999999999999,77.93,58.99
195,20260128,510,420,396,2,1,30.099999999999998,92.94,25.08
195,20260129,510,420,401,3,1,48.94,89.12,40.78
195,20260130,510,360,348,3,1,43.480000000000004,88.89,36.23
195,20260202,510,350,327,5,2,101.03999999999999,76.39,84.2
195,20260203,510,348,281,4,1,59.58,82.51,49.65
195,20260204,510,305,226,4,3,54.1,80.69,45.08
195,20260205,510,375,251,8,2,115.71,68.45,96.42
195,20260206,510,314,264,7,4,112.06,70.2,93.38
195,20260209,510,430,360,4,1,61.83,85.34,51.52
195,20260210,510,350,253,7,2,119.2,67.97,99.33
195,20260211,510,249,171,3,2,55.45,75.51,46.21
195,20260212,510,365,324,6,3,96.0,77.14,80.0
195,20260213,510,408,384,6,2,100.58,79.24,83.82
195,20260216,510,310,278,4,2,60.36,82.16,50.3
195,20260217,510,370,303,6,2,94.31,76.26,78.59
195,20260218,510,450,367,6,2,91.14,80.11,75.95
195,20260219,510,440,428,5,3,75.4,85.02,62.83
195,20260220,510,385,322,5,1,98.24,76.62,81.87
195,20260223,510,190,161,3,0,48.739999999999995,76.76,40.62
195,20260224,510,425,317,6,1,100.92,75.85,84.1
195,20260225,510,390,384,4,1,77.52000000000001,83.2,64.6
195,20260226,510,385,314,6,4,77.88,80.13,64.9
195,20260227,510,230,161,3,1,52.73,75.33,43.94
195,20260302,510,364,267,6,3,85.14,75.82,70.95
195,20260303,510,370,247,6,2,94.89,72.25,79.07
195,20260304,510,424,361,7,4,93.9,79.36,78.25
195,20260305,510,385,367,5,3,73.35,83.34,61.12
195,20260306,510,415,289,8,2,139.85,67.39,100.0
195,20260309,510,295,249,2,0,25.159999999999997,90.82,20.97
195,20260310,510,325,218,2,2,39.989999999999995,84.5,33.32
195,20260311,510,350,279,5,0,83.36999999999999,76.99,69.47
195,20260312,510,330,285,4,2,77.03,78.72,64.19
195,20260313,510,345,306,3,1,45.77,86.99,38.14
195,20260316,510,316,286,1,1,13.59,95.46,11.32
195,20260317,510,293,246,3,1,54.18,81.95,45.15
195,20260318,510,393,296,1,0,17.49,94.42,14.58
195,20260319,510,285,234,4,1,64.39,78.42,53.66
195,20260320,510,365,295,6,3,74.48,79.84,62.07
195,20260323,510,249,203,4,2,64.31,75.94,53.59
195,20260324,510,305,220,2,0,44.2,83.27,36.83
195,20260325,510,335,278,8,2,143.68,65.93,100.0
195,20260326,510,450,419,8,6,121.37,77.54,100.0
195,20260327,510,350,262,2,1,29.32,89.94,24.43
195,20260330,510,335,224,4,1,70.2,76.14,58.5
195,20260331,510,305,224,4,1,61.86,78.36,51.55
196,20260101,510,339,258,2,0,35.2,87.99,29.33
196,20260102,510,310,287,5,1,87.69,76.6,73.08
196,20260105,510,369,292,4,1,72.41,80.13,60.34
196,20260106,510,345,281,4,1,61.91,81.95,51.59
196,20260107,510,395,242,9,4,176.98,57.76,100.0
196,20260108,510,390,378,5,3,58.0,86.7,48.33
196,20260109,510,320,294,2,1,34.98,89.37,29.15
196,20260112,510,385,335,3,2,51.22,86.74,42.68
196,20260113,510,425,362,6,2,112.87,76.23,94.06
196,20260114,510,460,401,8,4,113.73,77.9,94.78
196,20260115,510,210,108,1,0,20.96,83.75,17.47
196,20260116,510,287,227,4,1,83.23,73.17,69.36
196,20260119,510,330,306,3,1,61.44,83.28,51.2
196,20260120,510,290,204,4,2,59.370000000000005,77.46,49.48
196,20260121,510,390,333,7,4,116.23,74.13,96.86
196,20260122,510,235,173,1,0,18.64,90.27,15.53
196,20260123,510,390,376,3,2,38.14,90.79,31.78
196,20260126,510,315,271,3,2,46.35,85.39,38.63
196,20260127,510,400,330,4,1,77.1,81.06,64.25
196,20260128,510,308,232,0,0,0.0,100.0,0.0
196,20260129,510,305,255,4,2,62.39,80.34,51.99
196,20260130,510,418,333,4,2,76.5,81.32,63.75
196,20260202,510,215,136,9,4,144.23,48.53,100.0
196,20260203,510,320,273,3,1,40.46,87.09,33.72
196,20260204,510,315,210,7,2,136.82999999999998,60.55,100.0
196,20260205,510,243,231,3,2,48.97,82.51,40.81
196,20260206,510,335,323,4,3,49.93,86.61,41.61
196,20260209,510,435,352,9,4,128.92,73.19,100.0
196,20260210,510,415,361,7,3,121.32,74.85,100.0
196,20260211,510,304,274,3,2,55.010000000000005,83.28,45.84
196,20260212,510,234,192,2,1,44.040000000000006,81.34,36.7
196,20260213,510,275,226,3,1,55.24,80.36,46.03
196,20260216,510,330,236,6,4,92.88,71.76,77.4
196,20260217,510,291,210,5,2,84.58000000000001,71.29,70.48
196,20260218,510,315,259,5,4,81.67999999999999,76.02,68.07
196,20260219,510,184,146,5,2,62.82,69.92,52.35
196,20260220,510,305,195,7,2,107.43,64.48,89.52
196,20260223,510,450,389,7,2,108.2,78.24,90.17
196,20260224,510,301,156,8,2,120.44,56.43,100.0
196,20260225,510,304,224,3,2,42.89,83.93,35.74
196,20260226,510,381,369,5,2,99.32,78.79,82.77
196,20260227,510,445,331,7,3,119.4,73.49,99.5
196,20260302,510,272,245,2,0,40.6,85.78,33.83
196,20260303,510,463,391,7,4,112.3,77.69,93.58
196,20260304,510,260,239,4,1,71.09,77.07,59.24
196,20260305,510,340,295,6,2,105.2,73.71,87.67
196,20260306,510,325,325,5,3,68.28,82.64,56.9
196,20260309,510,395,311,7,1,114.16,73.15,95.13
196,20260310,510,292,234,4,0,75.65,75.57,63.04
196,20260311,510,275,211,4,2,64.28,76.65,53.57
196,20260312,510,328,284,5,1,83.64,77.25,69.7
196,20260313,510,433,363,5,1,93.23,79.57,77.69
196,20260316,510,303,172,6,3,97.15,63.9,80.96
196,20260317,510,270,112,6,3,86.94,56.3,72.45
196,20260318,510,370,283,7,3,116.59,70.82,97.16
196,20260319,510,327,302,2,1,26.880000000000003,91.83,22.4
196,20260320,510,268,188,2,2,28.71,86.75,23.92
196,20260323,510,247,192,2,1,30.79,86.18,25.66
196,20260324,510,310,247,2,2,30.050000000000004,89.15,25.04
196,20260325,510,304,246,5,1,91.29,72.93,76.08
196,20260326,510,345,328,4,1,57.64,85.05,48.03
196,20260327,510,267,233,2,1,30.36,88.47,25.3
196,20260330,510,176,106,3,1,63.33,62.6,52.77
196,20260331,510,380,338,1,0,16.31,95.4,13.59
197,20260101,510,400,358,4,1,57.17,86.23,47.64
197,20260102,510,316,292,4,1,58.0,83.43,48.33
197,20260105,510,400,350,10,2,185.13,65.4,100.0
197,20260106,510,271,190,4,1,73.7,72.05,61.42
197,20260107,510,401,329,7,4,106.03,75.63,88.36
197,20260108,510,413,368,3,1,63.07,85.37,52.56
197,20260109,510,355,320,6,3,93.0,77.48,77.5
197,20260112,510,340,310,1,0,5.78,98.17,4.82
197,20260113,510,380,329,6,3,116.21000000000001,73.9,96.84
197,20260114,510,365,311,5,5,82.07,79.12,68.39
197,20260115,510,405,365,3,1,47.85,88.41,39.88
197,20260116,510,269,228,2,1,24.53,90.29,20.44
197,20260119,510,405,337,5,1,74.4,81.92,62.0
197,20260120,510,265,219,4,3,55.85,79.68,46.54
197,20260121,510,214,189,1,0,8.8,95.55,7.33
197,20260122,510,260,214,4,0,79.24,72.98,66.03
197,20260123,510,387,339,3,3,56.61,85.69,47.18
197,20260126,510,356,332,2,0,24.88,93.03,20.73
197,20260127,510,410,326,5,2,88.84,78.58,74.03
197,20260128,510,345,283,4,1,66.85,80.89,55.71
197,20260129,510,349,249,5,0,77.52000000000001,76.26,64.6
197,20260130,510,395,282,8,4,150.47,65.21,100.0
197,20260202,510,420,344,8,3,132.93,72.13,100.0
197,20260203,510,315,273,5,2,86.75,75.89,72.29
197,20260204,510,380,264,3,0,41.63,86.38,34.69
197,20260205,510,230,166,4,0,40.93,80.22,34.11
197,20260206,510,390,313,5,2,90.36,77.6,75.3
197,20260209,510,261,189,5,3,83.35,69.4,69.46
197,20260210,510,395,364,5,4,82.48,81.53,68.73
197,20260211,510,294,258,3,0,46.58,84.71,38.82
197,20260212,510,350,313,3,2,59.19,84.1,49.32
197,20260213,510,330,282,6,3,98.78,74.06,82.32
197,20260216,510,395,372,3,2,60.19,86.07,50.16
197,20260217,510,450,399,2,1,35.59,91.81,29.66
197,20260218,510,335,292,3,2,53.739999999999995,84.46,44.78
197,20260219,510,232,151,5,1,75.44,66.68,62.87
197,20260220,510,350,304,3,1,43.019999999999996,87.6,35.85
197,20260223,510,485,435,5,3,78.87,84.65,65.72
197,20260224,510,293,262,4,3,67.85000000000001,79.43,56.54
197,20260225,510,280,164,7,1,136.97,54.49,100.0
197,20260226,510,395,254,7,3,101.75,71.4,84.79
197,20260227,510,343,329,3,2,52.28,86.29,43.57
197,20260302,510,310,271,4,3,67.08,80.16,55.9
197,20260303,510,335,208,8,4,132.19,61.14,100.0
197,20260304,510,365,310,3,0,41.81,88.12,34.84
197,20260305,510,327,244,5,2,55.06,81.59,45.88
197,20260306,510,365,305,2,2,28.299999999999997,91.51,23.58
197,20260309,510,340,242,4,1,72.14,77.04,60.12
197,20260310,510,345,255,6,3,107.93,70.26,89.94
197,20260311,510,425,330,5,2,77.15,81.05,64.29
197,20260312,510,305,265,4,0,58.25,81.98,48.54
197,20260313,510,350,260,5,1,82.56,75.9,68.8
197,20260316,510,315,254,4,3,57.57,81.52,47.98
197,20260317,510,459,401,8,2,148.71,72.95,100.0
197,20260318,510,299,211,3,1,27.240000000000002,88.57,22.7
197,20260319,510,440,397,6,3,98.78,80.08,82.32
197,20260320,510,420,380,1,1,18.85,95.27,15.71
197,20260323,510,355,243,10,3,161.02,60.15,100.0
197,20260324,510,410,354,6,4,90.94999999999999,79.56,75.79
197,20260325,510,349,260,8,2,138.93,65.17,100.0
197,20260326,510,259,181,4,1,74.94,70.72,62.45
197,20260327,510,465,398,4,1,79.63,83.33,66.36
197,20260330,510,300,238,5,3,89.24,72.73,74.37
197,20260331,510,363,332,5,1,90.18,78.64,75.15
198,20260101,510,212,181,2,1,30.49,85.58,25.41
198,20260102,510,375,323,4,2,56.04,85.22,46.7
198,20260105,510,427,363,6,2,78.42,82.23,65.35
198,20260106,510,370,327,5,4,82.09,79.93,68.41
198,20260107,510,274,243,3,1,49.95,82.95,41.62
198,20260108,510,355,260,2,0,23.59,91.68,19.66
198,20260109,510,284,194,4,1,78.17,71.28,65.14
198,20260112,510,452,380,6,3,81.50999999999999,82.34,67.92
198,20260113,510,389,296,8,3,120.83,71.01,100.0
198,20260114,510,401,339,8,3,132.25,71.94,100.0
198,20260115,510,355,286,5,3,81.25,77.88,67.71
198,20260116,510,325,257,5,2,99.17,72.16,82.64
198,20260119,510,242,152,3,1,50.87,74.92,42.39
198,20260120,510,265,229,4,2,71.37,76.24,59.48
198,20260121,510,320,254,6,3,97.94,72.17,81.62
198,20260122,510,360,243,7,4,117.58,67.39,97.98
198,20260123,510,397,308,3,1,34.27,89.99,28.56
198,20260126,510,320,274,4,2,58.120000000000005,82.5,48.43
198,20260127,510,335,257,6,4,115.42,69.01,96.18
198,20260128,510,340,257,5,1,92.16,73.61,76.8
198,20260129,510,180,116,1,0,17.36,86.98,14.47
198,20260130,510,280,267,4,2,64.04,80.65,53.37
198,20260202,510,290,196,6,3,69.32,73.87,57.77
198,20260203,510,320,279,3,1,40.28,87.38,33.57
198,20260204,510,305,289,3,0,57.96,83.29,48.3
198,20260205,510,330,271,4,2,53.03,83.63,44.19
198,20260206,510,260,216,4,2,57.79,78.89,48.16
198,20260209,510,360,318,2,1,34.86,90.12,29.05
198,20260210,510,345,291,7,1,130.6,69.02,100.0
198,20260211,510,368,323,4,3,41.92,88.51,34.93
198,20260212,510,410,289,4,2,53.19,84.46,44.32
198,20260213,510,400,350,7,0,125.02,73.68,100.0
198,20260216,510,235,168,5,0,94.69,63.95,78.91
198,20260217,510,450,426,6,0,109.91,79.49,91.59
198,20260218,510,365,321,3,2,34.68,90.25,28.9
198,20260219,510,375,343,3,2,50.900000000000006,87.08,42.42
198,20260220,510,383,311,6,2,99.77000000000001,75.71,83.14
198,20260223,510,352,328,4,1,64.33,83.6,53.61
198,20260224,510,270,230,5,4,85.22,72.96,71.02
198,20260225,510,290,216,3,2,55.699999999999996,79.5,46.42
198,20260226,510,322,322,4,0,66.09,82.97,55.08
198,20260227,510,381,336,6,2,104.26,76.32,86.88
198,20260302,510,360,304,5,1,90.25,77.11,75.21
198,20260303,510,298,228,4,0,56.39,80.17,46.99
198,20260304,510,345,237,6,3,99.42999999999999,70.45,82.86
198,20260305,510,405,335,3,0,54.980000000000004,85.9,45.82
198,20260306,510,426,367,6,3,96.6,79.16,80.5
198,20260309,510,330,214,7,1,105.34,67.01,87.78
198,20260310,510,390,293,5,1,69.98,80.72,58.32
198,20260311,510,387,387,5,2,62.59,86.08,52.16
198,20260312,510,344,259,5,1,69.06,78.95,57.55
198,20260313,510,310,247,5,2,76.3,76.4,63.58
198,20260316,510,351,295,4,2,77.16,79.27,64.3
198,20260317,510,381,311,6,1,117.4,72.6,97.83
198,20260318,510,305,244,8,5,122.92,66.5,100.0
198,20260319,510,279,223,1,0,9.54,95.9,7.95
198,20260320,510,300,245,4,1,56.56,81.24,47.13
198,20260323,510,325,238,2,0,35.75,86.94,29.79
198,20260324,510,215,130,6,2,99.12,56.74,82.6
198,20260325,510,350,293,7,3,114.32,71.93,95.27
198,20260326,510,257,202,4,2,52.81,79.27,44.01
198,20260327,510,250,188,2,1,30.68,85.97,25.57
198,20260330,510,305,228,4,3,62.5,78.49,52.08
198,20260331,510,345,333,2,1,37.620000000000005,89.85,31.35
199,20260101,510,320,237,3,2,43.97,84.35,36.64
199,20260102,510,390,371,3,0,30.04,92.51,25.03
199,20260105,510,295,178,5,2,76.13,70.04,63.44
199,20260106,510,235,193,4,3,70.32,73.29,58.6
199,20260107,510,335,305,4,0,59.2,83.75,49.33
199,20260108,510,405,352,5,3,84.82,80.58,70.68
199,20260109,510,330,304,2,0,45.09,87.08,37.58
199,20260112,510,295,223,3,1,36.49,85.94,30.41
199,20260113,510,380,331,5,1,96.92,77.35,80.77
199,20260114,510,380,298,6,2,83.51,78.11,69.59
199,20260115,510,365,336,4,2,82.54,80.28,68.78
199,20260116,510,425,391,3,2,46.22,89.43,38.52
199,20260119,510,260,227,5,3,82.4,73.37,68.67
199,20260120,510,191,157,4,1,51.25,75.39,42.71
199,20260121,510,435,339,6,0,92.93,78.48,77.44
199,20260122,510,484,456,8,2,129.07,77.94,100.0
199,20260123,510,375,262,3,1,63.980000000000004,80.37,53.32
199,20260126,510,345,325,5,4,64.13,83.52,53.44
199,20260127,510,370,325,4,2,60.55,84.3,50.46
199,20260128,510,180,125,4,1,60.379999999999995,67.43,50.32
199,20260129,510,390,348,5,0,83.54,80.64,69.62
199,20260130,510,425,374,5,3,84.33,81.6,70.28
199,20260202,510,357,305,4,2,65.03,82.43,54.19
199,20260203,510,310,253,5,2,84.55,74.95,70.46
199,20260204,510,475,407,2,1,33.55,92.38,27.96
199,20260205,510,395,366,3,1,71.16,83.72,59.3
199,20260206,510,410,338,3,3,46.55,87.89,38.79
199,20260209,510,305,245,4,3,56.79,81.18,47.32
199,20260210,510,280,238,4,1,59.92,79.89,49.93
199,20260211,510,495,431,3,3,50.83,89.45,42.36
199,20260212,510,250,184,1,0,29.82,86.05,24.85
199,20260213,510,330,253,5,3,59.34,81.0,49.45
199,20260216,510,345,284,2,2,32.84,89.64,27.37
199,20260217,510,311,275,3,1,39.449999999999996,87.45,32.88
199,20260218,510,355,273,8,2,142.69,65.67,100.0
199,20260219,510,470,419,3,2,57.77,87.88,48.14
199,20260220,510,260,235,4,4,57.66,80.3,48.05
199,20260223,510,285,236,4,0,48.480000000000004,82.96,40.4
199,20260224,510,365,305,5,2,76.01,80.05,63.34
199,20260225,510,400,355,4,3,77.74,82.04,64.78
199,20260226,510,382,303,2,0,45.53,86.94,37.94
199,20260227,510,320,266,4,1,64.81,80.41,54.01
199,20260302,510,325,284,6,3,110.63,71.97,92.19
199,20260303,510,170,146,4,2,75.53,65.91,62.94
199,20260304,510,400,386,4,1,73.15,84.07,60.96
199,20260305,510,272,203,4,2,73.92,73.31,61.6
199,20260306,510,425,344,6,2,107.99000000000001,76.11,89.99
199,20260309,510,307,211,2,0,30.85,87.24,25.71
199,20260310,510,365,283,5,3,90.56,75.76,75.47
199,20260311,510,272,163,4,2,73.05,69.05,60.88
199,20260312,510,330,300,3,1,51.19,85.42,42.66
199,20260313,510,265,253,2,1,37.87,86.98,31.56
199,20260316,510,335,210,8,1,138.44,60.27,100.0
199,20260317,510,440,422,5,4,84.27,83.35,70.22
199,20260318,510,256,212,2,2,31.48,87.07,26.23
199,20260319,510,330,276,5,3,71.69,79.38,59.74
199,20260320,510,365,311,4,1,64.75,82.77,53.96
199,20260323,510,395,311,7,3,99.06,75.84,82.55
199,20260324,510,230,230,3,0,43.690000000000005,84.04,36.41
199,20260325,510,395,358,7,0,137.41,72.26,100.0
199,20260326,510,415,356,5,2,88.62,80.07,73.85
199,20260327,510,370,338,6,4,88.98,79.16,74.15
199,20260330,510,419,396,6,5,112.77,77.83,93.98
199,20260331,510,335,259,2,1,35.7,87.89,29.75
200,20260101,510,297,240,5,0,88.75,73.0,73.96
200,20260102,510,295,255,3,1,27.049999999999997,90.41,22.54
200,20260105,510,250,213,2,1,26.42,88.96,22.02
200,20260106,510,270,218,5,1,76.91,73.92,64.09
200,20260107,510,263,227,3,0,48.019999999999996,82.54,40.02
200,20260108,510,380,280,2,2,29.5,90.47,24.58
200,20260109,510,280,280,3,1,39.620000000000005,87.6,33.02
200,20260112,510,415,345,8,6,139.69,71.18,100.0
200,20260113,510,322,259,4,2,55.53,82.35,46.28
200,20260114,510,355,275,7,3,91.99000000000001,74.93,76.66
200,20260115,510,410,398,2,1,32.11,92.53,26.76
200,20260116,510,220,203,2,1,29.27,87.4,24.39
200,20260119,510,301,196,7,4,118.43,62.34,98.69
200,20260120,510,330,311,1,1,15.42,95.28,12.85
200,20260121,510,323,248,4,0,75.16,76.74,62.63
200,20260122,510,315,283,4,1,59.8,82.56,49.83
200,20260123,510,410,377,6,3,89.69,80.78,74.74
200,20260126,510,326,312,4,3,70.98,81.47,59.15
200,20260127,510,435,367,8,6,131.1,73.68,100.0
200,20260128,510,335,272,5,4,77.80000000000001,77.76,64.83
200,20260129,510,424,362,6,1,76.34,82.58,63.62
200,20260130,510,330,295,3,2,57.95,83.58,48.29
200,20260202,510,319,300,3,1,47.129999999999995,86.42,39.28
200,20260203,510,355,255,4,3,55.260000000000005,82.19,46.05
200,20260204,510,320,289,4,2,78.08,78.73,65.07
200,20260205,510,350,318,1,0,17.15,94.88,14.29
200,20260206,510,360,318,4,2,50.21,86.36,41.84
200,20260209,510,450,409,5,2,69.02,85.56,57.52
200,20260210,510,375,264,6,1,93.37,73.87,77.81
200,20260211,510,385,312,6,3,103.16,75.15,85.97
200,20260212,510,405,361,1,0,25.4,93.43,21.17
200,20260213,510,340,289,5,2,84.53,77.37,70.44
200,20260216,510,330,255,5,1,65.66,79.52,54.72
200,20260217,510,336,266,5,3,70.78999999999999,78.98,58.99
200,20260218,510,410,342,4,2,59.15,85.25,49.29
200,20260219,510,290,185,7,3,147.07,55.71,100.0
200,20260220,510,320,302,4,3,68.26,81.56,56.88
200,20260223,510,329,251,5,1,79.96000000000001,75.84,66.63
200,20260224,510,410,338,3,1,48.11,87.54,40.09
200,20260225,510,154,97,4,1,69.28999999999999,58.33,57.74
200,20260226,510,235,217,1,0,17.24,92.64,14.37
200,20260227,510,450,416,5,1,61.42,87.14,51.18
200,20260302,510,370,299,5,2,81.28,78.63,67.73
200,20260303,510,388,263,8,2,106.37,71.2,88.64
200,20260304,510,314,163,4,2,55.53,74.59,46.28
200,20260305,510,450,432,5,1,96.39,81.76,80.32
200,20260306,510,240,216,2,1,34.67,86.17,28.89
200,20260309,510,325,325,5,2,70.16,82.25,58.47
200,20260310,510,420,355,8,3,130.43,73.13,100.0
200,20260311,510,388,316,3,2,33.339999999999996,90.46,27.78
200,20260312,510,372,275,4,2,75.83,78.39,63.19
200,20260313,510,375,241,4,1,67.61,78.09,56.34
200,20260316,510,340,323,4,2,49.620000000000005,86.68,41.35
200,20260317,510,340,288,6,3,74.50999999999999,79.45,62.09
200,20260318,510,395,359,7,4,128.12,73.7,100.0
200,20260319,510,340,198,6,2,111.13,64.05,92.61
200,20260320,510,395,302,5,2,103.81,74.42,86.51
200,20260323,510,310,236,6,3,96.28,71.02,80.23
200,20260324,510,410,330,5,0,80.99,80.29,67.49
200,20260325,510,415,404,5,2,75.12,84.32,62.6
200,20260326,510,336,286,6,1,93.84,75.29,78.2
200,20260327,510,350,325,4,2,65.94,83.13,54.95
200,20260330,510,480,408,9,3,195.22,67.64,100.0
200,20260331,510,363,297,4,2,63.99,82.27,53.32
201,20260101,510,264,230,1,0,21.14,91.58,17.62
201,20260102,510,278,205,5,2,70.22,74.49,58.52
201,20260105,510,329,267,5,1,68.03,79.69,56.69
201,20260106,510,375,331,3,3,54.91,85.77,45.76
201,20260107,510,480,432,9,4,167.84,72.02,100.0
201,20260108,510,320,226,6,3,98.94,69.55,82.45
201,20260109,510,225,210,3,1,54.260000000000005,79.47,45.22
201,20260112,510,315,228,3,2,46.37,83.1,38.64
201,20260113,510,266,185,2,1,37.5,83.15,31.25
201,20260114,510,385,335,5,0,70.42,82.63,58.68
201,20260115,510,426,343,5,3,74.38,82.18,61.98
201,20260116,510,320,302,3,0,60.71000000000001,83.26,50.59
201,20260119,510,266,222,2,0,18.16,92.44,15.13
201,20260120,510,455,335,5,1,65.0,83.75,54.17
201,20260121,510,425,330,8,3,162.24,67.04,100.0
201,20260122,510,335,296,6,4,105.93,73.64,88.28
201,20260123,510,235,155,6,1,109.14,58.68,90.95
201,20260126,510,240,196,6,2,112.55,63.52,93.79
201,20260127,510,245,210,2,1,33.16,86.36,27.63
201,20260128,510,210,182,2,1,16.2,91.83,13.5
201,20260129,510,258,176,5,3,81.11,68.45,67.59
201,20260130,510,225,109,4,0,61.53,63.92,51.28
201,20260202,510,346,302,5,3,84.15,78.21,70.12
201,20260203,510,430,289,6,5,95.18,75.23,79.32
201,20260204,510,485,386,4,1,74.19,83.88,61.82
201,20260205,510,368,274,5,2,96.86,73.88,80.72
201,20260206,510,335,300,1,1,11.82,96.21,9.85
201,20260209,510,389,320,9,4,170.92000000000002,65.18,100.0
201,20260210,510,305,227,6,2,104.5,68.48,87.08
201,20260211,510,445,384,5,1,74.78,83.7,62.32
201,20260212,510,172,108,5,3,75.2,58.95,62.67
201,20260213,510,380,310,5,2,75.89,80.33,63.24
201,20260216,510,350,285,3,2,41.68,87.24,34.73
201,20260217,510,379,334,5,3,85.84,79.55,71.53
201,20260218,510,369,285,7,4,113.23,71.57,94.36
201,20260219,510,315,299,3,1,43.16,87.39,35.97
201,20260220,510,375,324,7,2,110.87,74.51,92.39
201,20260223,510,280,244,4,2,59.65,80.36,49.71
201,20260224,510,280,245,2,1,27.37,89.95,22.81
201,20260225,510,265,212,2,1,27.01,88.7,22.51
201,20260226,510,350,287,4,2,69.92,80.41,58.27
201,20260227,510,375,332,6,1,79.64,80.65,66.37
201,20260302,510,250,216,2,0,37.21,85.3,31.01
201,20260303,510,265,200,4,3,68.92,74.37,57.43
201,20260304,510,330,292,1,0,8.84,97.06,7.37
201,20260305,510,170,146,5,1,78.00999999999999,65.18,65.01
201,20260306,510,365,276,3,2,48.11,85.16,40.09
201,20260309,510,270,228,4,2,66.35,77.46,55.29
201,20260310,510,400,358,2,1,40.29,89.88,33.58
201,20260311,510,401,329,4,2,67.02,83.08,55.85
201,20260312,510,363,268,6,3,115.23,69.93,96.02
201,20260313,510,366,337,5,2,81.53999999999999,80.52,67.95
201,20260316,510,352,295,6,1,116.67,71.66,97.22
201,20260317,510,365,343,2,1,32.23,91.41,26.86
201,20260318,510,390,328,6,3,108.37,75.17,90.31
201,20260319,510,325,250,7,2,117.58,68.01,97.98
201,20260320,510,232,139,4,1,65.74,67.89,54.78
201,20260323,510,266,212,5,1,118.47,64.15,98.72
201,20260324,510,330,314,5,4,66.93,82.43,55.78
201,20260325,510,328,297,4,2,60.75,83.02,50.62
201,20260326,510,280,259,2,1,31.26,89.23,26.05
201,20260327,510,390,285,3,1,45.46,86.24,37.88
201,20260330,510,390,372,5,0,91.84,80.2,76.53
201,20260331,510,256,244,3,0,46.43,84.01,38.69
202,20260101,510,425,337,6,0,84.3,79.99,70.25
202,20260102,510,420,368,4,1,76.77000000000001,82.74,63.98
202,20260105,510,262,237,5,1,85.82,73.42,71.52
202,20260106,510,245,225,3,2,51.36,81.42,42.8
202,20260107,510,330,318,3,1,39.54,88.94,32.95
202,20260108,510,350,239,3,1,50.120000000000005,82.66,41.77
202,20260109,510,335,296,6,4,101.16,74.53,84.3
202,20260112,510,214,201,3,1,53.7,78.92,44.75
202,20260113,510,390,350,4,3,65.81,84.17,54.84
202,20260114,510,230,230,3,1,71.59,76.26,59.66
202,20260115,510,333,297,2,2,41.12,87.84,34.27
202,20260116,510,395,308,7,0,87.14,77.95,72.62
202,20260119,510,295,295,3,1,39.15,88.28,32.62
202,20260120,510,320,265,4,2,64.83,80.34,54.02
202,20260121,510,320,224,6,4,95.33,70.15,79.44
202,20260122,510,280,280,2,1,43.1,86.66,35.92
202,20260123,510,245,233,4,1,68.46,77.29,57.05
202,20260126,510,380,346,5,3,75.9,82.01,63.25
202,20260127,510,310,225,5,2,78.65,74.1,65.54
202,20260128,510,240,186,5,2,86.43,68.27,72.03
202,20260129,510,335,282,9,6,127.11,68.93,100.0
202,20260130,510,452,424,3,0,59.28,87.73,49.4
202,20260202,510,290,171,2,0,42.75,80.0,35.62
202,20260203,510,363,307,5,1,91.39,77.06,76.16
202,20260204,510,255,236,3,0,35.19,87.02,29.32
202,20260205,510,309,281,2,0,40.09,87.51,33.41
202,20260206,510,307,197,4,2,66.5,74.76,55.42
202,20260209,510,390,282,4,0,56.760000000000005,83.24,47.3
202,20260210,510,315,260,2,0,36.86,87.58,30.72
202,20260211,510,280,208,1,0,11.21,94.89,9.34
202,20260212,510,295,239,6,5,94.44,71.68,78.7
202,20260213,510,340,223,5,3,85.68,72.24,71.4
202,20260216,510,465,358,6,2,80.19999999999999,81.7,66.83
202,20260217,510,432,350,6,2,103.95,77.1,86.63
202,20260218,510,235,193,3,1,44.12,81.39,36.77
202,20260219,510,371,302,4,1,66.38,81.98,55.32
202,20260220,510,405,376,5,1,100.83,78.85,84.02
202,20260223,510,225,192,2,0,37.03,83.83,30.86
202,20260224,510,310,287,1,0,18.06,94.08,15.05
202,20260225,510,230,165,6,3,92.05,64.19,76.71
202,20260226,510,275,263,6,1,90.78,74.34,75.65
202,20260227,510,350,295,5,1,97.37,75.18,81.14
202,20260302,510,250,176,5,3,83.42,67.84,69.52
202,20260303,510,315,275,3,1,63.43000000000001,81.26,52.86
202,20260304,510,340,294,7,3,124.57000000000001,70.24,100.0
202,20260305,510,290,266,4,0,66.99000000000001,79.88,55.82
202,20260306,510,306,226,3,0,71.72,75.91,59.77
202,20260309,510,335,289,4,0,61.33,82.49,51.11
202,20260310,510,350,296,4,1,73.5,80.11,61.25
202,20260311,510,350,286,5,3,64.31,81.64,53.59
202,20260312,510,252,183,3,0,51.41,78.07,42.84
202,20260313,510,305,191,5,4,76.21,71.48,63.51
202,20260316,510,403,315,5,1,93.98,77.02,78.32
202,20260317,510,295,187,6,3,109.91,62.98,91.59
202,20260318,510,350,237,8,2,115.86,67.17,96.55
202,20260319,510,297,204,5,1,83.15,71.04,69.29
202,20260320,510,344,331,4,2,61.61,84.31,51.34
202,20260323,510,300,257,6,1,94.09,73.2,78.41
202,20260324,510,415,377,4,3,66.35,85.03,55.29
202,20260325,510,360,239,5,2,75.24000000000001,76.06,62.7
202,20260326,510,310,271,4,0,60.03,81.87,50.02
202,20260327,510,338,313,6,3,91.47,77.39,76.22
202,20260330,510,256,204,4,2,69.47,74.6,57.89
202,20260331,510,355,252,6,1,104.46000000000001,70.7,87.05
203,20260101,510,346,300,4,0,64.22999999999999,82.37,53.52
203,20260102,510,435,358,3,0,49.849999999999994,87.78,41.54
203,20260105,510,390,240,11,3,155.51,60.68,100.0
203,20260106,510,445,419,6,1,118.53999999999999,77.95,98.78
203,20260107,510,340,291,1,1,19.55,93.7,16.29
203,20260108,510,410,305,2,1,34.08,89.95,28.4
203,20260109,510,440,353,6,1,110.3,76.19,91.92
203,20260112,510,340,263,4,3,68.94,79.23,57.45
203,20260113,510,485,388,9,4,135.94,74.05,100.0
203,20260114,510,336,297,4,3,62.64,82.58,52.2
203,20260115,510,350,258,8,4,125.54,67.27,100.0
203,20260116,510,415,358,6,2,102.4,77.76,85.33
203,20260119,510,365,341,4,3,66.24000000000001,83.73,55.2
203,20260120,510,262,201,3,2,48.8,80.46,40.67
203,20260121,510,395,360,3,2,33.36,91.52,27.8
203,20260122,510,405,314,8,1,131.95,70.41,100.0
203,20260123,510,465,412,3,1,55.57,88.12,46.31
203,20260126,510,305,193,7,5,110.75,63.54,92.29
203,20260127,510,260,204,4,3,66.37,75.45,55.31
203,20260128,510,290,223,3,2,41.68,84.25,34.73
203,20260129,510,370,335,2,0,25.27,92.99,21.06
203,20260130,510,425,304,7,2,121.64,71.42,100.0
203,20260202,510,335,275,3,3,48.63,84.97,40.52
203,20260203,510,315,230,2,1,26.85,89.55,22.38
203,20260204,510,275,263,4,4,67.2,79.65,56.0
203,20260205,510,438,367,6,1,119.62,75.42,99.68
203,20260206,510,345,319,4,1,75.19,80.93,62.66
203,20260209,510,275,214,5,1,69.41,75.51,57.84
203,20260210,510,285,248,3,1,43.129999999999995,85.19,35.94
203,20260211,510,410,366,5,4,73.33,83.31,61.11
203,20260212,510,363,286,3,0,51.7,84.69,43.08
203,20260213,510,280,243,4,3,65.28,78.82,54.4
203,20260216,510,405,361,5,2,83.82,81.16,69.85
203,20260217,510,255,164,4,1,64.89,71.65,54.08
203,20260218,510,292,190,2,1,21.54,89.82,17.95
203,20260219,510,315,254,5,3,98.04,72.15,81.7
203,20260220,510,315,282,4,1,63.45,81.63,52.88
203,20260223,510,383,349,5,1,97.91,78.09,81.59
203,20260224,510,262,207,1,0,7.8,96.37,6.5
203,20260225,510,465,380,7,3,87.73,81.24,73.11
203,20260226,510,383,294,4,1,76.66,79.32,63.88
203,20260227,510,440,404,4,1,61.71,86.75,51.42
203,20260302,510,240,224,2,2,27.740000000000002,88.98,23.12
203,20260303,510,480,402,9,2,136.25,74.69,100.0
203,20260304,510,362,324,3,2,51.61,86.26,43.01
203,20260305,510,430,370,9,5,146.6,71.62,100.0
203,20260306,510,320,258,5,2,96.24000000000001,72.83,80.2
203,20260309,510,380,352,4,1,45.31,88.6,37.76
203,20260310,510,275,263,4,0,55.82,82.49,46.52
203,20260311,510,143,76,2,1,45.83,62.38,38.19
203,20260312,510,315,243,5,2,100.66,70.71,83.88
203,20260313,510,250,202,3,1,70.78999999999999,74.05,58.99
203,20260316,510,378,303,7,3,124.43,70.89,100.0
203,20260317,510,349,315,5,2,64.61,82.98,53.84
203,20260318,510,358,314,4,1,53.78,85.38,44.82
203,20260319,510,249,192,3,2,54.19,77.99,45.16
203,20260320,510,245,218,3,1,57.07,79.25,47.56
203,20260323,510,380,306,5,2,73.19,80.7,60.99
203,20260324,510,375,296,6,1,88.67000000000002,76.95,73.89
203,20260325,510,510,463,4,1,68.38,87.13,56.98
203,20260326,510,307,165,6,2,79.0,67.62,65.83
203,20260327,510,231,176,3,2,51.519999999999996,77.36,42.93
203,20260330,510,405,282,9,3,155.92000000000002,64.4,100.0
203,20260331,510,355,266,3,0,49.45,84.32,41.21
204,20260101,510,374,312,4,2,70.63,81.54,58.86
204,20260102,510,395,364,4,0,72.0,83.49,60.0
204,20260105,510,380,251,6,2,112.22,69.1,93.52
204,20260106,510,334,257,5,2,62.129999999999995,80.53,51.77
204,20260107,510,220,186,2,0,32.79,85.01,27.32
204,20260108,510,270,182,1,0,9.53,95.02,7.94
204,20260109,510,261,240,3,1,39.120000000000005,85.98,32.6
204,20260112,510,354,354,0,0,0.0,100.0,0.0
204,20260113,510,410,346,4,2,81.85,80.87,68.21
204,20260114,510,415,319,5,0,79.24,80.1,66.03
204,20260115,510,240,175,4,3,61.78,73.91,51.48
204,20260116,510,425,413,3,3,43.45,90.48,36.21
204,20260119,510,300,266,2,2,28.52,90.32,23.77
204,20260120,510,320,272,3,1,47.88,85.03,39.9
204,20260121,510,230,142,3,2,46.949999999999996,75.15,39.12
204,20260122,510,280,221,4,0,57.71,79.29,48.09
204,20260123,510,380,341,4,2,64.61,84.07,53.84
204,20260126,510,440,305,6,2,91.97,76.83,76.64
204,20260127,510,350,350,3,1,40.83,89.55,34.02
204,20260128,510,410,297,7,2,88.99,76.94,74.16
204,20260129,510,302,286,4,3,78.85,78.39,65.71
204,20260130,510,220,183,4,1,85.0,68.28,70.83
204,20260202,510,410,391,4,1,93.96,80.63,78.3
204,20260203,510,375,349,5,2,59.739999999999995,85.38,49.78
204,20260204,510,255,235,5,1,63.68,78.68,53.07
204,20260205,510,425,291,9,4,150.38,65.93,100.0
204,20260206,510,392,330,7,2,110.96,74.84,92.47
204,20260209,510,345,301,4,2,58.76,83.67,48.97
204,20260210,510,350,254,8,2,106.94,70.37,89.12
204,20260211,510,335,298,3,0,65.83,81.91,54.86
204,20260212,510,305,257,5,1,98.89,72.21,82.41
204,20260213,510,423,306,8,2,133.99,69.55,100.0
204,20260216,510,340,328,3,1,61.91,84.12,51.59
204,20260217,510,311,278,3,1,50.11,84.73,41.76
204,20260218,510,350,250,5,1,97.25,71.99,81.04
204,20260219,510,355,337,2,0,37.32,90.03,31.1
204,20260220,510,290,231,5,4,95.08,70.84,79.23
204,20260223,510,320,251,5,0,102.53,71.0,85.44
204,20260224,510,395,245,7,3,100.09,71.0,83.41
204,20260225,510,250,180,3,1,67.33,72.78,56.11
204,20260226,510,370,320,6,1,103.32,75.59,86.1
204,20260227,510,425,408,6,4,108.81,78.95,90.68
204,20260302,510,440,386,4,2,68.19,84.99,56.82
204,20260303,510,370,333,4,0,74.17,81.78,61.81
204,20260304,510,442,367,9,2,138.26,72.64,100.0
204,20260305,510,260,230,4,1,49.04,82.43,40.87
204,20260306,510,335,319,5,3,67.44,82.55,56.2
204,20260309,510,240,139,5,0,86.91,61.53,72.42
204,20260310,510,450,431,5,1,96.9,81.64,80.75
204,20260311,510,368,299,4,2,52.91,84.96,44.09
204,20260312,510,341,272,5,1,90.9,74.95,75.75
204,20260313,510,415,363,5,3,86.23,80.8,71.86
204,20260316,510,320,235,4,2,57.34,80.39,47.78
204,20260317,510,275,240,3,1,31.54,88.38,26.28
204,20260318,510,369,354,7,4,102.00999999999999,77.63,85.01
204,20260319,510,365,239,8,5,126.35,65.42,100.0
204,20260320,510,250,187,3,0,57.7,76.42,48.08
204,20260323,510,375,316,7,3,117.37,72.92,97.81
204,20260324,510,295,248,4,2,71.42,77.64,59.52
204,20260325,510,265,231,1,0,18.06,92.75,15.05
204,20260326,510,310,267,2,0,42.63,86.23,35.52
204,20260327,510,342,256,3,2,43.32,85.53,36.1
204,20260330,510,344,303,4,1,48.769999999999996,86.14,40.64
204,20260331,510,297,187,5,4,79.75999999999999,70.1,66.47
205,20260101,510,355,262,5,1,84.19,75.68,70.16
205,20260102,510,375,357,4,1,91.92,79.52,76.6
205,20260105,510,283,268,5,4,77.72999999999999,77.52,64.77
205,20260106,510,420,380,3,1,40.51,90.37,33.76
205,20260107,510,385,276,5,1,73.3,79.02,61.08
205,20260108,510,340,191,6,5,97.2,66.27,81.0
205,20260109,510,265,193,4,1,65.36,74.7,54.47
205,20260112,510,361,290,6,0,92.48,75.82,77.07
205,20260113,510,395,292,4,1,59.89,82.98,49.91
205,20260114,510,370,292,8,1,142.98,67.13,100.0
205,20260115,510,325,265,6,2,109.75,70.71,91.46
205,20260116,510,370,245,8,2,149.17,62.16,100.0
205,20260119,510,356,340,5,3,76.17,81.7,63.48
205,20260120,510,293,240,5,2,77.36,75.62,64.47
205,20260121,510,395,339,6,3,96.69,77.81,80.58
205,20260122,510,424,346,4,2,57.11,85.83,47.59
205,20260123,510,300,200,7,3,133.85,59.91,100.0
205,20260126,510,366,320,5,3,93.5,77.39,77.92
205,20260127,510,390,343,5,2,84.56,80.22,70.47
205,20260128,510,315,254,6,2,82.94,75.38,69.12
205,20260129,510,300,237,4,2,70.43,77.09,58.69
205,20260130,510,260,182,4,2,75.71000000000001,70.62,63.09
205,20260202,510,445,361,9,3,152.6,70.29,100.0
205,20260203,510,465,407,6,1,93.09,81.39,77.58
205,20260204,510,269,185,3,1,41.73,81.59,34.77
205,20260205,510,295,279,3,2,57.51,82.91,47.92
205,20260206,510,244,210,5,1,92.37,69.45,76.98
205,20260209,510,385,327,3,2,58.989999999999995,84.72,49.16
205,20260210,510,265,221,5,3,78.56,73.77,65.47
205,20260211,510,360,290,8,3,96.55,75.02,80.46
205,20260212,510,315,201,5,3,93.1,68.34,77.58
205,20260213,510,380,296,2,1,20.35,93.57,16.96
205,20260216,510,366,327,2,1,26.68,92.46,22.23
205,20260217,510,450,348,7,3,120.89,74.22,100.0
205,20260218,510,330,261,5,1,78.58,76.86,65.48
205,20260219,510,347,305,4,3,71.19,81.08,59.32
205,20260220,510,363,305,4,1,55.79,84.54,46.49
205,20260223,510,290,246,2,2,32.43,88.35,27.02
205,20260224,510,350,300,1,1,15.82,94.99,13.18
205,20260225,510,330,279,2,1,22.919999999999998,92.41,19.1
205,20260226,510,425,402,4,2,50.43,88.85,42.02
205,20260227,510,347,256,5,1,88.32000000000001,74.35,73.6
205,20260302,510,290,207,6,3,88.39,70.08,73.66
205,20260303,510,355,320,5,0,105.74000000000001,75.16,88.12
205,20260304,510,290,202,9,3,136.94,59.6,100.0
205,20260305,510,375,318,4,2,55.08,85.24,45.9
205,20260306,510,305,276,5,2,91.77,75.05,76.47
205,20260309,510,395,299,9,1,150.85999999999999,66.47,100.0
205,20260310,510,310,157,7,3,125.79,55.52,100.0
205,20260311,510,334,257,5,2,70.23,78.54,58.53
205,20260312,510,310,265,7,1,117.34,69.31,97.78
205,20260313,510,378,300,6,2,108.71000000000001,73.4,90.59
205,20260316,510,355,343,4,3,69.73,83.11,58.11
205,20260317,510,395,375,6,4,78.13,82.76,65.11
205,20260318,510,470,446,3,2,57.36,88.6,47.8
205,20260319,510,265,227,3,1,53.29,80.99,44.41
205,20260320,510,450,386,6,5,95.46,80.17,79.55
205,20260323,510,392,301,9,3,156.86,65.74,100.0
205,20260324,510,344,243,6,3,114.57000000000001,67.96,95.48
205,20260325,510,403,341,2,0,32.26,91.36,26.88
205,20260326,510,303,247,0,0,0.0,100.0,0.0
205,20260327,510,267,168,4,2,63.019999999999996,72.72,52.52
205,20260330,510,350,322,4,0,77.47,80.61,64.56
205,20260331,510,274,209,3,3,50.84,80.43,42.37
206,20260101,510,255,182,1,1,17.93,91.03,14.94
206,20260102,510,385,306,6,2,77.55,79.78,64.62
206,20260105,510,310,221,3,0,40.94,84.37,34.12
206,20260106,510,375,265,8,5,114.82,69.77,95.68
206,20260107,510,340,274,7,3,119.89,69.56,99.91
206,20260108,510,365,333,4,2,64.85,83.7,54.04
206,20260109,510,350,282,4,1,62.15,81.94,51.79
206,20260112,510,395,303,8,3,124.63000000000001,70.86,100.0
206,20260113,510,315,287,5,3,85.67,77.01,71.39
206,20260114,510,265,199,3,1,41.05,82.9,34.21
206,20260115,510,220,121,4,2,71.47,62.87,59.56
206,20260116,510,365,246,4,1,76.6,76.26,63.83
206,20260119,510,425,380,8,4,142.11,72.78,100.0
206,20260120,510,345,272,5,2,77.09,77.92,64.24
206,20260121,510,335,274,4,2,67.49,80.24,56.24
206,20260122,510,269,160,3,0,46.56,77.46,38.8
206,20260123,510,370,308,5,3,80.78,79.22,67.32
206,20260126,510,360,307,6,5,105.09,74.5,87.58
206,20260127,510,377,336,5,3,73.27,82.1,61.06
206,20260128,510,210,130,2,2,32.71,79.9,27.26
206,20260129,510,275,216,1,0,15.46,93.32,12.88
206,20260130,510,140,64,2,0,32.81,66.11,27.34
206,20260202,510,260,227,3,1,54.86,80.54,45.72
206,20260203,510,410,287,6,3,99.29,74.3,82.74
206,20260204,510,340,266,3,1,39.16,87.17,32.63
206,20260205,510,380,338,4,2,62.11,84.48,51.76
206,20260206,510,425,356,5,1,102.58,77.63,85.48
206,20260209,510,335,260,4,2,82.67,75.87,68.89
206,20260210,510,420,391,2,1,36.11,91.55,30.09
206,20260211,510,382,310,6,2,68.03,82.0,56.69
206,20260212,510,335,264,6,3,119.14,68.9,99.28
206,20260213,510,186,118,1,1,13.87,89.48,11.56
206,20260216,510,465,399,8,2,137.37,74.39,100.0
206,20260217,510,260,142,2,0,44.980000000000004,75.94,37.48
206,20260218,510,380,288,5,1,87.77,76.64,73.14
206,20260219,510,250,231,2,0,31.5,88.0,26.25
206,20260220,510,305,288,4,2,76.06,79.11,63.38
206,20260223,510,367,352,5,3,78.62,81.74,65.52
206,20260224,510,245,163,6,2,81.50999999999999,66.66,67.92
206,20260225,510,375,297,5,2,65.23,81.99,54.36
206,20260226,510,445,379,6,1,72.22999999999999,83.99,60.19
206,20260227,510,395,309,3,1,51.18,85.79,42.65
206,20260302,510,396,338,5,2,86.6,79.6,72.17
206,20260303,510,290,248,3,1,35.33,87.53,29.44
206,20260304,510,365,311,5,2,76.49000000000001,80.26,63.74
206,20260305,510,320,298,4,1,53.7,84.73,44.75
206,20260306,510,250,230,3,1,51.46,81.72,42.88
206,20260309,510,335,265,5,3,81.95,76.38,68.29
206,20260310,510,340,218,3,1,46.18,82.52,38.48
206,20260311,510,400,361,7,3,133.01,73.08,100.0
206,20260312,510,360,298,6,5,82.35,78.35,68.62
206,20260313,510,345,268,7,5,114.33,70.1,95.28
206,20260316,510,295,255,6,2,89.83,73.95,74.86
206,20260317,510,427,415,3,1,41.75,90.86,34.79
206,20260318,510,365,262,6,3,90.61,74.3,75.51
206,20260319,510,420,361,2,0,31.17,92.05,25.98
206,20260320,510,415,325,4,1,67.54,82.79,56.28
206,20260323,510,400,359,5,1,69.74,83.73,58.12
206,20260324,510,410,355,3,2,54.879999999999995,86.61,45.73
206,20260325,510,222,171,4,2,62.6,73.2,52.17
206,20260326,510,325,279,5,1,94.94,74.61,79.12
206,20260327,510,258,205,7,3,115.74000000000001,63.91,96.45
206,20260330,510,355,285,6,2,73.25999999999999,79.55,61.05
206,20260331,510,290,253,5,2,83.28,75.23,69.4
207,20260101,510,360,295,3,1,44.42,86.91,37.02
207,20260102,510,440,305,5,2,88.41,77.53,73.68
207,20260105,510,470,433,3,2,50.52,89.55,42.1
207,20260106,510,375,307,4,2,59.440000000000005,83.78,49.53
207,20260107,510,200,143,3,2,49.24,74.39,41.03
207,20260108,510,290,239,4,2,69.18,77.55,57.65
207,20260109,510,333,254,9,1,138.54,64.71,100.0
207,20260112,510,390,367,2,0,39.85,90.21,33.21
207,20260113,510,280,194,3,0,58.17,76.93,48.48
207,20260114,510,410,376,4,1,52.46,87.76,43.72
207,20260115,510,435,389,8,4,150.13,72.15,100.0
207,20260116,510,375,359,6,3,81.66,81.47,68.05
207,20260119,510,375,333,7,3,129.05,72.07,100.0
207,20260120,510,420,381,6,4,91.17,80.69,75.98
207,20260121,510,350,300,7,2,119.58,71.5,99.65
207,20260122,510,195,178,4,1,72.55000000000001,71.04,60.46
207,20260123,510,275,209,4,1,67.47,75.6,56.22
207,20260126,510,410,372,6,5,81.02,82.12,67.52
207,20260127,510,400,344,5,0,52.519999999999996,86.75,43.77
207,20260128,510,375,320,6,1,117.33,73.17,97.78
207,20260129,510,196,153,3,2,41.1,78.83,34.25
207,20260130,510,218,186,1,1,9.45,95.16,7.88
207,20260202,510,266,217,5,1,65.06,76.93,54.22
207,20260203,510,215,193,3,1,36.46,84.11,30.38
207,20260204,510,275,229,5,1,71.65,76.17,59.71
207,20260205,510,345,345,4,0,63.629999999999995,84.43,53.02
207,20260206,510,244,214,3,1,59.33,78.29,49.44
207,20260209,510,410,330,4,3,53.69,86.01,44.74
207,20260210,510,405,393,4,3,59.8,86.79,49.83
207,20260211,510,476,367,5,1,81.45,81.84,67.88
207,20260212,510,410,316,5,2,85.17,78.77,70.97
207,20260213,510,380,275,6,3,91.76,74.98,76.47
207,20260216,510,265,238,3,1,42.83,84.75,35.69
207,20260217,510,420,383,5,3,89.86,81.0,74.88
207,20260218,510,360,265,5,1,80.64,76.67,67.2
207,20260219,510,255,196,2,1,34.5,85.03,28.75
207,20260220,510,345,312,6,0,106.02,74.64,88.35
207,20260223,510,346,278,3,1,59.49,82.37,49.58
207,20260224,510,335,309,4,2,77.34,79.98,64.45
207,20260225,510,390,314,6,3,102.11,75.46,85.09
207,20260226,510,358,296,3,1,61.21,82.86,51.01
207,20260227,510,345,240,3,2,52.599999999999994,82.02,43.83
207,20260302,510,410,346,3,2,33.32,91.22,27.77
207,20260303,510,350,306,5,3,97.83,75.77,81.53
207,20260304,510,290,270,4,1,64.84,80.64,54.03
207,20260305,510,315,233,4,2,61.9,79.01,51.58
207,20260306,510,315,246,5,1,59.42,80.54,49.52
207,20260309,510,350,272,6,3,102.44,72.64,85.37
207,20260310,510,445,433,8,1,132.12,76.62,100.0
207,20260311,510,180,72,5,3,86.26,45.49,71.88
207,20260312,510,376,296,4,0,87.32,77.22,72.77
207,20260313,510,430,340,5,4,79.93,80.97,66.61
207,20260316,510,410,398,6,2,105.46000000000001,79.05,87.88
207,20260317,510,375,314,7,4,134.11,70.07,100.0
207,20260318,510,400,323,7,2,131.09,71.13,100.0
207,20260319,510,330,229,5,3,68.21000000000001,77.05,56.84
207,20260320,510,402,297,5,2,81.39,78.49,67.82
207,20260323,510,350,295,7,3,116.2,71.74,96.83
207,20260324,510,380,368,3,2,39.84,90.23,33.2
207,20260325,510,366,283,3,0,38.53,88.02,32.11
207,20260326,510,340,190,6,2,73.86,72.01,61.55
207,20260327,510,405,381,5,2,96.38,79.81,80.32
207,20260330,510,375,299,4,2,41.81,87.73,34.84
207,20260331,510,430,397,6,4,91.33000000000001,81.3,76.11
208,20260101,510,395,395,4,2,50.83,88.6,42.36
208,20260102,510,305,235,3,2,51.68,81.97,43.07
208,20260105,510,375,328,7,3,139.99,70.09,100.0
208,20260106,510,271,259,3,1,34.86,88.14,29.05
208,20260107,510,335,291,7,3,134.05,68.46,100.0
208,20260108,510,386,317,4,3,75.5,80.76,62.92
208,20260109,510,355,336,3,1,54.260000000000005,86.1,45.22
208,20260112,510,300,288,4,0,61.72,82.35,51.43
208,20260113,510,250,203,7,4,137.07,59.69,100.0
208,20260114,510,352,313,2,0,34.72,90.01,28.93
208,20260115,510,390,325,4,0,93.03,77.75,77.53
208,20260116,510,395,326,3,2,32.47,90.94,27.06
208,20260119,510,358,303,7,2,115.44,72.41,96.2
208,20260120,510,209,156,2,1,23.950000000000003,86.69,19.96
208,20260121,510,300,271,6,3,103.78,72.31,86.48
208,20260122,510,340,288,4,0,69.51,80.56,57.92
208,20260123,510,390,390,2,0,30.580000000000002,92.73,25.48
208,20260126,510,380,305,4,1,77.87,79.66,64.89
208,20260127,510,278,261,1,0,30.43,89.56,25.36
208,20260128,510,335,335,2,1,26.05,92.78,21.71
208,20260129,510,325,226,3,2,51.480000000000004,81.45,42.9
208,20260130,510,350,306,2,1,42.980000000000004,87.68,35.82
208,20260202,510,224,206,4,0,85.42,70.69,71.18
208,20260203,510,290,219,3,3,40.45,84.41,33.71
208,20260204,510,307,237,3,0,51.66,82.1,43.05
208,20260205,510,323,282,6,2,95.37,74.73,79.48
208,20260206,510,280,195,4,2,78.5,71.3,65.42
208,20260209,510,315,216,6,2,117.35,64.8,97.79
208,20260210,510,420,399,4,0,57.29,87.44,47.74
208,20260211,510,295,197,5,2,62.93,75.79,52.44
208,20260212,510,440,372,4,2,67.91,84.56,56.59
208,20260213,510,380,334,7,3,100.73,76.83,83.94
208,20260216,510,370,311,4,2,73.06,80.98,60.88
208,20260217,510,195,169,3,0,53.51,75.95,44.59
208,20260218,510,396,357,3,1,58.16,85.99,48.47
208,20260219,510,470,408,8,1,126.43,76.34,100.0
208,20260220,510,360,286,5,2,94.96000000000001,75.07,79.13
208,20260223,510,295,242,1,1,5.91,97.62,4.92
208,20260224,510,380,292,5,1,85.74000000000001,77.3,71.45
208,20260225,510,215,177,2,0,43.480000000000004,80.28,36.23
208,20260226,510,210,159,3,2,45.870000000000005,77.61,38.22
208,20260227,510,275,251,1,0,23.27,91.52,19.39
208,20260302,510,305,264,4,1,40.760000000000005,86.63,33.97
208,20260303,510,360,304,4,0,49.36,86.03,41.13
208,20260304,510,270,192,7,2,129.15,59.79,100.0
208,20260305,510,335,290,5,1,104.99000000000001,73.42,87.49
208,20260306,510,360,276,5,2,90.56,75.29,75.47
208,20260309,510,276,264,2,1,29.160000000000004,90.05,24.3
208,20260310,510,440,325,6,1,112.9,74.22,94.08
208,20260311,510,390,286,6,1,84.2,77.26,70.17
208,20260312,510,223,163,5,3,68.9,70.29,57.42
208,20260313,510,426,355,7,3,117.82000000000001,75.08,98.18
208,20260316,510,350,283,5,0,81.38,77.67,67.82
208,20260317,510,110,56,3,0,34.17,62.1,28.48
208,20260318,510,405,237,3,0,63.64,78.83,53.03
208,20260319,510,320,302,4,2,74.07,80.3,61.72
208,20260320,510,390,366,3,2,39.69,90.22,33.07
208,20260323,510,280,260,3,2,42.66,85.9,35.55
208,20260324,510,334,294,3,1,40.21,87.97,33.51
208,20260325,510,365,279,6,3,80.72,77.56,67.27
208,20260326,510,425,377,4,3,46.07,89.11,38.39
208,20260327,510,375,309,4,1,68.6,81.83,57.17
208,20260330,510,350,304,2,1,29.32,91.2,24.43
208,20260331,510,240,144,2,1,37.510000000000005,79.33,31.26
209,20260101,510,405,313,5,3,79.43,79.76,66.19
209,20260102,510,290,224,2,2,25.75,89.69,21.46
209,20260105,510,396,297,4,3,74.97,79.85,62.48
209,20260106,510,431,345,8,4,135.17,71.85,100.0
209,20260107,510,402,303,5,2,79.37,79.24,66.14
209,20260108,510,405,288,5,1,79.52000000000001,78.36,66.27
209,20260109,510,417,387,7,3,97.8,79.83,81.5
209,20260112,510,305,229,6,1,110.8,67.39,92.33
209,20260113,510,305,247,4,1,69.64,78.01,58.03
209,20260114,510,395,295,8,4,123.53,70.48,100.0
209,20260115,510,369,262,4,2,52.4,83.33,43.67
209,20260116,510,358,258,4,0,58.32,81.56,48.6
209,20260119,510,335,335,5,1,75.73,81.56,63.11
209,20260120,510,375,271,7,1,92.25,74.6,76.88
209,20260121,510,320,251,7,1,111.64999999999999,69.21,93.04
209,20260122,510,365,346,4,1,69.61,83.25,58.01
209,20260123,510,430,375,4,2,58.71,86.46,48.92
209,20260126,510,395,291,7,4,105.69,73.36,88.08
209,20260127,510,335,295,5,1,102.17,74.28,85.14
209,20260128,510,330,224,5,2,61.11,78.57,50.92
209,20260129,510,363,309,3,0,35.269999999999996,89.76,29.39
209,20260130,510,346,195,8,4,129.65,60.06,100.0
209,20260202,510,318,261,3,2,47.12,84.71,39.27
209,20260203,510,130,83,1,0,31.48,72.5,26.23
209,20260204,510,349,296,7,2,115.75,71.89,96.46
209,20260205,510,345,239,6,4,102.21,70.04,85.17
209,20260206,510,253,201,2,2,35.74,84.9,29.78
209,20260209,510,395,372,2,1,22.5,94.3,18.75
209,20260210,510,375,320,6,2,95.22999999999999,77.07,79.36
209,20260211,510,285,237,4,3,58.980000000000004,80.07,49.15
209,20260212,510,315,240,7,3,126.88,65.42,100.0
209,20260213,510,285,285,4,1,36.22,88.72,30.18
209,20260216,510,360,248,5,2,102.28999999999999,70.8,85.24
209,20260217,510,255,231,2,1,34.28,87.08,28.57
209,20260218,510,370,339,3,1,41.33,89.13,34.44
209,20260219,510,465,374,6,3,95.54,79.65,79.62
209,20260220,510,360,281,7,2,116.66,70.66,97.22
209,20260223,510,305,284,1,0,26.7,91.41,22.25
209,20260224,510,396,303,5,1,67.89,81.7,56.58
209,20260225,510,365,295,7,3,112.94,72.31,94.12
209,20260226,510,385,264,3,1,53.87,83.05,44.89
209,20260227,510,340,322,4,1,64.08,83.4,53.4
209,20260302,510,380,304,3,1,33.61,90.04,28.01
209,20260303,510,440,374,8,1,102.97,78.41,85.81
209,20260304,510,400,297,7,3,103.91,74.08,86.59
209,20260305,510,350,326,4,0,55.81,85.38,46.51
209,20260306,510,404,365,3,0,36.6,90.89,30.5
209,20260309,510,355,321,4,0,64.52,83.26,53.77
209,20260310,510,465,413,3,1,53.949999999999996,88.45,44.96
209,20260311,510,380,281,7,3,104.99,72.8,87.49
209,20260312,510,327,294,1,1,12.71,95.86,10.59
209,20260313,510,410,320,5,3,76.65,80.68,63.88
209,20260316,510,285,235,6,1,88.69999999999999,72.6,73.92
209,20260317,510,233,135,6,4,97.14,58.15,80.95
209,20260318,510,370,335,1,0,8.3,97.58,6.92
209,20260319,510,418,346,1,0,20.15,94.5,16.79
209,20260320,510,365,330,7,1,140.03,70.21,100.0
209,20260323,510,363,290,2,1,38.46,88.29,32.05
209,20260324,510,211,211,3,2,44.84,82.47,37.37
209,20260325,510,347,288,3,2,55.72,83.79,46.43
209,20260326,510,380,318,1,0,8.98,97.25,7.48
209,20260327,510,235,235,3,1,58.0,80.2,48.33
209,20260330,510,410,353,5,3,78.14,81.88,65.12
209,20260331,510,370,317,3,2,43.5,87.93,36.25
210,20260101,510,190,190,4,3,65.98,74.22,54.98
210,20260102,510,372,301,5,2,81.29,78.74,67.74
210,20260105,510,295,197,3,2,54.58,78.31,45.48
210,20260106,510,305,270,5,3,76.44,77.94,63.7
210,20260107,510,398,245,6,3,77.28999999999999,76.02,64.41
210,20260108,510,345,200,5,3,61.47,76.49,51.22
210,20260109,510,275,251,2,0,24.91,90.97,20.76
210,20260112,510,277,195,6,2,116.58,62.58,97.15
210,20260113,510,382,355,3,0,60.56,85.43,50.47
210,20260114,510,355,285,8,4,149.81,65.55,100.0
210,20260115,510,416,375,4,2,69.38,84.39,57.82
210,20260116,510,310,310,2,0,29.22,91.39,24.35
210,20260119,510,325,301,4,3,62.98,82.7,52.48
210,20260120,510,338,274,6,2,75.27,78.45,62.72
210,20260121,510,370,268,5,3,80.94,76.8,67.45
210,20260122,510,240,201,5,3,87.84,69.59,73.2
210,20260123,510,379,310,7,4,118.85,72.29,99.04
210,20260126,510,245,188,3,0,54.519999999999996,77.52,45.43
210,20260127,510,265,200,8,2,125.86,61.38,100.0
210,20260128,510,425,369,2,2,28.71,92.78,23.92
210,20260129,510,320,298,6,1,95.14,75.8,79.28
210,20260130,510,470,386,8,3,135.43,74.03,100.0
210,20260202,510,430,412,4,1,59.09,87.46,49.24
210,20260203,510,235,170,5,1,78.21,68.49,65.18
210,20260204,510,225,163,6,2,110.67999999999999,59.56,92.23
210,20260205,510,442,386,5,0,97.53999999999999,79.83,81.28
210,20260206,510,290,225,9,4,139.21,61.78,100.0
210,20260209,510,387,343,6,2,75.84,81.89,63.2
210,20260210,510,435,298,5,4,87.76,77.25,73.13
210,20260211,510,395,303,7,5,113.00999999999999,72.83,94.18
210,20260212,510,265,242,4,2,70.94,77.33,59.12
210,20260213,510,350,203,8,4,118.18,63.2,98.48
210,20260216,510,271,207,6,1,92.83000000000001,69.04,77.36
210,20260217,510,360,333,5,2,88.35,79.03,73.62
210,20260218,510,365,223,7,5,126.35000000000001,63.83,100.0
210,20260219,510,330,276,2,0,14.06,95.15,11.72
210,20260220,510,240,186,3,1,54.05,77.48,45.04
210,20260223,510,209,169,4,3,63.73,72.62,53.11
210,20260224,510,205,174,3,2,43.14,80.13,35.95
210,20260225,510,312,251,4,3,58.04,81.22,48.37
210,20260226,510,420,387,4,1,45.72,89.43,38.1
210,20260227,510,365,273,5,2,79.96000000000001,77.35,66.63
210,20260302,510,320,228,6,4,74.62,75.34,62.18
210,20260303,510,410,370,4,1,88.07,80.77,73.39
210,20260304,510,370,322,4,1,62.879999999999995,83.66,52.4
210,20260305,510,280,264,5,3,83.13,76.05,69.27
210,20260306,510,440,394,7,0,141.3,73.6,100.0
210,20260309,510,245,197,5,0,79.82,71.17,66.52
210,20260310,510,280,244,6,3,101.53999999999999,70.61,84.62
210,20260311,510,337,235,5,2,82.49000000000001,74.02,68.74
210,20260312,510,460,377,4,1,75.88000000000001,83.25,63.23
210,20260313,510,399,299,5,2,77.06,79.51,64.22
210,20260316,510,250,202,4,2,47.5,80.96,39.58
210,20260317,510,480,366,2,0,28.880000000000003,92.69,24.07
210,20260318,510,361,256,6,1,85.67,74.93,71.39
210,20260319,510,460,424,6,2,114.12,78.79,95.1
210,20260320,510,333,268,5,2,69.34,79.45,57.78
210,20260323,510,325,286,4,1,68.63,80.65,57.19
210,20260324,510,485,447,7,4,104.17999999999999,81.1,86.82
210,20260325,510,418,372,6,2,114.85,76.41,95.71
210,20260326,510,470,433,8,3,151.32999999999998,74.1,100.0
210,20260327,510,215,136,2,1,32.2,80.86,26.83
210,20260330,510,420,357,4,0,70.93,83.42,59.11
210,20260331,510,305,224,5,2,68.83,76.49,57.36
211,20260101,510,375,330,4,3,61.84,84.22,51.53
211,20260102,510,220,165,4,2,57.05,74.31,47.54
211,20260105,510,141,107,2,0,38.28,73.65,31.9
211,20260106,510,373,314,5,4,76.98,80.31,64.15
211,20260107,510,349,257,1,0,7.92,97.01,6.6
211,20260108,510,254,205,2,1,28.08,87.95,23.4
211,20260109,510,265,229,2,0,24.14,90.46,20.12
211,20260112,510,440,378,6,3,93.39,80.19,77.82
211,20260113,510,435,389,5,2,86.33000000000001,81.84,71.94
211,20260114,510,395,333,6,3,88.34,79.03,73.62
211,20260115,510,366,366,2,0,19.119999999999997,95.04,15.93
211,20260116,510,418,381,2,1,38.989999999999995,90.72,32.49
211,20260119,510,215,144,1,0,17.68,89.06,14.73
211,20260120,510,372,339,4,2,57.589999999999996,85.48,47.99
211,20260121,510,314,288,7,4,111.18,72.15,92.65
211,20260122,510,420,315,11,3,195.89000000000001,61.66,100.0
211,20260123,510,276,233,5,2,89.06,72.35,74.22
211,20260126,510,380,296,5,4,94.95,75.71,79.12
211,20260127,510,353,290,7,2,107.9,72.88,89.92
211,20260128,510,340,296,4,3,67.43,81.45,56.19
211,20260129,510,400,331,7,6,121.99,73.07,100.0
211,20260130,510,435,423,4,1,76.95,84.61,64.12
211,20260202,510,450,377,9,4,137.03,73.34,100.0
211,20260203,510,298,215,3,2,52.07,80.5,43.39
211,20260204,510,193,126,1,1,16.54,88.4,13.78
211,20260205,510,360,325,5,2,95.03999999999999,77.37,79.2
211,20260206,510,320,235,9,5,145.18,61.81,100.0
211,20260209,510,190,136,5,1,88.66,60.54,73.88
211,20260210,510,325,226,8,7,130.81,63.34,100.0
211,20260211,510,367,293,6,1,115.43,71.74,96.19
211,20260212,510,338,268,7,5,117.14,69.59,97.62
211,20260213,510,335,277,3,1,45.72,85.83,38.1
211,20260216,510,305,305,3,0,43.81999999999999,87.44,36.52
211,20260217,510,370,322,4,1,54.57,85.51,45.48
211,20260218,510,287,229,3,1,35.03,86.73,29.19
211,20260219,510,415,289,6,2,101.34,74.04,84.45
211,20260220,510,365,323,4,3,74.13,81.33,61.77
211,20260223,510,380,266,5,3,70.76,78.99,58.97
211,20260224,510,365,307,5,1,82.53,78.81,68.77
211,20260225,510,280,241,6,3,105.84,69.48,88.2
211,20260226,510,270,177,5,0,84.62,67.66,70.52
211,20260227,510,365,268,5,2,78.58,77.33,65.48
211,20260302,510,174,71,6,3,115.68,38.03,96.4
211,20260303,510,265,170,3,0,51.04,76.91,42.53
211,20260304,510,395,343,3,2,43.82,88.67,36.52
211,20260305,510,310,268,5,1,88.16,75.25,73.47
211,20260306,510,330,220,4,1,70.33,75.78,58.61
211,20260309,510,400,345,5,0,90.59,79.2,75.49
211,20260310,510,335,216,7,3,112.73,65.71,93.94
211,20260311,510,310,267,5,2,87.97,75.22,73.31
211,20260312,510,335,303,5,2,88.47,77.4,73.72
211,20260313,510,329,297,6,3,89.75,76.79,74.79
211,20260316,510,265,211,4,3,69.07,75.34,57.56
211,20260317,510,305,265,3,1,39.260000000000005,87.1,32.72
211,20260318,510,250,233,4,1,71.24000000000001,76.58,59.37
211,20260319,510,313,123,6,3,76.36,61.7,63.63
211,20260320,510,275,190,5,2,99.84,65.55,83.2
211,20260323,510,413,324,2,0,19.86,94.22,16.55
211,20260324,510,311,250,4,0,66.96000000000001,78.87,55.8
211,20260325,510,264,216,3,2,53.8,80.06,44.83
211,20260326,510,410,314,8,4,115.53999999999999,73.1,96.28
211,20260327,510,371,350,4,2,66.64,84.01,55.53
211,20260330,510,390,316,8,3,141.94,69.0,100.0
211,20260331,510,355,290,5,1,84.58000000000001,77.42,70.48
212,20260101,510,375,296,5,1,82.23,78.26,68.53
212,20260102,510,355,342,5,2,72.14,82.58,60.12
212,20260105,510,390,297,9,4,121.8,70.92,100.0
212,20260106,510,485,448,0,0,0.0,100.0,0.0
212,20260107,510,295,227,7,4,118.85,65.64,99.04
212,20260108,510,380,347,3,1,46.19,88.25,38.49
212,20260109,510,330,223,5,2,67.14,76.86,55.95
212,20260112,510,375,353,3,1,41.84,89.4,34.87
212,20260113,510,435,398,4,0,68.42,85.33,57.02
212,20260114,510,410,286,6,1,88.34,76.4,73.62
212,20260115,510,380,362,3,1,50.5,87.76,42.08
212,20260116,510,290,188,3,1,53.879999999999995,77.72,44.9
212,20260119,510,285,238,3,1,57.97,80.41,48.31
212,20260120,510,320,284,5,2,76.39,78.8,63.66
212,20260121,510,320,213,4,2,91.09,70.05,75.91
212,20260122,510,300,247,4,3,65.89,78.94,54.91
212,20260123,510,350,305,3,2,40.32,88.32,33.6
212,20260126,510,331,281,3,2,44.01,86.46,36.67
212,20260127,510,350,316,5,1,77.02,80.4,64.18
212,20260128,510,375,337,5,2,85.02,79.85,70.85
212,20260129,510,340,281,4,1,61.32,82.09,51.1
212,20260130,510,251,176,4,2,60.59,74.39,50.49
212,20260202,510,365,280,4,0,53.519999999999996,83.95,44.6
212,20260203,510,330,215,3,3,48.349999999999994,81.64,40.29
212,20260204,510,395,317,6,2,95.84,76.79,79.87
212,20260205,510,365,269,6,3,91.41999999999999,74.64,76.18
212,20260206,510,426,342,8,4,139.72,71.0,100.0
212,20260209,510,398,382,4,2,72.3,84.09,60.25
212,20260210,510,425,389,9,6,133.56,74.44,100.0
212,20260211,510,285,281,4,1,47.11,85.64,39.26
212,20260212,510,425,345,7,2,108.75999999999999,76.03,90.63
212,20260213,510,330,301,6,2,79.34,79.14,66.12
212,20260216,510,325,271,4,1,61.510000000000005,81.5,51.26
212,20260217,510,320,289,6,1,88.1,76.64,73.42
212,20260218,510,435,398,7,0,116.97999999999999,77.28,97.48
212,20260219,510,265,235,2,0,40.019999999999996,85.45,33.35
212,20260220,510,410,355,3,1,43.33,89.12,36.11
212,20260223,510,261,232,6,4,97.19999999999999,70.47,81.0
212,20260224,510,315,227,6,2,93.38,70.85,77.82
212,20260225,510,395,357,5,0,89.79,79.9,74.82
212,20260226,510,410,352,4,2,66.7,84.07,55.58
212,20260227,510,368,328,6,2,87.12,79.01,72.6
212,20260302,510,335,317,1,0,17.93,94.65,14.94
212,20260303,510,365,332,2,1,43.230000000000004,88.48,36.02
212,20260304,510,370,322,7,2,117.33,73.29,97.78
212,20260305,510,465,391,8,3,142.57999999999998,73.28,100.0
212,20260306,510,357,336,5,1,73.75999999999999,82.0,61.47
212,20260309,510,450,418,7,0,115.93,78.29,96.61
212,20260310,510,275,241,4,2,68.61,77.84,57.18
212,20260311,510,395,314,8,2,142.03,68.86,100.0
212,20260312,510,331,274,5,3,82.63,76.83,68.86
212,20260313,510,335,244,6,4,83.75,74.45,69.79
212,20260316,510,190,121,2,1,35.65,77.24,29.71
212,20260317,510,267,255,3,2,53.53,82.65,44.61
212,20260318,510,330,227,5,4,83.79,73.04,69.82
212,20260319,510,266,211,4,1,73.86,74.07,61.55
212,20260320,510,380,324,3,1,43.769999999999996,88.1,36.47
212,20260323,510,225,177,2,2,29.7,85.63,24.75
212,20260324,510,440,354,6,4,84.76,80.68,70.63
212,20260325,510,225,167,6,2,94.31,63.91,78.59
212,20260326,510,235,172,3,1,58.34,74.67,48.62
212,20260327,510,294,200,3,1,50.519999999999996,79.83,42.1
212,20260330,510,290,242,3,1,48.650000000000006,83.26,40.54
212,20260331,510,305,293,1,1,16.68,94.61,13.9
213,20260101,510,380,219,3,0,53.629999999999995,80.33,44.69
213,20260102,510,235,194,2,1,31.090000000000003,86.19,25.91
213,20260105,510,264,225,3,1,29.8,88.3,24.83
213,20260106,510,350,272,5,4,82.33,76.76,68.61
213,20260107,510,380,336,3,1,45.21,88.14,37.68
213,20260108,510,330,282,5,2,76.13,78.74,63.44
213,20260109,510,454,373,7,2,115.06,76.43,95.88
213,20260112,510,359,269,3,2,56.66,82.6,47.22
213,20260113,510,395,307,2,0,39.45,88.61,32.88
213,20260114,510,330,317,5,2,99.9,76.04,83.25
213,20260115,510,425,387,5,3,80.75,82.74,67.29
213,20260116,510,295,295,5,2,71.11,80.58,59.26
213,20260119,510,495,423,2,0,32.96,92.77,27.47
213,20260120,510,345,278,5,0,102.17,73.13,85.14
213,20260121,510,285,228,5,1,72.63,75.84,60.52
213,20260122,510,386,328,5,1,70.88,82.23,59.07
213,20260123,510,250,229,1,0,15.31,93.73,12.76
213,20260126,510,338,299,4,1,70.9,80.83,59.08
213,20260127,510,417,417,5,3,94.22999999999999,81.57,78.52
213,20260128,510,353,353,5,1,96.91,78.46,80.76
213,20260129,510,376,262,2,0,49.730000000000004,84.05,41.44
213,20260130,510,247,247,0,0,0.0,100.0,0.0
213,20260202,510,380,325,6,1,101.56,76.19,84.63
213,20260203,510,255,199,3,1,66.3,75.01,55.25
213,20260204,510,294,216,4,2,70.06,75.51,58.38
213,20260205,510,250,235,4,2,62.24,79.06,51.87
213,20260206,510,425,369,7,7,108.9,77.21,90.75
213,20260209,510,390,365,5,2,64.78,84.93,53.98
213,20260210,510,330,260,5,0,82.47,75.92,68.73
213,20260211,510,325,294,5,2,100.65,74.5,83.88
213,20260212,510,218,180,2,1,33.93,84.14,28.28
213,20260213,510,450,429,7,5,115.5,78.79,96.25
213,20260216,510,317,187,5,3,57.19,76.58,47.66
213,20260217,510,390,330,5,2,71.05,82.28,59.21
213,20260218,510,265,228,2,0,25.64,89.89,21.37
213,20260219,510,470,344,6,1,101.47,77.22,84.56
213,20260220,510,380,316,4,1,40.199999999999996,88.71,33.5
213,20260223,510,427,389,6,3,97.83,79.9,81.53
213,20260224,510,350,307,5,1,106.00999999999999,74.33,88.34
213,20260225,510,200,188,1,1,18.5,91.04,15.42
213,20260226,510,235,176,3,3,47.03,78.91,39.19
213,20260227,510,400,376,7,2,105.48,78.09,87.9
213,20260302,510,201,167,2,1,33.86,83.14,28.22
213,20260303,510,480,439,7,1,139.68,75.86,100.0
213,20260304,510,250,201,3,1,58.849999999999994,77.35,49.04
213,20260305,510,455,318,6,1,124.46,71.87,100.0
213,20260306,510,236,201,4,0,77.5,72.17,64.58
213,20260309,510,360,348,2,1,39.260000000000005,89.86,32.72
213,20260310,510,305,249,2,1,46.54,84.25,38.78
213,20260311,510,365,317,4,3,78.9,80.07,65.75
213,20260312,510,325,207,3,2,51.83,79.98,43.19
213,20260313,510,344,296,2,0,24.310000000000002,92.41,20.26
213,20260316,510,410,380,4,2,76.3,83.28,63.58
213,20260317,510,190,105,6,5,104.86,50.03,87.38
213,20260318,510,374,278,6,1,85.06,76.57,70.88
213,20260319,510,315,256,6,3,99.47,72.02,82.89
213,20260320,510,340,295,2,1,22.03,93.05,18.36
213,20260323,510,368,264,8,3,156.35,62.8,100.0
213,20260324,510,420,367,4,1,80.71000000000001,81.97,67.26
213,20260325,510,380,332,6,2,107.2,75.59,89.33
213,20260326,510,391,332,8,5,119.62,73.51,99.68
213,20260327,510,290,261,4,3,63.33,80.47,52.77
213,20260330,510,407,307,4,2,84.03999999999999,78.51,70.03
213,20260331,510,212,165,3,1,48.84,77.16,40.7
214,20260101,510,270,220,4,2,70.41,75.75,58.68
214,20260102,510,310,223,3,1,61.73,78.32,51.44
214,20260105,510,405,381,8,2,141.84,72.87,100.0
214,20260106,510,321,282,3,2,42.32,86.95,35.27
214,20260107,510,405,302,6,2,86.71000000000001,77.69,72.26
214,20260108,510,355,280,4,3,61.94,81.89,51.62
214,20260109,510,350,328,4,1,71.55,82.09,59.62
214,20260112,510,460,387,10,2,162.60999999999999,70.41,100.0
214,20260113,510,345,292,3,2,57.03,83.66,47.52
214,20260114,510,396,336,7,1,117.13,74.15,97.61
214,20260115,510,425,402,3,2,40.73,90.8,33.94
214,20260116,510,395,259,2,0,42.21,85.99,35.17
214,20260119,510,405,315,8,4,137.25,69.65,100.0
214,20260120,510,365,286,4,1,77.53999999999999,78.67,64.62
214,20260121,510,405,288,3,1,49.45,85.35,41.21
214,20260122,510,165,132,4,0,64.2,67.28,53.5
214,20260123,510,350,266,5,4,81.18,76.62,67.65
214,20260126,510,290,221,2,0,20.1,91.66,16.75
214,20260127,510,370,305,6,2,92.73,76.69,77.28
214,20260128,510,315,269,1,1,16.04,94.37,13.37
214,20260129,510,390,340,6,2,106.58,76.13,88.82
214,20260130,510,343,313,2,1,39.5,88.79,32.92
214,20260202,510,410,316,4,2,57.11,84.69,47.59
214,20260203,510,295,237,6,1,113.63,67.59,94.69
214,20260204,510,300,267,6,2,107.4,71.31,89.5
214,20260205,510,385,329,4,1,55.91,85.47,46.59
214,20260206,510,310,278,3,3,49.489999999999995,84.89,41.24
214,20260209,510,273,171,1,0,16.92,91.0,14.1
214,20260210,510,271,190,3,0,57.04,76.91,47.53
214,20260211,510,390,292,5,3,89.77,76.49,74.81
214,20260212,510,330,244,5,1,63.36,79.39,52.8
214,20260213,510,365,325,3,2,42.95,88.33,35.79
214,20260216,510,295,246,5,3,67.11,78.57,55.92
214,20260217,510,387,254,7,4,114.25,68.97,95.21
214,20260218,510,405,329,5,4,78.17,80.8,65.14
214,20260219,510,390,319,4,2,59.400000000000006,84.3,49.5
214,20260220,510,375,302,4,1,53.32,84.99,44.43
214,20260223,510,355,260,5,3,86.24000000000001,75.09,71.87
214,20260224,510,361,334,6,3,85.17,79.68,70.97
214,20260225,510,280,245,3,1,55.04,81.66,45.87
214,20260226,510,310,310,4,1,75.45,80.43,62.88
214,20260227,510,390,246,6,2,112.46,68.63,93.72
214,20260302,510,390,332,6,5,107.12,75.61,89.27
214,20260303,510,382,323,3,3,54.95,85.46,45.79
214,20260304,510,270,253,2,0,39.790000000000006,86.41,33.16
214,20260305,510,251,149,4,2,59.17,71.58,49.31
214,20260306,510,335,252,6,4,99.19,71.76,82.66
214,20260309,510,385,369,3,2,45.269999999999996,89.07,37.72
214,20260310,510,370,258,7,3,113.71000000000001,69.41,94.76
214,20260311,510,359,305,4,1,75.84,80.09,63.2
214,20260312,510,255,209,2,1,30.200000000000003,87.37,25.17
214,20260313,510,245,189,4,1,97.19,66.04,80.99
214,20260316,510,315,251,5,0,80.75999999999999,75.66,67.3
214,20260317,510,272,232,3,1,50.339999999999996,82.17,41.95
214,20260318,510,435,393,5,2,84.78999999999999,82.25,70.66
214,20260319,510,205,113,5,1,94.43,54.48,78.69
214,20260320,510,302,209,6,3,101.69,67.27,84.74
214,20260323,510,325,294,3,2,49.08,85.69,40.9
214,20260324,510,345,285,5,1,93.39,75.32,77.82
214,20260325,510,305,186,3,1,56.69,76.64,47.24
214,20260326,510,297,285,3,2,42.53,87.01,35.44
214,20260327,510,220,208,4,2,63.9,76.5,53.25
214,20260330,510,248,217,3,3,53.15,80.33,44.29
214,20260331,510,382,259,8,6,121.58,68.05,100.0
215,20260101,510,335,304,4,2,65.63,82.24,54.69
215,20260102,510,436,400,5,1,81.56,83.06,67.97
215,20260105,510,345,319,2,1,30.75,91.21,25.62
215,20260106,510,390,288,3,2,55.43,83.86,46.19
215,20260107,510,285,249,2,2,24.39,91.08,20.33
215,20260108,510,265,194,5,1,94.02,67.36,78.35
215,20260109,510,315,234,5,3,81.36,74.2,67.8
215,20260112,510,295,237,4,2,64.7,78.55,53.92
215,20260113,510,409,339,4,3,48.41,87.5,40.34
215,20260114,510,307,281,7,3,109.75,71.91,91.46
215,20260115,510,400,357,3,1,65.23,84.55,54.36
215,20260116,510,416,322,4,0,78.85,80.33,65.71
215,20260119,510,312,280,7,1,158.04999999999998,63.92,100.0
215,20260120,510,265,248,3,2,39.1,86.38,32.58
215,20260121,510,425,275,5,1,83.42999999999999,76.72,69.52
215,20260122,510,320,284,5,2,75.09,79.09,62.58
215,20260123,510,341,318,4,2,67.06,82.58,55.88
215,20260126,510,360,336,4,1,60.06,84.84,50.05
215,20260127,510,455,392,3,1,60.94,86.55,50.78
215,20260128,510,290,190,4,2,56.620000000000005,77.04,47.18
215,20260129,510,390,343,4,1,75.17,82.02,62.64
215,20260130,510,414,325,5,3,82.61,79.73,68.84
215,20260202,510,325,303,3,1,58.120000000000005,83.91,48.43
215,20260203,510,265,218,3,1,53.84,80.19,44.87
215,20260204,510,374,340,4,2,56.56,85.74,47.13
215,20260205,510,290,193,6,6,96.31,66.71,80.26
215,20260206,510,372,341,7,1,155.13,68.73,100.0
215,20260209,510,364,333,2,1,31.74,91.3,26.45
215,20260210,510,295,267,4,0,68.07,79.68,56.72
215,20260211,510,370,297,1,1,10.55,96.57,8.79
215,20260212,510,170,149,1,1,21.46,87.41,17.88
215,20260213,510,226,143,6,2,96.99,59.59,80.82
215,20260216,510,380,336,5,2,56.44,85.62,47.03
215,20260217,510,394,214,9,2,151.82999999999998,58.5,100.0
215,20260218,510,435,389,6,4,94.78,80.41,78.98
215,20260219,510,260,225,2,0,42.94,83.97,35.78
215,20260220,510,410,332,5,2,94.96,77.76,79.13
215,20260223,510,365,365,2,0,22.83,94.11,19.02
215,20260224,510,250,228,3,1,53.73,80.93,44.78
215,20260225,510,365,365,4,2,70.81,83.75,59.01
215,20260226,510,383,315,6,2,93.87,77.04,78.22
215,20260227,510,324,285,3,2,42.519999999999996,87.02,35.43
215,20260302,510,395,337,6,1,80.0,80.82,66.67
215,20260303,510,385,369,2,2,35.66,91.19,29.72
215,20260304,510,290,207,5,0,71.77,74.25,59.81
215,20260305,510,317,240,6,0,98.97999999999999,70.8,82.48
215,20260306,510,380,276,6,1,91.38,75.13,76.15
215,20260309,510,350,244,6,2,106.08000000000001,69.7,88.4
215,20260310,510,279,124,6,2,92.80000000000001,57.2,77.33
215,20260311,510,470,429,8,3,116.53,78.64,97.11
215,20260312,510,337,232,5,1,83.67,73.49,69.73
215,20260313,510,217,149,4,2,70.62,67.84,58.85
215,20260316,510,455,330,10,6,153.92,68.19,100.0
215,20260317,510,310,271,6,2,81.13,76.96,67.61
215,20260318,510,205,134,7,3,129.76,50.8,100.0
215,20260319,510,398,322,3,2,48.43,86.93,40.36
215,20260320,510,216,216,2,2,25.87,89.3,21.56
215,20260323,510,396,377,5,2,73.22999999999999,83.73,61.02
215,20260324,510,285,206,2,0,23.3,89.84,19.42
215,20260325,510,230,157,5,5,84.63,64.98,70.52
215,20260326,510,390,345,5,3,87.1,79.84,72.58
215,20260327,510,325,289,4,1,60.43,82.71,50.36
215,20260330,510,330,292,3,2,39.94,87.97,33.28
215,20260331,510,305,230,5,4,93.02000000000001,71.2,77.52
216,20260101,510,310,230,2,2,30.71,88.22,25.59
216,20260102,510,280,191,3,0,51.129999999999995,78.88,42.61
216,20260105,510,315,297,4,1,50.16,85.55,41.8
216,20260106,510,255,154,6,2,88.99000000000001,63.38,74.16
216,20260107,510,385,305,2,0,31.86,90.54,26.55
216,20260108,510,195,124,3,1,39.26,75.95,32.72
216,20260109,510,335,288,4,2,59.53,82.87,49.61
216,20260112,510,334,213,7,2,115.01,64.94,95.84
216,20260113,510,290,272,1,1,10.88,96.15,9.07
216,20260114,510,350,304,8,4,130.97,69.89,100.0
216,20260115,510,309,280,6,5,103.4,73.03,86.17
216,20260116,510,375,296,9,3,153.53,65.85,100.0
216,20260119,510,414,390,2,1,43.95,89.87,36.62
216,20260120,510,270,212,2,1,29.89,87.64,24.91
216,20260121,510,414,393,4,3,51.8,88.35,43.17
216,20260122,510,310,269,5,1,74.14,78.39,61.78
216,20260123,510,429,287,7,3,133.98000000000002,68.17,100.0
216,20260126,510,300,257,6,1,107.81,70.45,89.84
216,20260127,510,380,380,5,2,89.12,81.0,74.27
216,20260128,510,230,186,5,3,62.64,74.81,52.2
216,20260129,510,221,131,3,0,71.32,64.75,59.43
216,20260130,510,305,273,4,1,73.07,78.89,60.89
216,20260202,510,305,254,6,4,87.24,74.43,72.7
216,20260203,510,338,309,6,2,102.62,75.07,85.52
216,20260204,510,413,324,4,2,60.13,84.35,50.11
216,20260205,510,324,272,7,4,114.1,70.45,95.08
216,20260206,510,355,261,4,0,75.54,77.55,62.95
216,20260209,510,290,270,3,0,57.5,82.44,47.92
216,20260210,510,385,196,7,2,98.22,66.62,81.85
216,20260211,510,425,377,5,1,84.05,81.77,70.04
216,20260212,510,360,277,8,5,126.87,68.59,100.0
216,20260213,510,300,224,6,1,103.13,68.47,85.94
216,20260216,510,239,170,4,1,57.94,74.58,48.28
216,20260217,510,395,366,4,1,58.43,86.23,48.69
216,20260218,510,209,137,5,0,99.47,57.94,82.89
216,20260219,510,495,409,9,2,138.5,74.7,100.0
216,20260220,510,225,187,4,1,68.44,73.21,57.03
216,20260223,510,465,428,6,2,101.36,80.85,84.47
216,20260224,510,240,151,3,0,62.19,70.83,51.82
216,20260225,510,335,291,6,5,88.58,76.66,73.82
216,20260226,510,385,320,3,2,44.269999999999996,87.85,36.89
216,20260227,510,285,183,5,3,79.01,69.84,65.84
216,20260302,510,245,229,2,1,42.47,84.36,35.39
216,20260303,510,280,256,2,0,41.22,86.13,34.35
216,20260304,510,329,296,3,1,49.75,85.61,41.46
216,20260305,510,185,138,4,0,59.11,70.01,49.26
216,20260306,510,441,297,8,3,153.12,65.98,100.0
216,20260309,510,439,427,2,0,44.42,90.58,37.02
216,20260310,510,360,335,2,0,24.45,93.2,20.38
216,20260311,510,410,344,7,1,118.73,74.34,98.94
216,20260312,510,366,336,3,2,36.43,90.22,30.36
216,20260313,510,440,414,8,6,147.99,73.67,100.0
216,20260316,510,400,315,6,2,112.15,73.74,93.46
216,20260317,510,410,324,4,2,67.80000000000001,82.7,56.5
216,20260318,510,214,120,6,1,101.33,54.22,84.44
216,20260319,510,318,266,3,0,40.26,86.85,33.55
216,20260320,510,465,416,6,3,92.39,81.83,76.99
216,20260323,510,328,275,4,2,63.08,81.34,52.57
216,20260324,510,385,304,6,1,108.13,73.76,90.11
216,20260325,510,360,288,5,2,96.07000000000001,74.99,80.06
216,20260326,510,255,128,5,2,84.37,60.27,70.31
216,20260327,510,380,343,3,0,37.370000000000005,90.18,31.14
216,20260330,510,350,328,6,2,90.75999999999999,78.33,75.63
216,20260331,510,405,373,5,1,71.96000000000001,83.83,59.97
217,20260101,510,260,239,4,1,62.36,79.31,51.97
217,20260102,510,214,130,3,1,49.620000000000005,72.38,41.35
217,20260105,510,350,272,6,2,111.08,71.0,92.57
217,20260106,510,485,446,7,3,101.85,81.41,84.88
217,20260107,510,295,193,7,0,129.06,59.93,100.0
217,20260108,510,235,183,5,1,66.25999999999999,73.42,55.22
217,20260109,510,260,209,5,2,79.35,72.48,66.12
217,20260112,510,199,167,2,0,34.56,82.85,28.8
217,20260113,510,275,237,3,1,45.75,83.82,38.12
217,20260114,510,430,389,5,2,91.73,80.92,76.44
217,20260115,510,335,310,3,2,48.56,86.46,40.47
217,20260116,510,420,384,4,0,84.53999999999999,81.96,70.45
217,20260119,510,430,379,5,1,81.11,82.37,67.59
217,20260120,510,360,296,3,2,37.910000000000004,88.65,31.59
217,20260121,510,405,363,5,2,83.91,81.22,69.92
217,20260122,510,398,329,8,4,130.09,71.66,100.0
217,20260123,510,340,301,3,2,35.230000000000004,89.52,29.36
217,20260126,510,405,304,2,0,47.08,86.59,39.23
217,20260127,510,330,282,3,0,34.879999999999995,88.99,29.07
217,20260128,510,345,202,2,1,37.120000000000005,84.48,30.93
217,20260129,510,235,169,3,1,37.379999999999995,81.89,31.15
217,20260130,510,365,282,6,1,90.06,75.79,75.05
217,20260202,510,356,293,4,2,58.8,83.29,49.0
217,20260203,510,290,236,3,2,48.28,83.02,40.23
217,20260204,510,305,273,4,1,77.15,77.97,64.29
217,20260205,510,287,287,2,0,33.2,89.63,27.67
217,20260206,510,342,236,7,3,108.15,68.57,90.12
217,20260209,510,380,252,5,2,89.66,73.76,74.72
217,20260210,510,440,314,6,2,102.23,75.44,85.19
217,20260211,510,389,329,5,2,70.72,82.31,58.93
217,20260212,510,162,122,2,2,32.58,78.92,27.15
217,20260213,510,320,276,5,2,101.18,73.17,84.32
217,20260216,510,310,182,5,2,84.37,68.33,70.31
217,20260217,510,400,378,6,1,107.18,77.91,89.32
217,20260218,510,350,335,3,1,40.03,89.33,33.36
217,20260219,510,304,254,8,2,143.82999999999998,63.85,100.0
217,20260220,510,380,293,6,3,112.45,72.27,93.71
217,20260223,510,262,220,0,0,0.0,100.0,0.0
217,20260224,510,395,322,4,1,79.16,80.27,65.97
217,20260225,510,350,245,6,1,119.0,67.31,99.17
217,20260226,510,330,294,6,3,88.07,76.95,73.39
217,20260227,510,265,161,3,2,50.67,76.06,42.22
217,20260302,510,257,205,3,2,42.870000000000005,82.7,35.72
217,20260303,510,295,266,3,2,42.91,86.11,35.76
217,20260304,510,346,322,3,0,63.51,83.53,52.92
217,20260305,510,420,356,5,2,70.91,83.39,59.09
217,20260306,510,220,166,0,0,0.0,100.0,0.0
217,20260309,510,415,354,3,0,53.010000000000005,86.98,44.18
217,20260310,510,305,202,5,3,74.9,72.95,62.42
217,20260311,510,295,253,4,4,72.44,77.74,60.37
217,20260312,510,420,314,8,2,121.13,72.16,100.0
217,20260313,510,371,314,3,2,50.53,86.14,42.11
217,20260316,510,465,409,7,3,121.75999999999999,77.06,100.0
217,20260317,510,260,236,1,0,19.93,92.21,16.61
217,20260318,510,370,275,3,0,59.62,82.18,49.68
217,20260319,510,325,226,5,1,91.21,71.25,76.01
217,20260320,510,400,315,11,3,197.72,61.44,100.0
217,20260323,510,310,298,2,1,32.38,90.2,26.98
217,20260324,510,380,348,5,1,68.91,83.47,57.42
217,20260325,510,260,200,7,4,122.75,61.97,100.0
217,20260326,510,320,308,3,2,46.03,87.0,38.36
217,20260327,510,330,283,5,3,89.91,75.89,74.92
217,20260330,510,400,316,6,2,85.84,78.64,71.53
217,20260331,510,309,125,8,0,94.77,56.88,78.97
218,20260101,510,406,308,5,0,81.35,79.11,67.79
218,20260102,510,287,232,5,1,60.739999999999995,79.25,50.62
218,20260105,510,395,320,5,2,85.36,78.94,71.13
218,20260106,510,390,296,7,4,98.63,75.01,82.19
218,20260107,510,323,288,6,2,90.89,76.01,75.74
218,20260108,510,375,331,4,2,62.760000000000005,84.06,52.3
218,20260109,510,356,295,8,3,150.8,66.17,100.0
218,20260112,510,330,231,6,2,104.19,68.92,86.82
218,20260113,510,425,376,6,1,73.74,83.6,61.45
218,20260114,510,395,327,8,5,139.04,70.17,100.0
218,20260115,510,310,213,3,0,55.07,79.46,45.89
218,20260116,510,235,187,2,1,32.650000000000006,85.14,27.21
218,20260119,510,310,310,1,0,22.51,93.23,18.76
218,20260120,510,260,225,6,2,113.07,66.55,94.22
218,20260121,510,310,261,3,2,53.38,83.02,44.48
218,20260122,510,420,234,6,0,75.09,75.71,62.58
218,20260123,510,370,342,5,0,98.77,77.59,82.31
218,20260126,510,470,446,7,4,110.01,80.21,91.68
218,20260127,510,370,347,4,2,66.4,83.94,55.33
218,20260128,510,380,302,5,1,71.96000000000001,80.76,59.97
218,20260129,510,220,112,4,1,82.31,57.64,68.59
218,20260130,510,375,289,4,2,73.55,79.71,61.29
218,20260202,510,390,246,6,3,82.69,74.84,68.91
218,20260203,510,365,250,5,2,76.46,76.58,63.72
218,20260204,510,415,394,8,2,158.86,71.27,100.0
218,20260205,510,450,450,4,2,52.05,89.63,43.38
218,20260206,510,305,269,5,2,75.73,78.03,63.11
218,20260209,510,310,250,6,2,95.82,72.29,79.85
218,20260210,510,350,290,6,1,81.21000000000001,78.12,67.68
218,20260211,510,425,425,7,2,99.86,80.97,83.22
218,20260212,510,320,294,3,2,45.879999999999995,86.5,38.23
218,20260213,510,431,345,8,5,109.47999999999999,75.91,91.23
218,20260216,510,345,326,3,1,44.71,87.94,37.26
218,20260217,510,335,323,3,1,50.05,86.58,41.71
218,20260218,510,412,397,3,1,46.72,89.47,38.93
218,20260219,510,322,294,3,1,54.1,84.46,45.08
218,20260220,510,375,349,5,0,91.1,79.3,75.92
218,20260223,510,335,306,3,0,42.9,87.7,35.75
218,20260224,510,370,261,7,4,128.46,67.02,100.0
218,20260225,510,333,203,5,1,76.15,72.72,63.46
218,20260226,510,315,268,3,2,42.629999999999995,86.28,35.52
218,20260227,510,365,291,1,0,16.07,94.77,13.39
218,20260302,510,405,361,6,2,99.6,78.38,83.0
218,20260303,510,255,162,6,3,120.17,57.41,100.0
218,20260304,510,425,346,8,4,133.13,72.21,100.0
218,20260305,510,275,231,5,2,84.5,73.22,70.42
218,20260306,510,290,218,8,4,132.05,62.28,100.0
218,20260309,510,355,298,5,2,84.74,77.86,70.62
218,20260310,510,461,339,3,3,53.31999999999999,86.41,44.43
218,20260311,510,360,360,5,2,94.95,79.13,79.12
218,20260312,510,343,287,6,3,99.72,74.21,83.1
218,20260313,510,290,265,4,3,59.32,81.71,49.43
218,20260316,510,320,299,3,1,48.43,86.06,40.36
218,20260317,510,465,324,6,3,110.92,74.5,92.43
218,20260318,510,325,258,3,1,42.39,85.89,35.33
218,20260319,510,345,295,6,2,93.78,75.88,78.15
218,20260320,510,390,313,3,3,49.06,86.45,40.88
218,20260323,510,357,323,2,1,46.480000000000004,87.42,38.73
218,20260324,510,450,336,7,4,111.03,75.16,92.52
218,20260325,510,270,227,3,0,54.74,80.57,45.62
218,20260326,510,265,202,3,1,53.79,78.97,44.82
218,20260327,510,220,220,2,1,46.51,82.55,38.76
218,20260330,510,150,92,4,1,50.32,64.64,41.93
218,20260331,510,251,203,1,0,15.25,93.01,12.71
219,20260101,510,460,344,4,2,71.78,82.74,59.82
219,20260102,510,304,240,2,2,32.730000000000004,88.0,27.28
219,20260105,510,310,226,7,2,116.67,65.95,97.22
219,20260106,510,330,174,8,4,121.51,58.88,100.0
219,20260107,510,290,224,2,1,31.02,87.84,25.85
219,20260108,510,320,284,6,2,92.78,75.38,77.32
219,20260109,510,320,211,2,0,36.86,85.13,30.72
219,20260112,510,440,329,9,5,135.98,70.76,100.0
219,20260113,510,410,380,1,0,14.07,96.43,11.73
219,20260114,510,297,204,6,3,95.83,68.04,79.86
219,20260115,510,425,401,6,5,87.38999999999999,82.11,72.82
219,20260116,510,305,180,7,3,126.15,58.79,100.0
219,20260119,510,415,348,5,3,63.47,84.57,52.89
219,20260120,510,320,320,5,2,81.36999999999999,79.73,67.81
219,20260121,510,440,402,5,4,71.17,84.96,59.31
219,20260122,510,380,310,6,2,103.08,75.05,85.9
219,20260123,510,303,186,7,1,97.22,65.67,81.02
219,20260126,510,260,178,3,1,39.99,81.66,33.32
219,20260127,510,363,306,5,3,85.53,78.15,71.28
219,20260128,510,298,247,5,2,80.08,75.52,66.73
219,20260129,510,402,304,4,1,58.74,83.81,48.95
219,20260130,510,420,344,6,2,102.95,76.97,85.79
219,20260202,510,435,396,3,2,38.76,91.08,32.3
219,20260203,510,450,412,2,2,34.480000000000004,92.28,28.73
219,20260204,510,375,247,4,1,73.23,77.13,61.03
219,20260205,510,480,424,8,5,136.45,75.65,100.0
219,20260206,510,245,231,4,1,78.68,74.59,65.57
219,20260209,510,380,327,5,2,87.36,78.92,72.8
219,20260210,510,350,350,5,0,84.02,80.64,70.02
219,20260211,510,405,304,9,2,166.93,64.55,100.0
219,20260212,510,350,314,5,0,90.89,77.55,75.74
219,20260213,510,340,295,6,3,99.42,74.79,82.85
219,20260216,510,415,396,5,0,101.08,79.67,84.23
219,20260217,510,325,297,1,0,11.34,96.32,9.45
219,20260218,510,226,173,3,1,45.67,79.11,38.06
219,20260219,510,440,345,3,0,43.769999999999996,88.74,36.47
219,20260220,510,245,225,5,2,68.45,76.67,57.04
219,20260223,510,415,353,3,0,34.75,91.04,28.96
219,20260224,510,370,318,2,0,42.599999999999994,88.19,35.5
219,20260225,510,320,296,7,0,114.57,72.09,95.48
219,20260226,510,325,277,4,2,70.73,79.66,58.94
219,20260227,510,378,328,4,1,69.68,82.48,58.07
219,20260302,510,420,374,2,1,34.55,91.54,28.79
219,20260303,510,280,197,1,0,13.98,93.37,11.65
219,20260304,510,480,420,2,1,27.880000000000003,93.78,23.23
219,20260305,510,360,272,5,3,87.6,75.64,73.0
219,20260306,510,391,308,8,5,137.99,69.06,100.0
219,20260309,510,351,331,6,3,81.93,80.16,68.28
219,20260310,510,310,260,6,3,98.43,72.54,82.02
219,20260311,510,410,374,1,0,9.14,97.61,7.62
219,20260312,510,410,352,3,1,51.51,87.23,42.92
219,20260313,510,368,288,5,3,75.98,79.13,63.32
219,20260316,510,325,266,4,3,68.64,79.49,57.2
219,20260317,510,282,269,2,0,25.92,91.21,21.6
219,20260318,510,420,285,6,5,91.94,75.61,76.62
219,20260319,510,299,214,2,0,50.43,80.93,42.02
219,20260320,510,275,218,6,3,108.66,66.74,90.55
219,20260323,510,465,445,4,1,65.57,87.16,54.64
219,20260324,510,243,207,0,0,0.0,100.0,0.0
219,20260325,510,295,206,4,1,74.65,73.4,62.21
219,20260326,510,340,305,3,0,58.489999999999995,83.91,48.74
219,20260327,510,275,223,5,3,65.79,77.22,54.82
219,20260330,510,425,335,5,1,80.50999999999999,80.62,67.09
219,20260331,510,275,203,2,1,31.82,86.45,26.52
220,20260101,510,305,262,3,0,62.46,80.75,52.05
220,20260102,510,435,352,7,3,111.21,75.99,92.68
220,20260105,510,400,362,7,5,99.54,78.43,82.95
220,20260106,510,310,219,8,4,110.69,66.43,92.24
220,20260107,510,306,224,7,3,104.26,68.24,86.88
220,20260108,510,290,273,2,0,57.72,82.55,48.1
220,20260109,510,361,231,5,2,72.91,76.01,60.76
220,20260112,510,315,282,4,2,49.16,85.16,40.97
220,20260113,510,371,282,3,2,42.01,87.03,35.01
220,20260114,510,340,174,6,3,101.87,63.07,84.89
220,20260115,510,357,322,5,1,61.26,84.02,51.05
220,20260116,510,325,285,5,2,100.91,73.85,84.09
220,20260119,510,370,338,4,1,55.300000000000004,85.94,46.08
220,20260120,510,320,278,8,3,125.87,68.83,100.0
220,20260121,510,230,206,4,1,58.38,77.92,48.65
220,20260122,510,225,192,5,0,80.72,70.4,67.27
220,20260123,510,335,284,2,2,32.52,89.73,27.1
220,20260126,510,390,366,3,1,46.93,88.63,39.11
220,20260127,510,297,210,8,6,128.77,61.99,100.0
220,20260128,510,456,348,6,4,100.2,77.64,83.5
220,20260129,510,335,262,1,0,16.95,93.92,14.12
220,20260130,510,355,261,6,3,98.56,72.59,82.13
220,20260202,510,335,295,5,3,90.28,76.57,75.23
220,20260203,510,347,233,4,0,90.22,72.09,75.18
220,20260204,510,345,333,2,2,29.34,91.9,24.45
220,20260205,510,235,167,4,1,62.52,72.76,52.1
220,20260206,510,210,136,1,0,6.86,95.2,5.72
220,20260209,510,420,408,5,4,73.72,84.7,61.43
220,20260210,510,260,247,3,2,48.96,83.46,40.8
220,20260211,510,247,219,1,1,17.32,92.67,14.43
220,20260212,510,330,277,3,2,49.15,84.93,40.96
220,20260213,510,312,256,2,2,28.96,89.84,24.13
220,20260216,510,295,244,3,2,46.43,84.01,38.69
220,20260217,510,260,179,7,3,114.95,60.89,95.79
220,20260218,510,375,307,6,3,90.46000000000001,77.24,75.38
220,20260219,510,281,134,4,0,42.08,76.1,35.07
220,20260220,510,340,288,3,2,51.099999999999994,84.93,42.58
220,20260223,510,435,361,6,2,102.47,77.89,85.39
220,20260224,510,360,290,2,1,32.8,89.84,27.33
220,20260225,510,445,328,5,3,89.69,78.53,74.74
220,20260226,510,295,210,4,0,72.00999999999999,74.47,60.01
220,20260227,510,425,351,4,2,74.63,82.47,62.19
220,20260302,510,345,299,5,2,85.55000000000001,77.75,71.29
220,20260303,510,344,288,5,2,69.7,80.51,58.08
220,20260304,510,338,326,3,1,54.989999999999995,85.57,45.82
220,20260305,510,392,343,5,3,89.82,79.25,74.85
220,20260306,510,260,186,4,2,46.01,80.17,38.34
220,20260309,510,380,267,3,1,40.47,86.84,33.72
220,20260310,510,445,362,9,4,163.5,68.89,100.0
220,20260311,510,405,370,3,1,51.56,87.77,42.97
220,20260312,510,340,224,6,2,88.87,71.6,74.06
220,20260313,510,275,213,5,2,82.00999999999999,72.2,68.34
220,20260316,510,338,255,3,1,50.39,83.5,41.99
220,20260317,510,311,168,10,7,140.17,54.52,100.0
220,20260318,510,260,222,4,2,55.08,80.12,45.9
220,20260319,510,315,221,5,3,72.15,75.39,60.13
220,20260320,510,375,268,7,3,117.05,69.6,97.54
220,20260323,510,215,189,2,2,36.64,83.76,30.53
220,20260324,510,336,267,4,1,71.12,78.97,59.27
220,20260325,510,235,178,4,2,60.17,74.74,50.14
220,20260326,510,400,324,4,2,81.27,79.95,67.73
220,20260327,510,309,257,1,0,24.26,91.37,20.22
220,20260330,510,350,290,3,2,50.96,85.05,42.47
220,20260331,510,356,344,6,3,73.63,82.37,61.36
221,20260101,510,405,315,8,4,169.88,64.96,100.0
221,20260102,510,290,249,3,1,44.24,84.91,36.87
221,20260105,510,375,288,7,1,99.09,74.4,82.58
221,20260106,510,380,273,8,3,139.4,66.2,100.0
221,20260107,510,360,289,8,3,135.96,68.01,100.0
221,20260108,510,260,213,4,3,72.02,74.73,60.02
221,20260109,510,390,330,6,1,95.42,77.57,79.52
221,20260112,510,365,255,3,1,47.129999999999995,84.4,39.28
221,20260113,510,355,238,4,1,56.28,80.88,46.9
221,20260114,510,367,297,3,1,43.989999999999995,87.1,36.66
221,20260115,510,341,307,3,0,67.92,81.88,56.6
221,20260116,510,245,194,4,2,70.15,73.44,58.46
221,20260119,510,380,333,8,4,118.23,73.8,98.52
221,20260120,510,292,268,3,1,55.19,82.92,45.99
221,20260121,510,374,374,5,3,88.92,80.79,74.1
221,20260122,510,371,357,3,1,60.33,85.54,50.28
221,20260123,510,335,302,8,3,102.06,74.74,85.05
221,20260126,510,420,324,5,3,91.06,78.06,75.88
221,20260127,510,235,204,3,2,56.54,78.3,47.12
221,20260128,510,305,305,4,1,52.7,85.27,43.92
221,20260129,510,440,404,4,1,74.03999999999999,84.51,61.7
221,20260130,510,242,210,2,1,33.29,86.32,27.74
221,20260202,510,292,177,4,1,52.16,77.24,43.47
221,20260203,510,345,274,4,2,59.16,82.24,49.3
221,20260204,510,234,210,3,2,48.72,81.17,40.6
221,20260205,510,220,124,4,2,51.46,70.67,42.88
221,20260206,510,455,443,4,1,73.17,85.82,60.98
221,20260209,510,255,198,2,2,27.57,87.78,22.98
221,20260210,510,315,260,6,3,96.13,73.01,80.11
221,20260211,510,230,179,4,1,66.52,72.91,55.43
221,20260212,510,365,318,6,3,95.49000000000001,76.91,79.58
221,20260213,510,360,324,7,0,112.89,74.16,94.08
221,20260216,510,362,338,3,2,57.05,85.56,47.54
221,20260217,510,350,350,2,2,27.73,92.66,23.11
221,20260218,510,355,290,5,2,82.5,77.85,68.75
221,20260219,510,425,340,9,2,157.26,68.37,100.0
221,20260220,510,369,318,1,1,15.86,95.25,13.22
221,20260223,510,317,290,4,0,55.95,83.83,46.62
221,20260224,510,320,262,7,5,106.24000000000001,71.15,88.53
221,20260225,510,315,276,2,0,36.4,88.35,30.33
221,20260226,510,380,251,9,5,153.43,62.06,100.0
221,20260227,510,300,285,4,2,69.81,80.32,58.18
221,20260302,510,405,312,5,2,103.96,75.01,86.63
221,20260303,510,310,244,6,3,82.15,74.81,68.46
221,20260304,510,320,244,4,0,64.49000000000001,79.09,53.74
221,20260305,510,310,262,3,1,35.68,88.01,29.73
221,20260306,510,325,244,6,3,94.28,72.13,78.57
221,20260309,510,310,283,3,2,61.81,82.07,51.51
221,20260310,510,370,264,9,6,139.52,65.42,100.0
221,20260311,510,321,233,5,2,69.63,76.99,58.02
221,20260312,510,253,221,5,1,75.05,74.65,62.54
221,20260313,510,455,324,10,5,132.12,71.03,100.0
221,20260316,510,344,316,6,4,101.76,75.64,84.8
221,20260317,510,364,332,2,0,29.18,91.92,24.32
221,20260318,510,178,97,6,2,109.6,46.95,91.33
221,20260319,510,325,309,1,1,17.57,94.62,14.64
221,20260320,510,270,216,2,1,32.14,87.05,26.78
221,20260323,510,225,225,2,2,31.35,87.77,26.13
221,20260324,510,325,268,8,2,151.65,63.86,100.0
221,20260325,510,190,169,2,1,31.5,84.29,26.25
221,20260326,510,373,354,3,1,59.33,85.65,49.44
221,20260327,510,297,217,3,2,42.769999999999996,83.54,35.64
221,20260330,510,410,303,5,2,79.17,79.28,65.98
221,20260331,510,296,262,4,1,64.55,80.23,53.79
222,20260101,510,204,184,4,1,59.89,75.44,49.91
222,20260102,510,245,168,5,0,95.04,63.87,79.2
222,20260105,510,305,274,5,0,100.92,73.08,84.1
222,20260106,510,385,343,6,3,93.69,78.55,78.07
222,20260107,510,300,245,0,0,0.0,100.0,0.0
222,20260108,510,280,223,1,1,12.25,94.79,10.21
222,20260109,510,425,399,7,4,133.0,75.0,100.0
222,20260112,510,285,255,2,0,54.019999999999996,82.52,45.02
222,20260113,510,390,297,9,3,155.26,65.67,100.0
222,20260114,510,240,211,2,0,14.350000000000001,93.63,11.96
222,20260115,510,350,249,5,2,93.32,72.74,77.77
222,20260116,510,365,327,4,1,79.44999999999999,80.45,66.21
222,20260119,510,332,274,3,0,49.48,84.7,41.23
222,20260120,510,259,242,3,2,49.35,83.06,41.12
222,20260121,510,410,379,8,4,129.62,74.52,100.0
222,20260122,510,435,369,6,1,104.64,77.91,87.2
222,20260123,510,256,232,2,2,26.41,89.78,22.01
222,20260126,510,375,317,6,4,94.84,76.97,79.03
222,20260127,510,325,197,5,2,81.49,70.74,67.91
222,20260128,510,445,377,8,2,135.4,73.58,100.0
222,20260129,510,240,197,4,1,58.05,77.24,48.37
222,20260130,510,283,239,2,0,23.740000000000002,90.96,19.78
222,20260202,510,303,286,1,0,20.46,93.32,17.05
222,20260203,510,268,200,0,0,0.0,100.0,0.0
222,20260204,510,400,270,3,0,58.57,82.17,48.81
222,20260205,510,440,313,4,0,89.52,77.76,74.6
222,20260206,510,435,352,5,3,95.7,78.62,79.75
222,20260209,510,160,74,4,1,61.43,54.64,51.19
222,20260210,510,335,210,5,3,80.0,72.41,66.67
222,20260211,510,324,304,1,1,13.34,95.8,11.12
222,20260212,510,330,169,6,3,96.16,63.74,80.13
222,20260213,510,320,288,4,1,65.14,81.55,54.28
222,20260216,510,300,241,6,2,91.89,72.4,76.58
222,20260217,510,395,395,5,2,74.32000000000001,84.16,61.93
222,20260218,510,385,289,5,1,92.78,75.7,77.32
222,20260219,510,285,235,5,1,85.14,73.41,70.95
222,20260220,510,320,304,1,1,16.81,94.76,14.01
222,20260223,510,350,230,7,3,111.92999999999999,67.27,93.28
222,20260224,510,425,339,4,1,52.839999999999996,86.51,44.03
222,20260225,510,405,354,6,5,96.14,78.64,80.12
222,20260226,510,315,256,5,1,98.94,72.12,82.45
222,20260227,510,329,297,3,0,65.07,82.03,54.22
222,20260302,510,320,259,4,2,51.17,83.5,42.64
222,20260303,510,410,349,5,4,86.85,80.07,72.38
222,20260304,510,390,343,4,0,72.8,82.49,60.67
222,20260305,510,410,350,8,4,110.78999999999999,75.96,92.32
222,20260306,510,325,253,3,1,47.980000000000004,84.06,39.98
222,20260309,510,300,230,4,2,55.34,80.61,46.12
222,20260310,510,273,255,2,1,22.990000000000002,91.73,19.16
222,20260311,510,375,329,5,3,81.87,80.07,68.23
222,20260312,510,351,320,4,1,63.61,83.42,53.01
222,20260313,510,285,203,4,1,60.72,76.98,50.6
222,20260316,510,320,301,5,2,96.94,75.64,80.78
222,20260317,510,445,398,7,3,120.73,76.73,100.0
222,20260318,510,380,302,6,2,96.8,75.73,80.67
222,20260319,510,350,281,3,3,59.120000000000005,82.62,49.27
222,20260320,510,370,337,4,2,63.92,84.06,53.27
222,20260323,510,350,320,3,2,49.21,86.67,41.01
222,20260324,510,355,169,7,1,119.09,58.66,99.24
222,20260325,510,375,351,2,1,47.2,88.15,39.33
222,20260326,510,395,317,5,1,83.78,79.1,69.82
222,20260327,510,300,238,6,3,105.97,69.19,88.31
222,20260330,510,316,247,5,0,76.05,76.46,63.37
222,20260331,510,335,305,5,2,87.05,77.8,72.54
223,20260101,510,308,238,4,1,64.86,78.58,54.05
223,20260102,510,300,282,4,1,87.83,76.25,73.19
223,20260105,510,271,191,4,2,79.28999999999999,70.66,66.07
223,20260106,510,405,240,3,2,49.65,82.86,41.38
223,20260107,510,352,276,4,1,68.05,80.22,56.71
223,20260108,510,275,244,3,2,47.019999999999996,83.84,39.18
223,20260109,510,315,284,4,0,60.82,82.36,50.68
223,20260112,510,325,249,4,0,60.849999999999994,80.36,50.71
223,20260113,510,320,289,3,3,42.8,87.1,35.67
223,20260114,510,450,392,6,3,120.92,76.43,100.0
223,20260115,510,465,412,3,0,38.99,91.35,32.49
223,20260116,510,401,379,3,0,37.58,90.98,31.32
223,20260119,510,330,327,5,2,78.19,80.7,65.16
223,20260120,510,390,319,3,1,32.74,90.69,27.28
223,20260121,510,242,203,2,2,24.17,89.36,20.14
223,20260122,510,418,331,9,4,142.91,69.84,100.0
223,20260123,510,403,310,7,2,118.7,72.31,98.92
223,20260126,510,440,315,10,5,162.35,65.99,100.0
223,20260127,510,310,310,4,1,57.5,84.35,47.92
223,20260128,510,250,192,2,2,30.21,86.4,25.18
223,20260129,510,399,354,1,1,13.68,96.28,11.4
223,20260130,510,397,334,4,4,66.27,83.44,55.22
223,20260202,510,390,355,5,5,75.86,82.39,63.22
223,20260203,510,310,310,2,1,29.64,91.27,24.7
223,20260204,510,307,244,5,2,85.11,74.14,70.93
223,20260205,510,410,352,6,3,116.16,75.19,96.8
223,20260206,510,450,412,6,3,111.57,78.69,92.98
223,20260209,510,455,339,9,4,140.64,70.68,100.0
223,20260210,510,275,224,3,1,58.17,79.38,48.48
223,20260211,510,360,332,5,2,99.36,76.97,82.8
223,20260212,510,385,349,3,1,58.47,85.65,48.72
223,20260213,510,350,330,1,0,25.83,92.74,21.52
223,20260216,510,416,354,3,0,48.51,87.95,40.42
223,20260217,510,260,195,4,1,58.59,76.9,48.82
223,20260218,510,296,227,1,1,11.98,94.99,9.98
223,20260219,510,348,257,3,1,51.27,83.37,42.72
223,20260220,510,350,281,5,1,93.44,75.05,77.87
223,20260223,510,460,355,5,1,85.44,80.6,71.2
223,20260224,510,470,413,7,3,101.02,80.35,84.18
223,20260225,510,280,235,3,1,47.75,83.11,39.79
223,20260226,510,225,165,3,1,39.010000000000005,80.88,32.51
223,20260227,510,455,438,4,2,67.5,86.65,56.25
223,20260302,510,360,297,4,2,74.61,79.92,62.18
223,20260303,510,405,326,6,3,88.3,78.69,73.58
223,20260304,510,370,256,4,2,71.54,78.16,59.62
223,20260305,510,265,204,3,0,48.53,80.78,40.44
223,20260306,510,290,220,3,1,54.37,80.18,45.31
223,20260309,510,279,169,7,0,128.85999999999999,56.74,100.0
223,20260310,510,365,325,6,1,96.2,77.16,80.17
223,20260311,510,385,238,4,1,58.75,80.2,48.96
223,20260312,510,238,207,2,0,38.09,84.46,31.74
223,20260313,510,300,245,6,5,105.65,69.87,88.04
223,20260316,510,290,234,2,0,28.21,89.24,23.51
223,20260317,510,310,225,8,4,124.82,64.32,100.0
223,20260318,510,320,263,5,3,86.65,75.22,72.21
223,20260319,510,440,374,7,2,112.15,76.93,93.46
223,20260320,510,356,310,4,2,78.98,79.7,65.82
223,20260323,510,410,360,4,2,62.86,85.13,52.38
223,20260324,510,317,229,4,2,52.88,81.24,44.07
223,20260325,510,380,359,5,3,67.98,84.08,56.65
223,20260326,510,392,290,3,2,52.489999999999995,84.67,43.74
223,20260327,510,275,187,4,2,61.96,75.11,51.63
223,20260330,510,240,186,2,1,29.950000000000003,86.13,24.96
223,20260331,510,355,289,6,1,91.89,75.87,76.58
224,20260101,510,390,390,5,2,73.75,84.1,61.46
224,20260102,510,275,217,1,1,12.1,94.72,10.08
224,20260105,510,400,342,6,2,101.88,77.05,84.9
224,20260106,510,280,225,8,4,136.27,62.28,100.0
224,20260107,510,374,309,3,1,47.63,86.64,39.69
224,20260108,510,375,331,6,5,85.35,79.5,71.12
224,20260109,510,250,180,4,1,65.84,73.22,54.87
224,20260112,510,455,371,5,3,79.49000000000001,82.35,66.24
224,20260113,510,415,369,4,1,46.52,88.8,38.77
224,20260114,510,265,168,6,1,102.27,62.16,85.22
224,20260115,510,395,382,6,1,114.32000000000001,76.97,95.27
224,20260116,510,251,236,5,4,73.95,76.14,61.63
224,20260119,510,390,323,6,2,123.21,72.39,100.0
224,20260120,510,290,236,6,2,103.23,69.57,86.02
224,20260121,510,135,80,2,1,41.81,65.68,34.84
224,20260122,510,285,233,6,2,88.18,72.54,73.48
224,20260123,510,315,233,6,6,88.19,72.54,73.49
224,20260126,510,325,262,5,1,86.9,75.09,72.42
224,20260127,510,310,252,5,1,77.33,76.52,64.44
224,20260128,510,440,400,3,2,55.05,87.9,45.88
224,20260129,510,495,434,6,3,103.14,80.8,85.95
224,20260130,510,305,228,6,3,93.7,70.87,78.08
224,20260202,510,235,127,4,2,76.15,62.52,63.46
224,20260203,510,325,214,5,2,91.27000000000001,70.1,76.06
224,20260204,510,270,270,3,2,46.37,85.34,38.64
224,20260205,510,380,368,5,1,80.13,82.12,66.77
224,20260206,510,335,228,8,4,104.84,68.5,87.37
224,20260209,510,326,203,9,4,128.46,61.24,100.0
224,20260210,510,360,342,6,1,103.38,76.79,86.15
224,20260211,510,355,355,4,1,52.45,87.13,43.71
224,20260212,510,375,352,3,2,31.32,91.83,26.1
224,20260213,510,201,127,4,1,54.87,69.83,45.72
224,20260216,510,335,290,3,2,57.56,83.44,47.97
224,20260217,510,320,264,3,1,51.06,83.79,42.55
224,20260218,510,255,235,3,2,49.07,82.73,40.89
224,20260219,510,345,314,5,2,93.38,77.08,77.82
224,20260220,510,373,248,9,4,119.32,67.52,99.43
224,20260223,510,260,246,4,2,66.19,78.8,55.16
224,20260224,510,230,141,3,0,45.92,75.43,38.27
224,20260225,510,245,193,3,2,42.56,81.93,35.47
224,20260226,510,320,239,6,5,90.38,72.56,75.32
224,20260227,510,337,307,4,2,56.1,84.55,46.75
224,20260302,510,322,264,4,1,81.01,76.52,67.51
224,20260303,510,510,458,5,2,75.53999999999999,85.84,62.95
224,20260304,510,278,238,2,2,25.04,90.48,20.87
224,20260305,510,465,453,3,0,53.43,89.45,44.52
224,20260306,510,369,280,6,3,82.15,77.32,68.46
224,20260309,510,390,371,5,3,75.25999999999999,83.14,62.72
224,20260310,510,460,436,3,0,37.91,92.0,31.59
224,20260311,510,360,312,4,0,68.95,81.9,57.46
224,20260312,510,304,304,2,1,23.770000000000003,92.75,19.81
224,20260313,510,400,384,3,0,58.849999999999994,86.71,49.04
224,20260316,510,339,306,7,4,111.22,73.34,92.68
224,20260317,510,316,316,4,2,84.62,78.88,70.52
224,20260318,510,330,241,5,2,62.05,79.52,51.71
224,20260319,510,374,275,5,3,63.44,81.26,52.87
224,20260320,510,368,304,6,2,96.51,75.9,80.42
224,20260323,510,271,173,5,0,77.73,69.0,64.78
224,20260324,510,250,215,5,5,73.16,74.61,60.97
224,20260325,510,167,167,3,2,45.17,78.71,37.64
224,20260326,510,295,241,3,1,38.68,86.17,32.23
224,20260327,510,320,283,3,0,54.48,83.86,45.4
224,20260330,510,326,255,3,3,43.7,85.37,36.42
224,20260331,510,420,361,7,3,117.11,75.51,97.59
225,20260101,510,292,212,3,0,49.44,81.09,41.2
225,20260102,510,280,226,5,3,81.13000000000001,73.58,67.61
225,20260105,510,422,342,3,0,47.230000000000004,87.87,39.36
225,20260106,510,330,256,6,2,101.06,71.7,84.22
225,20260107,510,330,281,5,2,75.06,78.92,62.55
225,20260108,510,345,293,2,0,27.89,91.31,23.24
225,20260109,510,327,285,1,1,15.43,94.86,12.86
225,20260112,510,465,383,5,3,80.99000000000001,82.54,67.49
225,20260113,510,240,214,4,1,58.7,78.47,48.92
225,20260114,510,360,346,4,0,55.370000000000005,86.2,46.14
225,20260115,510,290,220,4,0,65.66999999999999,77.01,54.72
225,20260116,510,360,348,2,1,33.379999999999995,91.25,27.82
225,20260119,510,386,315,6,1,97.34,76.39,81.12
225,20260120,510,395,353,3,0,48.61,87.9,40.51
225,20260121,510,352,265,4,2,55.52,82.68,46.27
225,20260122,510,390,355,3,2,38.71,90.17,32.26
225,20260123,510,295,250,4,0,67.35,78.78,56.12
225,20260126,510,435,368,5,3,81.08,81.95,67.57
225,20260127,510,303,249,5,0,75.71000000000001,76.68,63.09
225,20260128,510,395,299,5,1,78.84,79.13,65.7
225,20260129,510,293,182,5,2,68.45,72.67,57.04
225,20260130,510,375,281,8,2,140.88,66.61,100.0
225,20260202,510,445,385,5,3,102.28,79.01,85.23
225,20260203,510,400,337,5,2,61.3,84.61,51.08
225,20260204,510,225,169,4,3,52.410000000000004,76.33,43.68
225,20260205,510,405,359,3,1,53.14,87.11,44.28
225,20260206,510,375,320,5,0,79.34,80.13,66.12
225,20260209,510,465,340,7,2,111.23,75.35,92.69
225,20260210,510,285,133,3,2,44.35,74.99,36.96
225,20260211,510,455,384,7,3,107.41,78.14,89.51
225,20260212,510,320,267,4,4,53.910000000000004,83.2,44.92
225,20260213,510,375,334,6,2,120.03999999999999,73.56,100.0
225,20260216,510,305,232,2,2,33.41,87.41,27.84
225,20260217,510,317,305,4,0,66.89,82.01,55.74
225,20260218,510,200,151,2,1,42.96,77.85,35.8
225,20260219,510,430,329,7,5,102.48,76.25,85.4
225,20260220,510,330,250,5,1,71.83,77.68,59.86
225,20260223,510,332,293,5,3,84.02,77.71,70.02
225,20260224,510,300,277,2,2,36.35,88.4,30.29
225,20260225,510,440,370,4,0,50.84,87.92,42.37
225,20260226,510,380,368,4,1,62.24,85.53,51.87
225,20260227,510,415,301,7,3,113.39,72.64,94.49
225,20260302,510,384,344,4,0,62.5,84.62,52.08
225,20260303,510,385,337,6,3,82.24,80.38,68.53
225,20260304,510,355,293,4,0,52.47,84.81,43.72
225,20260305,510,311,269,6,4,120.46000000000001,69.07,100.0
225,20260306,510,278,228,6,2,88.0,72.15,73.33
225,20260309,510,285,223,7,2,95.88,69.93,79.9
225,20260310,510,254,187,1,1,13.04,93.48,10.87
225,20260311,510,280,268,3,2,57.31,82.38,47.76
225,20260312,510,360,234,4,3,54.65,81.07,45.54
225,20260313,510,375,310,4,1,65.02,82.66,54.18
225,20260316,510,350,329,3,2,53.150000000000006,86.09,44.29
225,20260317,510,317,233,6,3,121.28,65.77,100.0
225,20260318,510,365,347,6,3,111.19,75.73,92.66
225,20260319,510,370,279,5,1,104.19,72.81,86.82
225,20260320,510,335,311,6,5,81.82,79.17,68.18
225,20260323,510,314,232,4,2,52.1,81.66,43.42
225,20260324,510,465,425,3,1,41.24,91.15,34.37
225,20260325,510,270,209,4,2,59.11,77.95,49.26
225,20260326,510,385,358,3,1,48.269999999999996,88.12,40.22
225,20260327,510,350,270,3,1,46.02,85.44,38.35
225,20260330,510,435,376,6,4,82.25,82.05,68.54
225,20260331,510,351,229,6,2,97.42999999999999,70.15,81.19
226,20260101,510,360,321,7,2,145.63,68.79,100.0
226,20260102,510,291,224,6,2,102.03,68.71,85.02
226,20260105,510,281,189,4,3,75.5,71.46,62.92
226,20260106,510,258,205,5,1,80.05,71.92,66.71
226,20260107,510,385,285,10,4,152.67,65.12,100.0
226,20260108,510,380,359,6,3,93.24000000000001,79.38,77.7
226,20260109,510,302,259,5,2,81.0,76.18,67.5
226,20260112,510,435,363,6,4,74.9,82.9,62.42
226,20260113,510,264,252,5,2,80.58,75.77,67.15
226,20260114,510,420,374,4,4,66.61,84.88,55.51
226,20260115,510,330,293,6,2,98.32,74.87,81.93
226,20260116,510,431,387,5,2,75.8,83.62,63.17
226,20260119,510,305,213,4,1,62.989999999999995,77.18,52.49
226,20260120,510,320,218,5,1,70.25,75.63,58.54
226,20260121,510,305,249,4,2,65.15,79.26,54.29
226,20260122,510,360,249,7,4,116.49,68.13,97.08
226,20260123,510,405,329,4,3,74.49000000000001,81.54,62.08
226,20260126,510,420,323,5,2,71.72999999999999,81.83,59.77
226,20260127,510,405,374,8,4,120.54,75.63,100.0
226,20260128,510,420,353,5,2,75.38,82.4,62.82
226,20260129,510,405,382,1,0,19.39,95.17,16.16
226,20260130,510,355,306,6,2,103.24,74.77,86.03
226,20260202,510,215,136,4,2,72.03999999999999,65.37,60.03
226,20260203,510,315,279,1,0,17.4,94.13,14.5
226,20260204,510,320,234,2,0,29.01,88.97,24.18
226,20260205,510,235,215,3,1,41.11,83.95,34.26
226,20260206,510,440,320,9,3,155.53,67.29,100.0
226,20260209,510,268,221,2,2,32.63,87.13,27.19
226,20260210,510,436,395,3,3,38.84,91.05,32.37
226,20260211,510,425,332,4,3,67.59,83.09,56.32
226,20260212,510,311,272,3,2,48.51,84.86,40.42
226,20260213,510,290,251,4,2,70.7,78.02,58.92
226,20260216,510,400,349,7,2,107.27,76.49,89.39
226,20260217,510,295,207,6,3,98.33,67.8,81.94
226,20260218,510,300,148,9,4,147.26,50.13,100.0
226,20260219,510,291,244,2,1,40.25,85.84,33.54
226,20260220,510,314,284,1,0,32.44,89.75,27.03
226,20260223,510,284,221,1,1,10.92,95.29,9.1
226,20260224,510,380,298,4,1,83.9,78.03,69.92
226,20260225,510,430,288,9,2,135.2,68.05,100.0
226,20260226,510,299,207,3,0,61.93,76.97,51.61
226,20260227,510,365,308,6,1,114.14,72.96,95.12
226,20260302,510,240,175,6,3,104.3,62.66,86.92
226,20260303,510,335,320,5,2,75.77,80.86,63.14
226,20260304,510,385,368,3,0,72.6,83.52,60.5
226,20260305,510,380,323,1,0,15.22,95.5,12.68
226,20260306,510,365,282,7,3,96.22,74.56,80.18
226,20260309,510,425,354,5,3,66.0,84.29,55.0
226,20260310,510,395,345,6,4,108.87,76.01,90.72
226,20260311,510,378,378,3,1,51.24,88.06,42.7
226,20260312,510,335,316,2,1,44.34,87.69,36.95
226,20260313,510,280,223,3,1,47.21000000000001,82.53,39.34
226,20260316,510,331,319,5,2,83.7,79.22,69.75
226,20260317,510,306,274,4,4,62.81,81.35,52.34
226,20260318,510,170,106,3,3,45.13,70.14,37.61
226,20260319,510,320,281,1,0,17.05,94.28,14.21
226,20260320,510,305,267,4,2,69.37,79.38,57.81
226,20260323,510,320,273,4,2,82.53,76.79,68.77
226,20260324,510,309,279,4,1,67.39,80.55,56.16
226,20260325,510,185,117,3,1,52.0,69.23,43.33
226,20260326,510,325,278,5,3,74.58,78.85,62.15
226,20260327,510,369,310,4,1,57.669999999999995,84.31,48.06
226,20260330,510,390,351,4,1,64.71000000000001,84.43,53.93
226,20260331,510,304,262,4,1,89.82,74.47,74.85
227,20260101,510,385,330,7,1,117.93,73.67,98.28
227,20260102,510,334,256,6,1,95.3,72.87,79.42
227,20260105,510,305,219,8,2,129.51,62.84,100.0
227,20260106,510,305,196,7,3,105.61,64.98,88.01
227,20260107,510,445,339,7,2,133.72,71.71,100.0
227,20260108,510,330,287,5,1,90.61,76.0,75.51
227,20260109,510,302,290,3,1,46.75,86.12,38.96
227,20260112,510,362,294,5,1,69.94,80.78,58.28
227,20260113,510,370,370,3,0,65.75,84.91,54.79
227,20260114,510,465,445,4,1,72.17,86.05,60.14
227,20260115,510,450,366,7,3,124.94999999999999,74.55,100.0
227,20260116,510,345,308,3,0,72.81,80.88,60.68
227,20260119,510,434,318,6,3,92.67,77.43,77.22
227,20260120,510,368,300,4,1,53.81,84.79,44.84
227,20260121,510,370,272,5,3,78.56,77.59,65.47
227,20260122,510,413,397,1,1,16.27,96.06,13.56
227,20260123,510,340,280,5,4,66.81,80.74,55.68
227,20260126,510,390,354,4,2,75.11,82.5,62.59
227,20260127,510,286,251,3,2,35.17,87.71,29.31
227,20260128,510,280,203,3,2,49.92,80.26,41.6
227,20260129,510,320,275,9,2,153.38,64.2,100.0
227,20260130,510,118,106,1,1,18.7,85.0,15.58
227,20260202,510,345,246,4,0,55.84,81.5,46.53
227,20260203,510,385,366,7,2,120.98,75.16,100.0
227,20260204,510,305,259,5,2,85.11,75.27,70.93
227,20260205,510,290,217,7,2,136.18,61.44,100.0
227,20260206,510,382,314,1,0,11.22,96.55,9.35
227,20260209,510,355,313,6,1,94.0,76.9,78.33
227,20260210,510,330,266,5,1,77.59,77.42,64.66
227,20260211,510,295,263,5,0,88.34,74.86,73.62
227,20260212,510,225,162,1,0,12.45,92.86,10.38
227,20260213,510,210,151,2,0,52.29,74.28,43.58
227,20260216,510,410,393,7,1,133.85999999999999,74.59,100.0
227,20260217,510,210,174,3,0,75.62,69.71,63.02
227,20260218,510,415,255,7,5,129.82,66.26,100.0
227,20260219,510,385,385,4,2,69.57,84.7,57.98
227,20260220,510,420,401,2,1,24.91,94.15,20.76
227,20260223,510,277,206,3,1,48.32,81.0,40.27
227,20260224,510,320,261,8,3,133.72,66.12,100.0
227,20260225,510,255,148,6,1,92.46,61.55,77.05
227,20260226,510,280,210,2,2,22.86,90.18,19.05
227,20260227,510,415,357,4,2,65.65,84.47,54.71
227,20260302,510,380,368,2,0,20.439999999999998,94.74,17.03
227,20260303,510,325,205,5,1,68.98,74.82,57.48
227,20260304,510,435,312,10,2,168.23000000000002,64.97,100.0
227,20260305,510,370,257,6,5,95.34,72.94,79.45
227,20260306,510,340,273,5,4,61.8,81.54,51.5
227,20260309,510,430,309,5,1,87.11,78.01,72.59
227,20260310,510,364,306,6,4,114.44,72.78,95.37
227,20260311,510,271,234,2,0,19.03,92.48,15.86
227,20260312,510,270,211,4,2,57.39,78.62,47.82
227,20260313,510,255,115,3,0,36.86,75.73,30.72
227,20260316,510,415,307,6,2,76.7,80.01,63.92
227,20260317,510,323,269,5,1,92.83,74.34,77.36
227,20260318,510,279,200,6,4,85.77,69.99,71.47
227,20260319,510,255,107,4,1,77.31,58.05,64.42
227,20260320,510,334,275,3,1,45.3,85.86,37.75
227,20260323,510,365,329,3,1,43.09,88.42,35.91
227,20260324,510,380,319,5,4,91.28,77.75,76.07
227,20260325,510,398,351,1,0,17.08,95.36,14.23
227,20260326,510,245,192,3,1,53.510000000000005,78.2,44.59
227,20260327,510,200,174,3,1,54.12,76.28,45.1
227,20260330,510,344,249,5,4,80.16,75.65,66.8
227,20260331,510,285,227,5,3,82.59,73.32,68.82
228,20260101,510,340,304,4,1,70.06,81.27,58.38
228,20260102,510,255,197,5,0,92.68,68.01,77.23
228,20260105,510,275,167,3,2,54.31,75.46,45.26
228,20260106,510,392,279,4,0,50.3,84.73,41.92
228,20260107,510,369,303,5,3,86.39,77.81,71.99
228,20260108,510,275,260,0,0,0.0,100.0,0.0
228,20260109,510,286,243,3,2,40.230000000000004,85.8,33.53
228,20260112,510,380,331,4,0,55.39,85.66,46.16
228,20260113,510,300,234,5,3,81.14,74.25,67.62
228,20260114,510,444,367,5,0,73.72,83.27,61.43
228,20260115,510,365,296,6,1,111.02000000000001,72.72,92.52
228,20260116,510,265,147,5,2,85.12,63.33,70.93
228,20260119,510,370,310,4,1,51.160000000000004,85.83,42.63
228,20260120,510,320,209,5,2,95.17,68.71,79.31
228,20260121,510,375,363,3,0,48.660000000000004,88.18,40.55
228,20260122,510,332,281,3,2,52.6,84.23,43.83
228,20260123,510,455,409,4,1,70.0,85.39,58.33
228,20260126,510,405,405,2,0,34.87,92.07,29.06
228,20260127,510,431,354,5,2,58.620000000000005,85.79,48.85
228,20260128,510,411,315,5,1,76.35000000000001,80.49,63.63
228,20260129,510,380,356,3,1,34.879999999999995,91.08,29.07
228,20260130,510,245,195,2,2,35.76,84.5,29.8
228,20260202,510,365,346,2,1,32.46,91.42,27.05
228,20260203,510,440,355,6,4,100.94999999999999,77.86,84.12
228,20260204,510,320,235,3,1,51.74,81.96,43.12
228,20260205,510,220,178,2,1,35.81,83.25,29.84
228,20260206,510,335,275,4,1,80.08,77.45,66.73
228,20260209,510,238,136,4,1,57.05,70.45,47.54
228,20260210,510,425,398,6,3,106.57,78.88,88.81
228,20260211,510,390,354,2,0,31.08,91.93,25.9
228,20260212,510,226,124,2,0,27.17,82.03,22.64
228,20260213,510,360,300,1,0,12.76,95.92,10.63
228,20260216,510,398,369,5,3,88.65,80.63,73.88
228,20260217,510,405,300,6,2,96.56,75.65,80.47
228,20260218,510,385,302,5,3,73.49,80.43,61.24
228,20260219,510,310,257,5,1,86.39,74.84,71.99
228,20260220,510,465,419,5,0,84.3,83.25,70.25
228,20260223,510,435,418,1,0,22.65,94.86,18.88
228,20260224,510,359,301,7,1,120.60000000000001,71.39,100.0
228,20260225,510,421,378,2,1,27.660000000000004,93.18,23.05
228,20260226,510,310,233,6,1,83.53999999999999,73.61,69.62
228,20260227,510,215,175,6,5,99.03,63.86,82.52
228,20260302,510,300,204,3,2,46.23,81.52,38.52
228,20260303,510,335,316,5,2,74.1,81.0,61.75
228,20260304,510,450,392,3,1,55.44,87.61,46.2
228,20260305,510,320,183,7,3,125.53,59.31,100.0
228,20260306,510,355,337,5,1,75.82000000000001,81.63,63.18
228,20260309,510,455,415,7,2,124.2,76.97,100.0
228,20260310,510,365,279,3,1,57.01,83.03,47.51
228,20260311,510,410,370,2,1,45.989999999999995,88.94,38.32
228,20260312,510,255,223,2,0,29.87,88.19,24.89
228,20260313,510,275,237,4,2,62.05,79.25,51.71
228,20260316,510,286,216,7,1,101.61000000000001,68.01,84.68
228,20260317,510,305,256,6,2,104.64,70.98,87.2
228,20260318,510,435,329,8,2,140.84,70.02,100.0
228,20260319,510,429,349,7,3,113.49000000000001,75.46,94.58
228,20260320,510,275,263,4,0,65.26,80.12,54.38
228,20260323,510,393,310,1,0,15.85,95.14,13.21
228,20260324,510,332,291,5,3,92.86,75.81,77.38
228,20260325,510,452,436,3,0,54.43,88.9,45.36
228,20260326,510,355,291,7,2,122.4,70.39,100.0
228,20260327,510,365,289,7,2,116.16,71.33,96.8
228,20260330,510,325,295,2,1,34.410000000000004,89.55,28.68
228,20260331,510,367,343,4,0,44.29,88.56,36.91
229,20260101,510,288,186,3,0,46.269999999999996,80.08,38.56
229,20260102,510,415,293,6,4,96.23,75.28,80.19
229,20260105,510,388,277,5,4,87.48,76.0,72.9
229,20260106,510,433,335,5,2,85.68,79.63,71.4
229,20260107,510,170,158,0,0,0.0,100.0,0.0
229,20260108,510,225,170,4,2,69.64,70.94,58.03
229,20260109,510,315,285,6,1,107.67,72.58,89.72
229,20260112,510,355,203,5,1,89.92,69.3,74.93
229,20260113,510,269,269,2,1,28.85,90.31,24.04
229,20260114,510,227,186,0,0,0.0,100.0,0.0
229,20260115,510,465,373,6,3,97.41,79.29,81.18
229,20260116,510,365,313,4,1,75.03,80.66,62.52
229,20260119,510,320,259,5,1,79.87,76.43,66.56
229,20260120,510,380,321,3,3,42.26,88.37,35.22
229,20260121,510,293,239,3,2,37.54,86.43,31.28
229,20260122,510,350,276,4,1,79.0,77.75,65.83
229,20260123,510,313,268,5,1,67.7,79.83,56.42
229,20260126,510,280,192,5,1,84.47,69.45,70.39
229,20260127,510,273,273,3,1,54.59,83.34,45.49
229,20260128,510,415,380,6,2,102.3,78.79,85.25
229,20260129,510,424,388,2,2,33.83,91.98,28.19
229,20260130,510,375,347,5,3,81.47999999999999,80.98,67.9
229,20260202,510,324,278,4,2,76.27,78.47,63.56
229,20260203,510,307,274,3,0,60.35,81.95,50.29
229,20260204,510,367,343,6,2,94.00999999999999,78.49,78.34
229,20260205,510,305,157,6,2,109.75999999999999,58.85,91.47
229,20260206,510,374,327,8,5,137.59,70.38,100.0
229,20260209,510,315,234,4,1,70.36,76.88,58.63
229,20260210,510,428,374,9,2,136.19,73.31,100.0
229,20260211,510,290,211,5,3,90.12,70.07,75.1
229,20260212,510,385,300,5,3,93.63,76.21,78.03
229,20260213,510,295,256,2,2,33.010000000000005,88.58,27.51
229,20260216,510,280,268,3,1,63.59,80.82,52.99
229,20260217,510,410,396,5,3,91.28,81.27,76.07
229,20260218,510,405,348,5,3,68.50999999999999,83.55,57.09
229,20260219,510,375,307,6,4,77.75,79.79,64.79
229,20260220,510,365,266,5,1,78.75,77.16,65.62
229,20260223,510,330,307,4,2,63.099999999999994,82.95,52.58
229,20260224,510,339,308,3,2,39.57,88.62,32.98
229,20260225,510,335,250,4,1,66.95,78.88,55.79
229,20260226,510,391,327,6,3,89.99000000000001,78.42,74.99
229,20260227,510,435,360,3,0,53.42,87.08,44.52
229,20260302,510,265,111,5,0,88.45,55.65,73.71
229,20260303,510,380,266,10,4,205.41,56.43,100.0
229,20260304,510,375,257,6,2,118.75,68.4,98.96
229,20260305,510,246,216,3,2,57.21,79.06,47.68
229,20260306,510,345,333,3,1,37.64,89.84,31.37
229,20260309,510,293,258,3,2,43.08,85.69,35.9
229,20260310,510,330,278,4,3,67.75999999999999,80.4,56.47
229,20260311,510,250,213,3,1,42.1,83.5,35.08
229,20260312,510,356,318,3,0,65.74,82.87,54.78
229,20260313,510,332,283,3,3,39.96,87.63,33.3
229,20260316,510,335,220,6,1,96.65,69.48,80.54
229,20260317,510,275,179,3,3,48.67,78.62,40.56
229,20260318,510,339,265,5,2,63.629999999999995,80.64,53.02
229,20260319,510,345,271,7,2,122.3,68.9,100.0
229,20260320,510,410,357,6,2,109.98,76.45,91.65
229,20260323,510,300,233,3,3,48.23,82.85,40.19
229,20260324,510,302,172,7,5,114.54,60.03,95.45
229,20260325,510,390,369,2,1,31.549999999999997,92.12,26.29
229,20260326,510,335,302,4,2,59.09,83.64,49.24
229,20260327,510,345,244,5,2,96.16,71.73,80.13
229,20260330,510,405,349,5,4,80.05,81.34,66.71
229,20260331,510,340,317,3,2,47.56,86.95,39.63
230,20260101,510,330,290,6,3,106.59,73.12,88.82
230,20260102,510,390,309,4,3,74.74000000000001,80.52,62.28
230,20260105,510,326,278,5,2,83.22,76.96,69.35
230,20260106,510,295,211,6,3,112.17999999999999,65.29,93.48
230,20260107,510,390,336,2,1,30.29,91.73,25.24
230,20260108,510,293,234,3,2,54.510000000000005,81.11,45.42
230,20260109,510,330,240,6,3,106.64,69.24,88.87
230,20260112,510,470,421,2,1,22.57,94.91,18.81
230,20260113,510,380,328,8,6,116.31,73.82,96.93
230,20260114,510,390,290,5,0,77.97,78.81,64.97
230,20260115,510,340,265,5,4,82.78,76.2,68.98
230,20260116,510,183,148,2,1,29.47,83.39,24.56
230,20260119,510,250,183,6,4,95.32,65.75,79.43
230,20260120,510,282,252,4,1,83.2,75.18,69.33
230,20260121,510,390,315,6,0,87.4,78.28,72.83
230,20260122,510,355,273,7,1,125.25999999999999,68.55,100.0
230,20260123,510,310,205,5,4,68.72,74.89,57.27
230,20260126,510,260,215,4,2,75.32,74.06,62.77
230,20260127,510,350,290,2,1,35.11,89.2,29.26
230,20260128,510,380,326,5,3,89.59,78.44,74.66
230,20260129,510,235,132,7,5,105.05000000000001,55.68,87.54
230,20260130,510,260,209,5,2,84.19,71.28,70.16
230,20260202,510,379,323,7,3,118.34,73.19,98.62
230,20260203,510,350,279,7,3,115.59,70.71,96.32
230,20260204,510,200,104,3,2,39.47,72.49,32.89
230,20260205,510,365,365,3,2,52.58,87.41,43.82
230,20260206,510,380,318,7,4,102.7,75.59,85.58
230,20260209,510,355,300,4,1,68.28,81.46,56.9
230,20260210,510,340,296,7,5,118.38,71.43,98.65
230,20260211,510,416,302,3,3,45.79,86.83,38.16
230,20260212,510,350,190,8,4,135.25,58.42,100.0
230,20260213,510,405,332,4,0,73.77,81.82,61.48
230,20260216,510,395,351,3,2,40.65,89.62,33.88
230,20260217,510,270,224,4,2,64.75,77.58,53.96
230,20260218,510,350,313,3,1,35.7,89.76,29.75
230,20260219,510,398,293,7,5,128.74,69.47,100.0
230,20260220,510,320,223,1,0,16.51,93.11,13.76
230,20260223,510,345,220,8,3,131.17,62.65,100.0
230,20260224,510,235,220,5,3,97.69999999999999,69.25,81.42
230,20260225,510,305,214,4,0,55.4,79.44,46.17
230,20260226,510,380,346,4,0,82.89,80.67,69.08
230,20260227,510,370,278,4,2,56.09,83.21,46.74
230,20260302,510,276,200,4,3,64.0,75.76,53.33
230,20260303,510,277,226,4,1,70.94,76.11,59.12
230,20260304,510,417,309,8,2,160.84,65.77,100.0
230,20260305,510,425,303,7,3,109.28,73.49,91.07
230,20260306,510,340,340,3,2,52.56,86.61,43.8
230,20260309,510,330,310,3,2,46.19,87.03,38.49
230,20260310,510,480,406,8,3,143.35,73.91,100.0
230,20260311,510,325,215,5,3,79.89,72.91,66.57
230,20260312,510,305,244,7,5,104.51,70.01,87.09
230,20260313,510,355,314,5,1,77.73,80.16,64.78
230,20260316,510,359,264,4,2,69.22,79.23,57.68
230,20260317,510,395,311,5,1,82.91,78.95,69.09
230,20260318,510,376,337,3,1,38.67,89.71,32.22
230,20260319,510,385,279,9,4,157.31,63.95,100.0
230,20260320,510,370,327,3,1,44.61,88.0,37.17
230,20260323,510,340,340,3,1,47.35,87.78,39.46
230,20260324,510,420,394,6,2,89.77,81.44,74.81
230,20260325,510,325,205,3,1,59.72,77.44,49.77
230,20260326,510,277,197,7,1,117.43,62.65,97.86
230,20260327,510,410,306,6,3,95.79,76.16,79.82
230,20260330,510,295,180,6,2,87.0,67.42,72.5
230,20260331,510,340,302,4,2,68.41999999999999,81.53,57.02
231,20260101,510,320,283,5,3,77.28999999999999,78.55,64.41
231,20260102,510,335,265,4,2,68.13,79.55,56.78
231,20260105,510,325,259,8,3,115.2,69.21,96.0
231,20260106,510,425,411,3,2,50.81,89.0,42.34
231,20260107,510,310,247,5,1,84.72999999999999,74.46,70.61
231,20260108,510,395,317,5,1,68.74,82.18,57.28
231,20260109,510,320,284,4,2,52.370000000000005,84.43,43.64
231,20260112,510,240,198,6,2,100.63,66.3,83.86
231,20260113,510,390,299,8,5,148.17,66.86,100.0
231,20260114,510,400,336,4,2,62.19,84.38,51.82
231,20260115,510,435,416,5,2,78.97,84.05,65.81
231,20260116,510,485,434,4,3,65.67,86.86,54.72
231,20260119,510,360,336,6,0,101.41,76.82,84.51
231,20260120,510,370,275,4,2,68.43,80.07,57.03
231,20260121,510,350,307,4,2,58.1,84.09,48.42
231,20260122,510,164,97,4,2,57.31,62.86,47.76
231,20260123,510,359,330,5,0,89.50999999999999,78.66,74.59
231,20260126,510,390,289,5,2,87.53999999999999,76.75,72.95
231,20260127,510,380,321,4,1,68.1,82.5,56.75
231,20260128,510,425,341,7,1,135.65,71.54,100.0
231,20260129,510,315,247,6,3,98.64,71.46,82.2
231,20260130,510,340,325,3,2,48.8,86.94,40.67
231,20260202,510,370,289,6,4,91.9,75.87,76.58
231,20260203,510,370,273,7,3,110.25999999999999,71.23,91.88
231,20260204,510,440,355,9,3,138.34,71.96,100.0
231,20260205,510,260,228,2,0,28.3,88.96,23.58
231,20260206,510,375,338,3,1,33.26,91.04,27.72
231,20260209,510,327,271,6,2,105.67,71.95,88.06
231,20260210,510,260,221,3,2,46.199999999999996,82.71,38.5
231,20260211,510,360,344,4,2,62.0,84.73,51.67
231,20260212,510,388,362,3,0,56.19,86.56,46.82
231,20260213,510,342,310,5,0,89.42999999999999,77.61,74.52
231,20260216,510,300,276,4,1,54.64,83.47,45.53
231,20260217,510,330,295,5,5,83.8,77.88,69.83
231,20260218,510,350,245,8,2,147.14,62.48,100.0
231,20260219,510,382,321,5,2,102.37,75.82,85.31
231,20260220,510,295,249,3,2,65.71000000000001,79.12,54.76
231,20260223,510,340,301,4,3,46.85,86.53,39.04
231,20260224,510,471,360,3,1,56.17,86.5,46.81
231,20260225,510,355,238,8,4,116.94999999999999,67.05,97.46
231,20260226,510,305,239,3,2,37.78,86.35,31.48
231,20260227,510,322,248,4,2,65.18,79.19,54.32
231,20260302,510,225,160,5,2,86.13,65.01,71.78
231,20260303,510,285,219,3,1,47.949999999999996,82.04,39.96
231,20260304,510,320,286,2,1,14.48,95.18,12.07
231,20260305,510,390,339,6,4,103.67,76.58,86.39
231,20260306,510,380,244,9,1,147.97,62.25,100.0
231,20260309,510,335,301,5,0,110.32,73.18,91.93
231,20260310,510,315,289,4,1,58.52,83.16,48.77
231,20260311,510,355,355,2,0,45.1,88.73,37.58
231,20260312,510,395,345,7,4,112.4,75.43,93.67
231,20260313,510,121,28,2,0,39.84,41.27,33.2
231,20260316,510,305,260,6,1,106.24,70.99,88.53
231,20260317,510,320,265,4,1,59.42,81.68,49.52
231,20260318,510,420,333,3,1,53.75,86.1,44.79
231,20260319,510,345,241,5,2,87.17999999999999,73.44,72.65
231,20260320,510,165,114,3,2,61.68000000000001,64.89,51.4
231,20260323,510,330,299,2,1,17.22,94.55,14.35
231,20260324,510,380,341,5,3,65.99,83.79,54.99
231,20260325,510,230,166,6,2,105.43,61.16,87.86
231,20260326,510,234,184,4,2,67.97,73.02,56.64
231,20260327,510,331,247,5,3,93.29,72.59,77.74
231,20260330,510,285,258,5,2,77.82,76.83,64.85
231,20260331,510,305,189,6,2,92.84,67.06,77.37
232,20260101,510,305,305,5,0,99.41,75.42,82.84
232,20260102,510,405,330,5,1,97.01,77.28,80.84
232,20260105,510,349,308,3,1,43.480000000000004,87.63,36.23
232,20260106,510,365,297,4,2,65.23,81.99,54.36
232,20260107,510,270,225,2,1,34.67,86.65,28.89
232,20260108,510,395,395,2,2,26.62,93.69,22.18
232,20260109,510,270,253,4,1,62.01,80.31,51.67
232,20260112,510,345,266,3,1,56.290000000000006,82.53,46.91
232,20260113,510,390,254,7,2,98.93,71.97,82.44
232,20260114,510,365,231,5,1,90.44,71.86,75.37
232,20260115,510,380,333,4,1,69.6,82.71,58.0
232,20260116,510,425,339,6,2,115.1,74.65,95.92
232,20260119,510,353,250,6,2,89.84,73.56,74.87
232,20260120,510,245,210,6,4,90.71000000000001,69.83,75.59
232,20260121,510,218,140,2,0,34.61,80.18,28.84
232,20260122,510,435,409,4,0,51.59,88.8,42.99
232,20260123,510,395,318,5,2,75.14,80.89,62.62
232,20260126,510,270,187,5,1,61.43,75.27,51.19
232,20260127,510,365,238,5,2,86.78999999999999,73.28,72.32
232,20260128,510,365,328,3,3,37.53,89.73,31.28
232,20260129,510,245,245,2,2,35.45,87.36,29.54
232,20260130,510,375,323,3,1,53.9,85.7,44.92
232,20260202,510,255,144,5,1,96.63,59.84,80.52
232,20260203,510,259,204,5,1,87.71,69.93,73.09
232,20260204,510,369,219,10,5,154.94,58.57,100.0
232,20260205,510,315,204,6,1,94.33,68.38,78.61
232,20260206,510,435,360,9,3,136.81,72.46,100.0
232,20260209,510,280,224,5,3,82.56,73.07,68.8
232,20260210,510,345,274,4,2,69.94,79.67,58.28
232,20260211,510,340,294,5,3,75.68,79.53,63.07
232,20260212,510,389,332,5,3,73.85,81.8,61.54
232,20260213,510,340,283,5,1,87.03,76.48,72.53
232,20260216,510,425,368,6,3,95.34,79.42,79.45
232,20260217,510,390,314,3,1,52.27,85.73,43.56
232,20260218,510,350,323,7,2,94.50999999999999,77.36,78.76
232,20260219,510,284,196,0,0,0.0,100.0,0.0
232,20260220,510,320,260,4,2,68.43,79.16,57.03
232,20260223,510,360,289,4,2,61.410000000000004,82.47,51.18
232,20260224,510,305,258,3,2,50.97,83.5,42.48
232,20260225,510,135,85,3,1,47.910000000000004,63.95,39.93
232,20260226,510,395,316,2,0,32.5,90.67,27.08
232,20260227,510,239,203,4,0,58.5,77.63,48.75
232,20260302,510,350,301,5,2,88.06,77.37,73.38
232,20260303,510,375,306,4,2,75.77,80.15,63.14
232,20260304,510,245,245,1,0,16.12,93.83,13.43
232,20260305,510,435,388,8,5,154.67,71.5,100.0
232,20260306,510,305,205,8,4,125.78999999999999,61.97,100.0
232,20260309,510,340,303,5,0,88.97,77.3,74.14
232,20260310,510,330,246,8,3,122.78,66.71,100.0
232,20260311,510,380,301,5,3,74.7,80.12,62.25
232,20260312,510,320,284,5,1,96.97,74.55,80.81
232,20260313,510,360,336,3,1,39.8,89.41,33.17
232,20260316,510,410,346,5,4,56.52,85.96,47.1
232,20260317,510,440,399,3,1,34.64,92.01,28.87
232,20260318,510,300,261,7,2,111.80000000000001,70.01,93.17
232,20260319,510,285,203,3,1,47.02,81.19,39.18
232,20260320,510,335,287,7,1,99.67,74.22,83.06
232,20260323,510,295,260,5,0,70.29,78.72,58.58
232,20260324,510,335,236,4,2,84.03999999999999,73.74,70.03
232,20260325,510,350,297,8,4,141.95,67.66,100.0
232,20260326,510,465,337,8,3,164.06,67.26,100.0
232,20260327,510,355,315,6,3,76.27,80.51,63.56
232,20260330,510,345,320,5,2,95.03,77.1,79.19
232,20260331,510,405,354,6,0,112.5,75.88,93.75
233,20260101,510,240,187,7,3,113.61,62.21,94.68
233,20260102,510,420,345,3,1,45.269999999999996,88.4,37.72
233,20260105,510,302,238,3,2,50.15,82.6,41.79
233,20260106,510,284,233,2,1,33.32,87.49,27.77
233,20260107,510,450,356,6,1,88.13,80.16,73.44
233,20260108,510,271,186,3,1,60.010000000000005,75.61,50.01
233,20260109,510,360,344,1,1,12.72,96.43,10.6
233,20260112,510,305,255,5,1,78.21000000000001,76.53,65.18
233,20260113,510,320,273,3,1,58.959999999999994,82.24,49.13
233,20260114,510,440,395,6,3,88.81,81.64,74.01
233,20260115,510,270,233,5,1,71.37,76.55,59.48
233,20260116,510,360,308,3,2,62.2,83.2,51.83
233,20260119,510,400,307,6,4,110.71,73.5,92.26
233,20260120,510,335,271,5,3,74.35,78.47,61.96
233,20260121,510,405,379,4,3,56.89,86.95,47.41
233,20260122,510,365,343,3,1,42.540000000000006,88.97,35.45
233,20260123,510,415,329,5,1,82.52,79.95,68.77
233,20260126,510,270,193,5,1,90.94,67.97,75.78
233,20260127,510,295,255,3,1,45.59,84.83,37.99
233,20260128,510,395,306,7,2,116.01,72.51,96.68
233,20260129,510,355,240,7,3,119.64,66.73,99.7
233,20260130,510,384,351,5,3,84.78,80.55,70.65
233,20260202,510,353,296,7,5,125.87,70.16,100.0
233,20260203,510,255,255,1,0,19.46,92.91,16.22
233,20260204,510,390,343,6,3,109.72,75.76,91.43
233,20260205,510,240,220,3,2,48.46,81.95,40.38
233,20260206,510,390,367,4,3,84.68,81.25,70.57
233,20260209,510,230,204,3,1,34.37,85.58,28.64
233,20260210,510,205,141,3,1,49.31,74.09,41.09
233,20260211,510,184,172,4,3,68.12,71.63,56.77
233,20260212,510,450,383,5,2,87.25999999999999,81.44,72.72
233,20260213,510,359,238,5,3,89.24000000000001,72.73,74.37
233,20260216,510,294,209,2,0,40.95,83.62,34.12
233,20260217,510,445,359,6,4,111.32,76.33,92.77
233,20260218,510,345,284,4,3,64.41,81.51,53.68
233,20260219,510,425,397,6,3,116.11,77.37,96.76
233,20260220,510,357,327,3,1,47.86,87.23,39.88
233,20260223,510,330,283,3,2,48.64,85.33,40.53
233,20260224,510,275,238,2,1,36.519999999999996,86.7,30.43
233,20260225,510,313,218,7,2,113.15,65.83,94.29
233,20260226,510,430,324,7,3,109.44,74.75,91.2
233,20260227,510,295,236,6,2,89.71,72.46,74.76
233,20260302,510,275,208,7,3,115.6,64.28,96.33
233,20260303,510,410,341,3,2,43.72,88.64,36.43
233,20260304,510,360,309,4,0,40.35,88.45,33.62
233,20260305,510,376,320,6,3,100.47999999999999,76.1,83.73
233,20260306,510,325,235,5,1,81.8,74.18,68.17
233,20260309,510,340,310,6,1,109.19,73.95,90.99
233,20260310,510,295,234,4,1,68.85,77.27,57.38
233,20260311,510,360,217,7,2,116.28999999999999,65.11,96.91
233,20260312,510,263,170,5,0,69.05,71.11,57.54
233,20260313,510,271,217,5,3,91.91,70.25,76.59
233,20260316,510,340,340,5,3,90.34,79.01,75.28
233,20260317,510,310,181,9,3,160.33,53.03,100.0
233,20260318,510,378,337,4,2,79.04,81.0,65.87
233,20260319,510,315,286,6,2,92.46000000000001,75.57,77.05
233,20260320,510,350,286,3,2,42.6,87.04,35.5
233,20260323,510,295,234,2,1,44.31,84.08,36.93
233,20260324,510,360,296,6,4,99.36,74.87,82.8
233,20260325,510,410,373,7,2,100.66,78.75,83.88
233,20260326,510,220,134,5,2,84.5,61.33,70.42
233,20260327,510,350,324,5,4,84.25999999999999,79.36,70.22
233,20260330,510,370,305,6,1,92.2,76.79,76.83
233,20260331,510,385,237,8,5,118.31,66.7,98.59
234,20260101,510,390,317,3,1,49.97,86.38,41.64
234,20260102,510,200,200,3,1,53.879999999999995,78.78,44.9
234,20260105,510,425,390,5,1,86.91,81.78,72.42
234,20260106,510,309,260,5,2,75.27,77.55,62.72
234,20260107,510,415,403,4,3,58.67,87.29,48.89
234,20260108,510,390,336,5,3,92.15,78.48,76.79
234,20260109,510,295,263,6,1,77.67,77.2,64.72
234,20260112,510,365,197,4,0,95.06,67.45,79.22
234,20260113,510,450,405,4,2,52.03,88.62,43.36
234,20260114,510,400,374,3,1,61.97,85.79,51.64
234,20260115,510,355,299,6,1,108.5,73.37,90.42
234,20260116,510,370,353,4,1,79.25999999999999,81.66,66.05
234,20260119,510,355,315,7,5,112.48,73.69,93.73
234,20260120,510,305,257,5,0,95.48,72.91,79.57
234,20260121,510,425,352,4,2,71.53999999999999,83.11,59.62
234,20260122,510,415,342,4,1,69.64,83.08,58.03
234,20260123,510,328,288,1,0,28.77,90.92,23.98
234,20260126,510,480,420,4,1,64.31,86.72,53.59
234,20260127,510,340,272,2,1,30.759999999999998,89.84,25.63
234,20260128,510,360,348,4,1,69.21,83.41,57.68
234,20260129,510,365,292,4,3,60.47,82.84,50.39
234,20260130,510,322,288,5,3,73.83,79.6,61.52
234,20260202,510,180,155,1,0,17.41,89.9,14.51
234,20260203,510,295,265,5,1,95.77,73.45,79.81
234,20260204,510,390,283,6,4,89.35,76.0,74.46
234,20260205,510,385,338,4,1,53.57,86.32,44.64
234,20260206,510,252,167,2,1,29.39,85.03,24.49
234,20260209,510,427,396,2,0,28.79,93.22,23.99
234,20260210,510,385,305,4,0,64.13,82.63,53.44
234,20260211,510,215,129,4,1,68.39,65.35,56.99
234,20260212,510,390,359,3,0,39.8,90.02,33.17
234,20260213,510,465,439,5,2,105.42,80.64,87.85
234,20260216,510,420,349,5,3,72.07,82.88,60.06
234,20260217,510,415,352,8,2,124.6,73.86,100.0
234,20260218,510,335,290,3,1,43.33,87.0,36.11
234,20260219,510,420,366,6,4,113.2,76.38,94.33
234,20260220,510,295,222,1,1,18.08,92.47,15.07
234,20260223,510,480,381,6,3,110.76,77.48,92.3
234,20260224,510,295,240,6,3,84.27000000000001,74.01,70.23
234,20260225,510,408,284,7,4,99.64,74.03,83.03
234,20260226,510,381,338,3,1,27.27,92.53,22.72
234,20260227,510,290,172,5,1,84.73,67.0,70.61
234,20260302,510,390,307,3,1,56.769999999999996,84.39,47.31
234,20260303,510,440,386,5,2,87.35,81.55,72.79
234,20260304,510,435,406,3,1,51.9,88.67,43.25
234,20260305,510,238,159,5,4,80.21000000000001,66.47,66.84
234,20260306,510,350,301,1,0,10.16,96.73,8.47
234,20260309,510,295,238,5,3,85.52,73.57,71.27
234,20260310,510,335,272,2,0,28.36,90.56,23.63
234,20260311,510,470,394,4,0,83.06,82.59,69.22
234,20260312,510,330,263,3,1,49.620000000000005,84.13,41.35
234,20260313,510,160,94,5,2,84.57,52.64,70.47
234,20260316,510,215,154,5,0,77.98,66.39,64.98
234,20260317,510,380,304,4,1,83.17,78.52,69.31
234,20260318,510,435,382,5,1,94.81,80.12,79.01
234,20260319,510,357,299,6,1,94.46000000000001,75.99,78.72
234,20260320,510,342,309,6,2,104.89,74.66,87.41
234,20260323,510,430,403,4,1,68.41,85.49,57.01
234,20260324,510,345,305,3,1,55.9,84.51,46.58
234,20260325,510,370,313,4,0,59.66,83.99,49.72
234,20260326,510,420,317,9,4,125.69,71.61,100.0
234,20260327,510,305,237,1,1,12.41,95.02,10.34
234,20260330,510,387,259,5,2,84.07,75.49,70.06
234,20260331,510,234,178,4,2,61.94,74.19,51.62
235,20260101,510,380,297,7,2,120.86,71.08,100.0
235,20260102,510,332,231,5,2,79.28999999999999,74.45,66.07
235,20260105,510,375,276,2,2,37.7,87.98,31.42
235,20260106,510,345,264,5,1,92.21,74.11,76.84
235,20260107,510,375,313,5,1,75.38,80.59,62.82
235,20260108,510,398,368,3,1,49.89,88.06,41.58
235,20260109,510,360,299,6,4,103.74000000000001,74.24,86.45
235,20260112,510,433,363,7,1,114.92,75.95,95.77
235,20260113,510,335,194,7,3,130.5,59.78,100.0
235,20260114,510,355,335,6,2,97.68,77.42,81.4
235,20260115,510,312,312,2,0,30.23,91.17,25.19
235,20260116,510,335,287,1,0,17.07,94.39,14.23
235,20260119,510,260,183,4,1,66.18,73.44,55.15
235,20260120,510,315,289,6,1,111.50999999999999,72.16,92.92
235,20260121,510,310,282,3,0,46.900000000000006,85.74,39.08
235,20260122,510,270,254,2,2,30.009999999999998,89.43,25.01
235,20260123,510,350,326,4,0,71.56,82.0,59.63
235,20260126,510,300,248,5,1,120.89,67.23,100.0
235,20260127,510,145,68,4,2,60.92,52.75,50.77
235,20260128,510,298,286,5,0,91.0,75.86,75.83
235,20260129,510,250,226,2,1,37.56,85.75,31.3
235,20260130,510,430,410,5,3,99.67,80.44,83.06
235,20260202,510,350,281,4,1,70.46000000000001,79.95,58.72
235,20260203,510,355,301,6,2,95.45,75.92,79.54
235,20260204,510,384,342,6,2,92.68,78.68,77.23
235,20260205,510,235,196,3,0,47.78,80.4,39.82
235,20260206,510,285,177,4,2,49.11,78.28,40.92
235,20260209,510,421,317,6,3,82.55,79.34,68.79
235,20260210,510,430,409,2,0,36.629999999999995,91.78,30.52
235,20260211,510,280,233,5,1,83.81,73.55,69.84
235,20260212,510,375,321,4,2,64.63,83.24,53.86
235,20260213,510,325,237,6,2,114.50999999999999,67.42,95.42
235,20260216,510,240,205,3,0,53.18,79.4,44.32
235,20260217,510,345,345,5,2,90.37,79.24,75.31
235,20260218,510,325,245,8,3,142.77,63.18,100.0
235,20260219,510,430,363,9,5,146.37,71.26,100.0
235,20260220,510,281,138,6,1,97.91,58.5,81.59
235,20260223,510,355,277,5,2,68.67,80.13,57.22
235,20260224,510,270,228,5,2,99.68,69.58,83.07
235,20260225,510,410,335,6,1,73.55,82.0,61.29
235,20260226,510,330,237,6,4,81.67,74.37,68.06
235,20260227,510,235,204,3,2,42.87,82.63,35.72
235,20260302,510,352,304,7,2,110.12,73.41,91.77
235,20260303,510,295,240,8,2,128.94,65.05,100.0
235,20260304,510,417,330,6,3,108.39,75.28,90.32
235,20260305,510,435,352,5,4,91.51,79.37,76.26
235,20260306,510,310,240,4,3,55.66,81.17,46.38
235,20260309,510,335,181,8,0,132.5,57.74,100.0
235,20260310,510,265,253,4,2,59.980000000000004,80.84,49.98
235,20260311,510,245,214,4,2,79.35,72.95,66.12
235,20260312,510,270,183,5,3,92.09,66.52,76.74
235,20260313,510,245,177,1,0,15.07,92.15,12.56
235,20260316,510,375,268,3,1,71.41,78.96,59.51
235,20260317,510,350,256,3,0,43.15,85.58,35.96
235,20260318,510,470,438,6,1,92.06,82.63,76.72
235,20260319,510,290,221,5,2,79.31,73.59,66.09
235,20260320,510,323,301,5,1,67.86,81.6,56.55
235,20260323,510,330,302,4,1,53.65,84.91,44.71
235,20260324,510,329,272,4,0,59.45,82.06,49.54
235,20260325,510,350,318,3,2,45.910000000000004,87.38,38.26
235,20260326,510,450,426,7,1,151.07,73.82,100.0
235,20260327,510,465,357,7,5,103.48,77.53,86.23
235,20260330,510,265,250,3,1,45.72,84.54,38.1
235,20260331,510,365,301,3,2,49.29,85.93,41.08
236,20260101,510,390,332,8,4,132.31,71.5,100.0
236,20260102,510,140,108,3,0,70.89,60.37,59.08
236,20260105,510,330,291,2,2,28.41,91.11,23.67
236,20260106,510,302,282,4,2,56.68,83.26,47.23
236,20260107,510,345,310,5,3,68.64,81.87,57.2
236,20260108,510,294,250,2,1,34.36,87.92,28.63
236,20260109,510,275,226,5,2,84.84,72.71,70.7
236,20260112,510,221,183,3,1,38.07,82.78,31.72
236,20260113,510,340,277,5,4,77.38,78.16,64.48
236,20260114,510,470,409,4,1,54.93,88.16,45.78
236,20260115,510,330,249,5,0,91.97,73.03,76.64
236,20260116,510,225,170,1,0,17.97,90.44,14.98
236,20260119,510,334,318,2,0,41.33,88.5,34.44
236,20260120,510,340,259,4,1,57.44,81.85,47.87
236,20260121,510,350,329,6,3,98.97,76.87,82.48
236,20260122,510,360,257,5,2,76.96000000000001,76.96,64.13
236,20260123,510,252,154,3,0,34.34,81.77,28.62
236,20260126,510,375,358,5,1,66.62,84.31,55.52
236,20260127,510,370,251,5,2,83.59,75.02,69.66
236,20260128,510,200,143,5,3,77.91,64.73,64.92
236,20260129,510,365,320,6,1,94.6,77.18,78.83
236,20260130,510,335,315,3,2,40.980000000000004,88.49,34.15
236,20260202,510,268,253,3,3,46.019999999999996,84.61,38.35
236,20260203,510,405,389,6,2,116.43,76.96,97.02
236,20260204,510,289,184,3,1,58.59,75.85,48.82
236,20260205,510,350,331,4,3,67.22,83.12,56.02
236,20260206,510,285,239,1,1,19.37,92.5,16.14
236,20260209,510,250,250,1,1,12.72,95.16,10.6
236,20260210,510,304,263,3,0,55.11,82.68,45.92
236,20260211,510,270,270,2,2,29.39,90.18,24.49
236,20260212,510,458,440,5,1,92.97,82.56,77.47
236,20260213,510,320,271,6,1,108.17,71.47,90.14
236,20260216,510,345,293,6,2,107.22,73.21,89.35
236,20260217,510,385,271,5,2,82.87,76.58,69.06
236,20260218,510,315,244,5,2,104.5,70.01,87.08
236,20260219,510,330,306,5,2,94.63,76.38,78.86
236,20260220,510,375,313,7,3,122.28999999999999,71.91,100.0
236,20260223,510,440,362,6,3,102.65,77.91,85.54
236,20260224,510,415,356,4,1,63.099999999999994,84.94,52.58
236,20260225,510,396,312,5,3,77.43,80.12,64.53
236,20260226,510,399,342,7,5,91.9,78.82,76.58
236,20260227,510,250,148,5,4,72.39,67.15,60.32
236,20260302,510,300,262,2,0,33.35,88.71,27.79
236,20260303,510,395,334,2,1,39.3,89.47,32.75
236,20260304,510,330,241,1,0,14.48,94.33,12.07
236,20260305,510,350,338,2,1,36.29,90.3,30.24
236,20260306,510,410,313,4,4,61.620000000000005,83.55,51.35
236,20260309,510,245,188,3,1,43.62,81.17,36.35
236,20260310,510,300,260,6,3,116.42,69.07,97.02
236,20260311,510,375,307,3,0,51.19,85.71,42.66
236,20260312,510,420,353,7,2,96.63,78.51,80.52
236,20260313,510,382,382,4,2,63.769999999999996,85.69,53.14
236,20260316,510,400,339,4,2,74.71000000000001,81.94,62.26
236,20260317,510,305,218,7,3,124.24,63.7,100.0
236,20260318,510,261,209,3,0,44.24,82.53,36.87
236,20260319,510,410,327,5,1,85.7,79.23,71.42
236,20260320,510,410,362,3,2,40.839999999999996,89.86,34.03
236,20260323,510,395,365,9,3,138.81,72.45,100.0
236,20260324,510,305,269,4,2,54.19,83.23,45.16
236,20260325,510,354,227,9,1,143.6,61.25,100.0
236,20260326,510,295,241,2,0,36.58,86.82,30.48
236,20260327,510,338,307,1,0,16.85,94.8,14.04
236,20260330,510,390,378,4,0,63.82,85.56,53.18
236,20260331,510,317,261,3,0,50.86,83.69,42.38
237,20260101,510,355,331,5,3,71.56,82.22,59.63
237,20260102,510,415,380,4,2,67.98,84.83,56.65
237,20260105,510,329,238,3,1,32.18,88.09,26.82
237,20260106,510,395,369,4,2,72.27,83.62,60.22
237,20260107,510,248,248,5,0,94.57,72.39,78.81
237,20260108,510,325,171,8,2,106.6,61.6,88.83
237,20260109,510,290,163,5,3,77.05,67.9,64.21
237,20260112,510,395,370,2,2,32.33,91.96,26.94
237,20260113,510,415,359,3,1,45.95,88.65,38.29
237,20260114,510,290,226,4,2,52.19,81.24,43.49
237,20260115,510,410,362,5,1,83.6,81.24,69.67
237,20260116,510,350,306,4,1,71.17,81.13,59.31
237,20260119,510,360,360,6,4,89.41,80.11,74.51
237,20260120,510,396,339,2,1,26.330000000000002,92.79,21.94
237,20260121,510,446,387,4,0,71.32,84.44,59.43
237,20260122,510,405,364,7,2,112.82,76.34,94.02
237,20260123,510,345,313,4,2,74.8,80.71,62.33
237,20260126,510,325,262,3,1,37.85,87.38,31.54
237,20260127,510,286,210,5,2,67.78999999999999,75.6,56.49
237,20260128,510,410,358,1,0,26.03,93.22,21.69
237,20260129,510,390,378,5,0,75.87,83.28,63.23
237,20260130,510,350,326,7,5,105.78999999999999,75.5,88.16
237,20260202,510,410,410,6,1,96.25999999999999,80.99,80.22
237,20260203,510,315,265,6,2,90.86,74.47,75.72
237,20260204,510,400,366,7,4,106.23,77.5,88.52
237,20260205,510,382,369,8,2,103.34,78.12,86.12
237,20260206,510,251,214,3,2,47.35,81.88,39.46
237,20260209,510,345,275,4,1,71.96,79.26,59.97
237,20260210,510,395,319,5,1,79.83,79.98,66.53
237,20260211,510,350,290,6,1,92.25,75.87,76.88
237,20260212,510,365,270,6,1,112.51,70.59,93.76
237,20260213,510,239,212,4,2,54.12,79.66,45.1
237,20260216,510,170,154,1,0,19.97,88.52,16.64
237,20260217,510,360,346,3,0,65.06,84.17,54.22
237,20260218,510,423,354,7,5,107.00999999999999,76.79,89.18
237,20260219,510,395,395,2,1,33.92,92.09,28.27
237,20260220,510,405,341,5,0,86.32,79.8,71.93
237,20260223,510,410,351,6,2,93.94999999999999,78.89,78.29
237,20260224,510,325,271,5,1,81.16,76.95,67.63
237,20260225,510,290,221,6,2,105.58,67.67,87.98
237,20260226,510,335,316,3,0,47.370000000000005,86.96,39.48
237,20260227,510,420,301,8,5,125.39,70.59,100.0
237,20260302,510,305,238,4,0,61.32,79.51,51.1
237,20260303,510,316,269,4,3,61.050000000000004,81.5,50.88
237,20260304,510,395,329,6,3,106.8,75.49,89.0
237,20260305,510,340,291,3,2,46.260000000000005,86.28,38.55
237,20260306,510,275,215,6,3,92.06,70.02,76.72
237,20260309,510,307,229,4,0,52.01,81.49,43.34
237,20260310,510,285,261,3,1,35.489999999999995,88.03,29.57
237,20260311,510,365,279,6,4,85.36,76.57,71.13
237,20260312,510,265,248,4,2,63.06,79.73,52.55
237,20260313,510,386,282,6,1,116.73,70.72,97.28
237,20260316,510,425,309,3,0,52.62,85.45,43.85
237,20260317,510,305,279,3,2,55.56,83.39,46.3
237,20260318,510,380,276,6,2,106.25999999999999,72.2,88.55
237,20260319,510,435,367,4,0,67.22,84.52,56.02
237,20260320,510,270,188,5,1,54.55,77.51,45.46
237,20260323,510,405,350,8,4,116.14,75.08,96.78
237,20260324,510,390,305,3,0,53.86,84.99,44.88
237,20260325,510,315,259,6,4,103.65,71.42,86.38
237,20260326,510,410,359,5,2,74.57000000000001,82.8,62.14
237,20260327,510,381,307,7,3,109.94999999999999,73.63,91.62
237,20260330,510,395,305,5,4,94.66,76.31,78.88
237,20260331,510,380,329,5,0,82.1,80.03,68.42
238,20260101,510,386,299,6,3,96.8,75.54,80.67
238,20260102,510,273,192,5,3,73.94,72.2,61.62
238,20260105,510,325,256,2,1,29.78,89.58,24.82
238,20260106,510,396,334,6,1,98.54,77.22,82.12
238,20260107,510,357,304,3,1,66.28999999999999,82.1,55.24
238,20260108,510,370,279,5,1,70.58,79.81,58.82
238,20260109,510,392,324,8,4,119.31,73.09,99.42
238,20260112,510,350,197,7,2,103.65,65.52,86.38
238,20260113,510,390,343,3,1,45.73,88.24,38.11
238,20260114,510,343,284,4,2,54.85,83.81,45.71
238,20260115,510,260,226,4,3,65.19,77.61,54.32
238,20260116,510,351,276,8,4,132.89,67.5,100.0
238,20260119,510,410,216,12,3,211.51,50.53,100.0
238,20260120,510,368,303,6,3,103.52,74.54,86.27
238,20260121,510,365,326,3,0,41.769999999999996,88.64,34.81
238,20260122,510,360,247,6,5,113.0,68.61,94.17
238,20260123,510,314,314,4,1,57.77,84.46,48.14
238,20260126,510,288,252,6,2,109.64,69.68,91.37
238,20260127,510,335,291,6,1,74.74,79.56,62.28
238,20260128,510,320,268,2,1,18.740000000000002,93.46,15.62
238,20260129,510,400,302,5,1,70.86,81.0,59.05
238,20260130,510,354,318,5,1,70.03,81.95,58.36
238,20260202,510,375,272,7,2,127.84,68.03,100.0
238,20260203,510,410,376,6,3,109.5,77.45,91.25
238,20260204,510,343,293,2,0,44.79,86.74,37.32
238,20260205,510,385,312,3,0,34.53,90.04,28.78
238,20260206,510,300,288,4,2,67.27000000000001,81.07,56.06
238,20260209,510,370,316,7,2,117.75,72.85,98.12
238,20260210,510,430,378,3,1,46.89,88.96,39.07
238,20260211,510,420,336,4,1,66.42,83.49,55.35
238,20260212,510,331,276,4,4,55.56,83.24,46.3
238,20260213,510,305,237,7,1,105.84,69.13,88.2
238,20260216,510,315,249,2,0,31.97,88.62,26.64
238,20260217,510,290,257,5,3,73.64,77.73,61.37
238,20260218,510,250,161,3,1,45.06,78.13,37.55
238,20260219,510,365,327,4,1,65.05000000000001,83.41,54.21
238,20260220,510,279,263,3,2,53.17,83.18,44.31
238,20260223,510,195,119,3,0,55.01,68.39,45.84
238,20260224,510,300,262,4,2,84.91999999999999,75.52,70.77
238,20260225,510,425,377,8,1,137.74,73.24,100.0
238,20260226,510,280,224,2,2,27.939999999999998,88.91,23.28
238,20260227,510,352,280,3,1,45.32000000000001,86.07,37.77
238,20260302,510,303,282,7,3,128.36,68.72,100.0
238,20260303,510,365,318,1,1,10.87,96.69,9.06
238,20260304,510,335,237,5,3,86.57,73.25,72.14
238,20260305,510,355,287,3,2,60.0,82.71,50.0
238,20260306,510,339,311,3,0,41.32,88.27,34.43
238,20260309,510,380,330,7,3,117.46,73.75,97.88
238,20260310,510,345,286,5,2,55.97,83.63,46.64
238,20260311,510,264,179,5,2,89.83,66.58,74.86
238,20260312,510,375,284,6,4,90.32,75.87,75.27
238,20260313,510,405,362,6,0,78.68,82.15,65.57
238,20260316,510,330,295,2,1,29.71,90.85,24.76
238,20260317,510,425,377,3,2,44.05,89.54,36.71
238,20260318,510,385,298,4,1,87.45,77.31,72.88
238,20260319,510,295,209,8,3,142.39,59.48,100.0
238,20260320,510,178,74,4,1,72.93,50.36,60.78
238,20260323,510,300,245,6,2,106.78,69.65,88.98
238,20260324,510,353,289,6,3,101.86,73.94,84.88
238,20260325,510,350,231,5,2,82.98,73.57,69.15
238,20260326,510,350,290,4,1,75.35,79.38,62.79
238,20260327,510,395,295,4,3,55.14,84.25,45.95
238,20260330,510,365,318,3,1,48.230000000000004,86.83,40.19
238,20260331,510,380,350,5,2,77.35,81.9,64.46
239,20260101,510,386,305,4,2,63.82000000000001,82.7,53.18
239,20260102,510,300,235,6,3,106.12,68.89,88.43
239,20260105,510,290,266,5,2,94.41999999999999,73.8,78.68
239,20260106,510,304,259,3,1,56.25,82.16,46.88
239,20260107,510,300,268,3,0,68.35,79.68,56.96
239,20260108,510,245,173,4,2,76.25,69.41,63.54
239,20260109,510,380,313,3,3,59.019999999999996,84.14,49.18
239,20260112,510,265,202,8,1,137.46,59.51,100.0
239,20260113,510,380,329,6,3,112.93,74.45,94.11
239,20260114,510,380,265,7,4,121.22999999999999,68.61,100.0
239,20260115,510,290,224,4,0,62.04,78.31,51.7
239,20260116,510,349,279,4,1,64.22,81.29,53.52
239,20260119,510,170,66,5,3,77.52,45.99,64.6
239,20260120,510,279,231,3,3,45.86,83.44,38.22
239,20260121,510,335,187,4,0,72.28,72.12,60.23
239,20260122,510,410,341,5,3,84.42,80.16,70.35
239,20260123,510,455,422,4,2,63.15,86.98,52.62
239,20260126,510,390,260,6,3,85.63,75.22,71.36
239,20260127,510,190,155,3,1,48.52,76.16,40.43
239,20260128,510,314,276,4,3,58.96,82.4,49.13
239,20260129,510,290,259,3,0,44.38,85.37,36.98
239,20260130,510,390,239,6,2,76.00999999999999,75.87,63.34
239,20260202,510,310,282,5,2,73.67,79.29,61.39
239,20260203,510,455,381,5,1,72.56,84.0,60.47
239,20260204,510,306,214,5,2,66.83,76.2,55.69
239,20260205,510,275,223,3,3,50.37,81.57,41.97
239,20260206,510,269,253,1,1,16.99,93.71,14.16
239,20260209,510,310,224,6,3,96.66,69.86,80.55
239,20260210,510,299,239,1,0,11.57,95.38,9.64
239,20260211,510,393,305,4,0,47.58,86.51,39.65
239,20260212,510,210,179,2,2,31.68,84.96,26.4
239,20260213,510,420,345,7,4,103.04,77.0,85.87
239,20260216,510,379,323,2,0,24.11,93.05,20.09
239,20260217,510,405,392,7,4,96.92,80.18,80.77
239,20260218,510,250,221,4,2,69.43,76.09,57.86
239,20260219,510,390,358,6,4,110.13,76.47,91.78
239,20260220,510,365,299,4,1,78.67,79.17,65.56
239,20260223,510,330,273,3,3,57.57,82.58,47.98
239,20260224,510,375,329,7,3,104.87,75.83,87.39
239,20260225,510,175,149,3,2,57.379999999999995,72.2,47.82
239,20260226,510,440,381,1,1,17.03,95.72,14.19
239,20260227,510,295,172,2,0,12.690000000000001,93.13,10.58
239,20260302,510,340,287,4,2,70.76,80.22,58.97
239,20260303,510,264,209,4,0,54.849999999999994,79.21,45.71
239,20260304,510,285,226,6,2,76.44,74.73,63.7
239,20260305,510,300,274,4,1,48.78,84.89,40.65
239,20260306,510,385,342,4,0,66.49000000000001,83.72,55.41
239,20260309,510,330,313,4,2,72.47,81.2,60.39
239,20260310,510,370,313,3,0,28.78,91.58,23.98
239,20260311,510,285,249,5,3,84.36,74.69,70.3
239,20260312,510,390,305,7,2,137.64,68.9,100.0
239,20260313,510,360,273,4,2,56.449999999999996,82.87,47.04
239,20260316,510,390,368,3,0,38.17,90.6,31.81
239,20260317,510,330,272,5,2,95.47,74.02,79.56
239,20260318,510,285,258,3,2,47.97,84.32,39.98
239,20260319,510,210,159,4,2,60.0,72.6,50.0
239,20260320,510,286,229,1,1,17.84,92.77,14.87
239,20260323,510,343,236,8,3,133.6,63.85,100.0
239,20260324,510,315,280,4,1,59.64,82.44,49.7
239,20260325,510,300,192,6,3,98.4,66.12,82.0
239,20260326,510,454,422,5,2,71.57,85.5,59.64
239,20260327,510,303,269,4,1,57.54,82.38,47.95
239,20260330,510,380,275,3,0,36.05,88.41,30.04
239,20260331,510,358,246,4,2,69.42,77.99,57.85
240,20260101,510,392,324,5,3,97.02000000000001,76.96,80.85
240,20260102,510,370,337,5,2,78.63,81.08,65.53
240,20260105,510,416,343,3,1,40.0,89.56,33.33
240,20260106,510,372,267,6,2,73.72,78.36,61.43
240,20260107,510,236,201,4,1,67.18,74.95,55.98
240,20260108,510,435,385,8,2,125.75999999999999,75.38,100.0
240,20260109,510,350,295,8,5,123.38,70.51,100.0
240,20260112,510,297,285,4,3,74.5,79.28,62.08
240,20260113,510,395,301,5,3,78.94,79.22,65.78
240,20260114,510,425,377,6,5,87.92999999999999,81.09,73.27
240,20260115,510,435,409,7,3,105.58,79.48,87.98
240,20260116,510,280,200,4,1,77.14,72.17,64.28
240,20260119,510,410,318,7,1,132.53,70.58,100.0
240,20260120,510,410,318,4,1,79.91,79.92,66.59
240,20260121,510,295,274,4,3,80.12,77.37,66.77
240,20260122,510,245,211,3,2,52.900000000000006,79.95,44.08
240,20260123,510,380,307,4,1,65.38,82.44,54.48
240,20260126,510,377,316,4,1,74.07,81.01,61.72
240,20260127,510,300,159,3,2,53.370000000000005,74.87,44.48
240,20260128,510,360,305,6,3,98.25999999999999,75.63,81.88
240,20260129,510,335,255,4,1,76.34,76.96,63.62
240,20260130,510,350,269,4,1,64.59,80.64,53.82
240,20260202,510,294,229,3,0,44.5,83.73,37.08
240,20260203,510,353,291,7,2,129.19,69.25,100.0
240,20260204,510,330,196,4,0,87.52,69.13,72.93
240,20260205,510,470,433,8,4,127.53,77.25,100.0
240,20260206,510,335,309,3,1,58.94,83.98,49.12
240,20260209,510,260,242,3,1,46.790000000000006,83.8,38.99
240,20260210,510,385,341,8,6,106.17,76.26,88.48
240,20260211,510,299,287,5,3,80.62,78.07,67.18
240,20260212,510,283,216,4,3,65.29,76.79,54.41
240,20260213,510,300,252,7,4,106.19,70.35,88.49
240,20260216,510,215,190,1,1,11.69,94.2,9.74
240,20260217,510,260,197,5,4,74.39,72.59,61.99
240,20260218,510,372,317,6,3,74.43,80.99,62.03
240,20260219,510,305,256,3,3,43.28,85.54,36.07
240,20260220,510,430,340,6,1,84.69,80.06,70.58
240,20260223,510,320,250,7,2,111.99,69.06,93.32
240,20260224,510,395,336,5,3,58.66,85.14,48.88
240,20260225,510,260,246,5,1,91.5,72.89,76.25
240,20260226,510,385,252,6,2,89.84,73.72,74.87
240,20260227,510,465,394,3,1,49.61,88.82,41.34
240,20260302,510,235,187,3,0,46.56,80.07,38.8
240,20260303,510,250,250,4,2,72.73,77.46,60.61
240,20260304,510,279,212,5,3,81.18,72.31,67.65
240,20260305,510,318,260,4,1,69.02,79.02,57.52
240,20260306,510,335,298,6,3,82.53,78.31,68.77
240,20260309,510,278,266,3,2,42.08,86.34,35.07
240,20260310,510,390,362,4,3,66.01,84.58,55.01
240,20260311,510,260,260,2,0,46.33,84.88,38.61
240,20260312,510,330,234,7,3,122.68,65.61,100.0
240,20260313,510,315,257,4,1,68.52,78.95,57.1
240,20260316,510,410,326,6,3,106.92,75.3,89.1
240,20260317,510,275,184,2,1,38.870000000000005,82.56,32.39
240,20260318,510,260,203,6,3,109.98,64.86,91.65
240,20260319,510,255,243,4,4,57.88,80.76,48.23
240,20260320,510,416,377,2,0,29.77,92.68,24.81
240,20260323,510,345,207,6,2,109.48,65.41,91.23
240,20260324,510,345,285,2,1,30.11,90.44,25.09
240,20260325,510,320,181,4,2,62.230000000000004,74.42,51.86
240,20260326,510,312,263,5,3,62.28,80.85,51.9
240,20260327,510,410,398,8,3,146.44,73.1,100.0
240,20260330,510,380,300,7,2,117.1,71.93,97.58
240,20260331,510,330,267,5,0,70.84,79.03,59.03
241,20260101,510,370,289,6,3,102.4,73.84,85.33
241,20260102,510,325,301,4,2,67.71,81.64,56.42
241,20260105,510,350,258,4,3,66.06,79.61,55.05
241,20260106,510,335,257,6,1,121.35,67.93,100.0
241,20260107,510,238,166,4,1,57.42,74.3,47.85
241,20260108,510,420,360,6,5,97.68,78.66,81.4
241,20260109,510,250,180,4,3,72.44,71.3,60.37
241,20260112,510,205,138,4,3,53.92,71.9,44.93
241,20260113,510,273,189,3,2,49.93,79.1,41.61
241,20260114,510,290,219,3,0,43.1,83.56,35.92
241,20260115,510,330,299,6,1,94.95,75.9,79.12
241,20260116,510,450,450,5,4,85.03999999999999,84.11,70.87
241,20260119,510,385,358,5,2,73.11,83.04,60.92
241,20260120,510,465,431,7,1,119.67999999999999,78.27,99.73
241,20260121,510,356,297,2,1,38.28,88.58,31.9
241,20260122,510,390,332,6,1,112.94,74.62,94.12
241,20260123,510,281,213,5,1,85.28,71.41,71.07
241,20260126,510,375,263,6,3,87.49000000000001,75.04,72.91
241,20260127,510,340,273,6,4,87.91,75.64,73.26
241,20260128,510,390,378,3,1,40.69,90.28,33.91
241,20260129,510,425,335,5,2,79.69,80.78,66.41
241,20260130,510,412,270,8,5,111.83,70.71,93.19
241,20260202,510,365,276,5,2,106.57000000000001,72.14,88.81
241,20260203,510,290,217,2,1,33.92,86.48,28.27
241,20260204,510,375,309,7,2,129.71,70.43,100.0
241,20260205,510,440,379,5,2,79.03999999999999,82.74,65.87
241,20260206,510,251,172,4,0,94.35,64.58,78.62
241,20260209,510,205,193,3,1,49.5,79.59,41.25
241,20260210,510,349,300,4,0,65.69,82.04,54.74
241,20260211,510,275,211,6,2,97.97,68.29,81.64
241,20260212,510,395,358,4,0,61.7,85.3,51.42
241,20260213,510,455,404,3,0,39.3,91.13,32.75
241,20260216,510,335,289,3,1,49.1,85.48,40.92
241,20260217,510,215,112,2,1,35.11,76.13,29.26
241,20260218,510,260,148,4,1,68.17,68.46,56.81
241,20260219,510,290,275,2,2,25.689999999999998,91.46,21.41
241,20260220,510,465,441,4,2,68.71000000000001,86.52,57.26
241,20260223,510,200,74,5,3,76.86,49.05,64.05
241,20260224,510,380,323,6,2,97.32,76.85,81.1
241,20260225,510,265,210,2,2,25.85,89.04,21.54
241,20260226,510,430,338,6,1,108.82,75.65,90.68
241,20260227,510,345,275,6,4,87.52000000000001,75.86,72.93
241,20260302,510,282,223,7,3,122.75,64.5,100.0
241,20260303,510,440,298,5,1,82.78999999999999,78.26,68.99
241,20260304,510,249,228,3,2,60.32,79.08,50.27
241,20260305,510,310,267,4,0,67.39,79.85,56.16
241,20260306,510,410,339,9,4,137.84,71.09,100.0
241,20260309,510,395,257,7,3,116.16,68.87,96.8
241,20260310,510,373,317,6,2,105.31,75.06,87.76
241,20260311,510,345,235,7,5,108.05,68.5,90.04
241,20260312,510,385,311,6,1,87.77,77.99,73.14
241,20260313,510,395,322,7,3,138.22,69.97,100.0
241,20260316,510,285,205,3,0,42.07,82.97,35.06
241,20260317,510,373,346,4,3,71.03,82.97,59.19
241,20260318,510,390,335,2,1,40.55,89.2,33.79
241,20260319,510,290,234,7,4,104.62,69.1,87.18
241,20260320,510,346,285,4,3,58.4,82.99,48.67
241,20260323,510,310,179,4,4,72.66,71.13,60.55
241,20260324,510,356,239,7,4,102.25,70.04,85.21
241,20260325,510,451,408,5,1,84.97999999999999,82.76,70.82
241,20260326,510,295,191,6,1,98.50999999999999,65.97,82.09
241,20260327,510,293,269,4,2,67.35000000000001,79.98,56.12
241,20260330,510,425,366,5,3,80.88,81.9,67.4
241,20260331,510,448,372,4,2,47.349999999999994,88.71,39.46
242,20260101,510,280,243,5,3,96.94,71.48,80.78
242,20260102,510,285,226,4,1,77.25,74.53,64.38
242,20260105,510,172,131,2,0,20.6,86.41,17.17
242,20260106,510,348,304,4,1,63.739999999999995,82.67,53.12
242,20260107,510,390,364,3,1,38.89,90.35,32.41
242,20260108,510,280,175,3,0,46.42,79.04,38.68
242,20260109,510,320,174,7,2,131.34,56.99,100.0
242,20260112,510,284,226,4,0,66.96000000000001,77.14,55.8
242,20260113,510,280,217,4,2,70.48,75.48,58.73
242,20260114,510,393,393,3,2,55.870000000000005,87.55,46.56
242,20260115,510,234,234,4,3,66.62,77.84,55.52
242,20260116,510,310,212,9,4,142.29,59.84,100.0
242,20260119,510,397,340,4,1,66.39,83.66,55.32
242,20260120,510,415,299,7,3,96.64,75.57,80.53
242,20260121,510,350,330,2,0,43.55,88.34,36.29
242,20260122,510,310,224,5,4,68.86,76.49,57.38
242,20260123,510,325,292,3,2,52.730000000000004,84.7,43.94
242,20260126,510,275,203,5,2,108.21000000000001,65.23,90.18
242,20260127,510,295,279,4,2,56.52,83.15,47.1
242,20260128,510,190,175,1,1,9.43,94.89,7.86
242,20260129,510,303,209,7,3,118.92,63.74,99.1
242,20260130,510,265,231,3,2,41.05,84.91,34.21
242,20260202,510,357,245,5,4,75.64,76.41,63.03
242,20260203,510,330,310,3,1,57.79,84.29,48.16
242,20260204,510,275,196,6,2,89.68,68.61,74.73
242,20260205,510,238,179,2,0,36.74,82.97,30.62
242,20260206,510,345,274,4,1,49.900000000000006,84.59,41.58
242,20260209,510,390,360,6,2,115.07000000000001,75.78,95.89
242,20260210,510,360,279,6,3,108.28999999999999,72.04,90.24
242,20260211,510,252,240,2,1,27.209999999999997,89.82,22.67
242,20260212,510,265,205,3,2,50.83,80.13,42.36
242,20260213,510,450,396,6,1,75.88,83.92,63.23
242,20260216,510,340,298,7,5,117.34,71.75,97.78
242,20260217,510,245,233,1,0,14.44,94.16,12.03
242,20260218,510,290,267,4,2,66.51,80.06,55.42
242,20260219,510,390,342,6,1,117.22,74.47,97.68
242,20260220,510,400,305,5,3,89.62,77.29,74.68
242,20260223,510,301,204,4,2,70.33,74.36,58.61
242,20260224,510,335,292,3,1,36.480000000000004,88.89,30.4
242,20260225,510,390,354,5,2,78.7,81.81,65.58
242,20260226,510,350,257,6,2,90.84,73.88,75.7
242,20260227,510,390,306,3,1,48.24,86.38,40.2
242,20260302,510,260,200,3,2,42.3,82.54,35.25
242,20260303,510,273,197,3,1,50.51,79.59,42.09
242,20260304,510,288,288,4,2,55.86,83.76,46.55
242,20260305,510,355,230,6,4,87.78999999999999,72.37,73.16
242,20260306,510,390,254,8,1,123.36000000000001,67.31,100.0
242,20260309,510,260,229,3,1,50.14,82.04,41.78
242,20260310,510,370,326,3,1,50.69,86.54,42.24
242,20260311,510,375,344,5,0,94.16,78.51,78.47
242,20260312,510,340,262,4,2,54.83,82.69,45.69
242,20260313,510,345,314,9,3,162.52,65.89,100.0
242,20260316,510,245,193,3,2,51.18,79.04,42.65
242,20260317,510,340,252,6,1,105.11,70.57,87.59
242,20260318,510,345,289,5,2,73.38,79.75,61.15
242,20260319,510,381,330,5,1,69.5,82.6,57.92
242,20260320,510,358,277,4,1,66.85,80.56,55.71
242,20260323,510,285,227,2,0,16.07,93.39,13.39
242,20260324,510,330,279,6,2,87.05,76.22,72.54
242,20260325,510,410,373,6,2,89.69,80.62,74.74
242,20260326,510,360,315,3,0,54.22,85.31,45.18
242,20260327,510,375,323,3,0,44.0,88.01,36.67
242,20260330,510,386,269,6,2,99.45,73.01,82.88
242,20260331,510,340,259,3,0,36.75,87.57,30.63
243,20260101,510,400,320,7,5,110.25,74.38,91.88
243,20260102,510,355,255,6,2,103.8,71.07,86.5
243,20260105,510,315,303,5,3,72.59,80.67,60.49
243,20260106,510,350,322,3,0,43.540000000000006,88.09,36.28
243,20260107,510,250,200,4,2,63.89,75.79,53.24
243,20260108,510,480,416,6,2,97.28,81.05,81.07
243,20260109,510,355,287,6,3,91.19,75.89,75.99
243,20260112,510,235,204,3,1,47.17,81.22,39.31
243,20260113,510,325,284,3,2,47.1,85.77,39.25
243,20260114,510,220,139,4,4,66.16,67.75,55.13
243,20260115,510,435,333,8,4,141.3,70.21,100.0
243,20260116,510,380,356,7,3,130.36,73.2,100.0
243,20260119,510,356,176,8,2,141.03,55.52,100.0
243,20260120,510,350,278,5,2,95.56,74.42,79.63
243,20260121,510,420,382,4,1,56.129999999999995,87.19,46.77
243,20260122,510,250,250,3,1,47.54,84.02,39.62
243,20260123,510,317,273,7,2,104.35,72.35,86.96
243,20260126,510,270,203,4,1,67.23,75.12,56.03
243,20260127,510,380,270,5,1,80.81,76.96,67.34
243,20260128,510,335,309,2,2,30.29,91.07,25.24
243,20260129,510,320,260,3,0,39.46,86.82,32.88
243,20260130,510,395,373,2,1,17.060000000000002,95.63,14.22
243,20260202,510,342,325,2,1,32.8,90.83,27.33
243,20260203,510,353,302,5,2,73.57,80.41,61.31
243,20260204,510,395,341,5,1,75.12,81.95,62.6
243,20260205,510,338,275,2,0,35.88,88.46,29.9
243,20260206,510,365,292,6,1,115.03,71.74,95.86
243,20260209,510,280,256,3,1,58.08,81.51,48.4
243,20260210,510,174,174,1,1,12.16,93.47,10.13
243,20260211,510,405,340,6,1,97.14,77.78,80.95
243,20260212,510,395,311,6,2,88.43,77.86,73.69
243,20260213,510,300,196,2,1,30.270000000000003,86.62,25.22
243,20260216,510,300,246,3,0,55.1,81.7,45.92
243,20260217,510,320,269,8,6,114.41,70.16,95.34
243,20260218,510,320,260,4,2,69.9,78.81,58.25
243,20260219,510,450,387,6,2,90.74000000000001,81.01,75.62
243,20260220,510,255,202,4,0,82.91,70.9,69.09
243,20260223,510,365,293,6,0,122.96,70.44,100.0
243,20260224,510,180,168,2,1,25.86,86.66,21.55
243,20260225,510,214,157,4,1,53.4,74.62,44.5
243,20260226,510,325,249,2,1,35.09,87.65,29.24
243,20260227,510,335,214,2,1,25.740000000000002,89.26,21.45
243,20260302,510,260,198,3,1,45.42,81.34,37.85
243,20260303,510,375,355,7,2,104.71000000000001,77.22,87.26
243,20260304,510,455,418,5,4,79.8,83.97,66.5
243,20260305,510,397,312,9,5,172.64,64.38,100.0
243,20260306,510,225,150,5,1,96.11,60.95,80.09
243,20260309,510,345,277,7,3,112.63,71.09,93.86
243,20260310,510,229,178,3,1,47.04,79.1,39.2
243,20260311,510,340,340,3,2,49.980000000000004,87.18,41.65
243,20260312,510,395,317,7,2,130.79,70.79,100.0
243,20260313,510,280,266,3,3,44.81,85.58,37.34
243,20260316,510,389,373,6,3,96.2,79.5,80.17
243,20260317,510,255,174,4,0,70.59,71.14,58.82
243,20260318,510,439,362,3,2,54.85,86.84,45.71
243,20260319,510,315,288,2,0,39.01,88.07,32.51
243,20260320,510,405,288,6,3,97.41,74.73,81.18
243,20260323,510,305,268,5,0,103.54,72.13,86.28
243,20260324,510,410,340,7,4,102.92999999999999,76.76,85.78
243,20260325,510,250,207,5,2,65.74,75.9,54.78
243,20260326,510,295,183,4,1,70.41,72.21,58.68
243,20260327,510,380,329,7,4,111.39,74.71,92.82
243,20260330,510,310,288,4,1,71.88,80.03,59.9
243,20260331,510,310,294,4,1,77.93,79.05,64.94
244,20260101,510,285,223,2,2,32.47,87.29,27.06
244,20260102,510,255,177,1,1,17.66,90.93,14.72
244,20260105,510,377,291,5,1,73.83,79.76,61.52
244,20260106,510,247,209,5,3,83.58,71.43,69.65
244,20260107,510,440,332,4,1,77.91,80.99,64.92
244,20260108,510,351,303,5,3,67.51,81.78,56.26
244,20260109,510,365,327,7,3,112.17,74.46,93.48
244,20260112,510,365,251,8,4,130.11,65.86,100.0
244,20260113,510,369,351,5,3,75.24,82.35,62.7
244,20260114,510,335,265,3,3,40.74,86.67,33.95
244,20260115,510,325,196,3,3,51.440000000000005,79.21,42.87
244,20260116,510,383,371,5,3,100.75,78.64,83.96
244,20260119,510,360,260,4,2,74.17,77.8,61.81
244,20260120,510,193,89,6,3,96.28,48.04,80.23
244,20260121,510,295,254,5,0,91.89,73.43,76.58
244,20260122,510,363,351,4,3,72.77,82.83,60.64
244,20260123,510,245,197,4,1,91.22,68.35,76.02
244,20260126,510,410,357,7,2,134.55,72.63,100.0
244,20260127,510,365,303,4,2,66.12,82.09,55.1
244,20260128,510,250,238,5,1,64.86,78.58,54.05
244,20260129,510,418,347,7,0,107.37,76.37,89.48
244,20260130,510,455,410,5,0,87.33,82.44,72.78
244,20260202,510,220,174,3,0,51.04,77.32,42.53
244,20260203,510,363,278,3,1,50.01,84.75,41.68
244,20260204,510,220,105,5,2,85.66,55.07,71.38
244,20260205,510,354,342,4,0,45.12,88.34,37.6
244,20260206,510,315,264,1,1,16.86,94.0,14.05
244,20260209,510,287,229,5,5,75.16,75.29,62.63
244,20260210,510,335,296,8,3,108.03999999999999,73.26,90.03
244,20260211,510,285,221,5,1,75.08,74.64,62.57
244,20260212,510,356,275,4,2,68.08,80.16,56.73
244,20260213,510,300,236,4,2,61.94,79.21,51.62
244,20260216,510,350,314,6,3,92.81,77.19,77.34
244,20260217,510,330,279,6,2,95.49000000000001,74.5,79.58
244,20260218,510,320,225,9,6,154.37,59.31,100.0
244,20260219,510,360,360,3,1,48.99,88.02,40.83
244,20260220,510,400,366,5,2,70.07,83.93,58.39
244,20260223,510,395,380,4,0,85.39,81.65,71.16
244,20260224,510,360,308,5,1,90.27,77.33,75.22
244,20260225,510,296,278,2,1,39.47,87.57,32.89
244,20260226,510,434,361,7,2,140.1,72.04,100.0
244,20260227,510,435,392,6,4,91.08,81.15,75.9
244,20260302,510,390,349,5,1,83.32,80.73,69.43
244,20260303,510,395,374,4,3,67.72,84.67,56.43
244,20260304,510,320,225,6,6,105.67,68.04,88.06
244,20260305,510,354,294,4,3,64.08,82.1,53.4
244,20260306,510,256,203,2,0,29.35,87.37,24.46
244,20260309,510,410,323,3,1,44.980000000000004,87.78,37.48
244,20260310,510,312,254,3,3,46.71,84.47,38.92
244,20260311,510,355,291,3,2,56.14,83.83,46.78
244,20260312,510,330,318,6,4,86.18,78.68,71.82
244,20260313,510,420,308,4,3,68.1,81.89,56.75
244,20260316,510,340,297,9,5,145.17,67.17,100.0
244,20260317,510,345,276,3,0,41.91,86.82,34.92
244,20260318,510,270,252,1,0,17.04,93.67,14.2
244,20260319,510,405,287,10,4,181.1,61.31,100.0
244,20260320,510,240,209,2,1,23.740000000000002,89.8,19.78
244,20260323,510,335,234,7,3,119.11,66.27,99.26
244,20260324,510,335,241,6,2,101.49,70.37,84.58
244,20260325,510,410,380,5,1,94.03999999999999,80.16,78.37
244,20260326,510,470,410,7,3,109.95,78.85,91.62
244,20260327,510,340,237,5,4,75.94,75.73,63.28
244,20260330,510,425,369,6,6,95.32,79.47,79.43
244,20260331,510,355,316,5,1,66.77,82.56,55.64
245,20260101,510,310,266,5,1,99.83,72.71,83.19
245,20260102,510,275,200,3,0,50.18,79.94,41.82
245,20260105,510,300,252,6,2,100.06,71.58,83.38
245,20260106,510,345,262,6,2,101.74,72.03,84.78
245,20260107,510,350,300,8,4,132.46,69.37,100.0
245,20260108,510,255,155,4,0,72.18,68.23,60.15
245,20260109,510,450,402,5,2,86.38,82.31,71.98
245,20260112,510,270,227,3,2,43.34,83.97,36.12
245,20260113,510,310,298,5,0,65.47,81.99,54.56
245,20260114,510,290,199,2,2,23.68,89.37,19.73
245,20260115,510,210,210,3,0,45.84,82.08,38.2
245,20260116,510,415,328,9,1,161.05,67.07,100.0
245,20260119,510,295,275,2,0,40.87,87.06,34.06
245,20260120,510,285,200,4,4,63.23,75.98,52.69
245,20260121,510,470,428,8,4,110.71000000000001,79.45,92.26
245,20260122,510,380,262,6,3,78.22,77.01,65.18
245,20260123,510,465,444,2,0,26.660000000000004,94.34,22.22
245,20260126,510,286,238,5,3,80.94,74.62,67.45
245,20260127,510,390,263,6,5,110.62,70.39,92.18
245,20260128,510,275,216,4,0,76.15,73.93,63.46
245,20260129,510,335,306,5,2,69.58,81.47,57.98
245,20260130,510,300,259,3,2,40.75,86.41,33.96
245,20260202,510,235,143,3,1,47.400000000000006,75.11,39.5
245,20260203,510,365,323,5,3,86.22999999999999,78.93,71.86
245,20260204,510,413,392,4,2,83.88,82.37,69.9
245,20260205,510,280,256,3,1,53.18,82.8,44.32
245,20260206,510,342,300,6,4,94.07,76.13,78.39
245,20260209,510,320,289,3,0,54.23,84.2,45.19
245,20260210,510,231,209,2,0,41.84,83.32,34.87
245,20260211,510,365,299,6,2,89.41,76.98,74.51
245,20260212,510,425,350,5,0,97.58,78.2,81.32
245,20260213,510,298,228,6,1,109.5,67.56,91.25
245,20260216,510,375,292,8,2,143.1,67.11,100.0
245,20260217,510,279,260,3,3,52.629999999999995,83.17,43.86
245,20260218,510,305,272,1,0,12.91,95.47,10.76
245,20260219,510,320,249,3,1,53.61,82.28,44.68
245,20260220,510,248,134,7,1,108.69,55.21,90.57
245,20260223,510,410,372,4,0,72.57,83.68,60.47
245,20260224,510,255,116,6,5,96.83,54.5,80.69
245,20260225,510,405,353,6,2,92.64999999999999,79.21,77.21
245,20260226,510,358,311,6,2,87.83,77.98,73.19
245,20260227,510,291,291,2,0,56.74,83.68,47.28
245,20260302,510,284,235,3,2,52.16,81.84,43.47
245,20260303,510,318,138,3,1,39.96,77.55,33.3
245,20260304,510,425,390,6,4,94.3,80.53,78.58
245,20260305,510,300,236,3,2,47.019999999999996,83.39,39.18
245,20260306,510,317,255,4,1,75.65,77.12,63.04
245,20260309,510,320,275,2,0,33.98,89.0,28.32
245,20260310,510,485,485,4,0,79.46,85.92,66.22
245,20260311,510,435,396,5,4,78.14,83.52,65.12
245,20260312,510,360,313,8,4,133.69,70.07,100.0
245,20260313,510,330,272,4,1,53.89,83.46,44.91
245,20260316,510,390,345,7,4,122.86,73.74,100.0
245,20260317,510,415,312,8,5,106.61,74.53,88.84
245,20260318,510,339,237,7,3,110.71000000000001,68.16,92.26
245,20260319,510,365,329,4,2,45.55,87.84,37.96
245,20260320,510,440,394,4,1,65.17,85.81,54.31
245,20260323,510,365,315,3,1,48.4,86.68,40.33
245,20260324,510,267,248,6,2,102.43,70.77,85.36
245,20260325,510,385,305,2,0,14.809999999999999,95.37,12.34
245,20260326,510,460,341,8,5,120.28,73.92,100.0
245,20260327,510,289,134,6,2,86.32,60.82,71.93
245,20260330,510,350,334,4,1,75.13,81.64,62.61
245,20260331,510,395,383,4,4,54.980000000000004,87.45,45.82
246,20260101,510,347,277,2,1,32.02,89.64,26.68
246,20260102,510,250,149,3,1,50.65,74.63,42.21
246,20260105,510,340,259,6,2,106.11,70.94,88.42
246,20260106,510,200,166,1,0,28.0,85.57,23.33
246,20260107,510,296,249,6,1,97.69,71.82,81.41
246,20260108,510,275,132,9,4,139.34,48.65,100.0
246,20260109,510,370,227,7,1,109.75,67.41,91.46
246,20260112,510,365,318,6,2,106.00999999999999,75.0,88.34
246,20260113,510,300,214,3,0,45.28,82.54,37.73
246,20260114,510,350,324,3,1,59.66,84.45,49.72
246,20260115,510,230,230,2,1,35.36,86.67,29.47
246,20260116,510,285,200,4,2,67.03999999999999,74.9,55.87
246,20260119,510,350,335,4,0,91.13,78.61,75.94
246,20260120,510,259,237,2,1,30.26,88.68,25.22
246,20260121,510,260,205,4,2,59.92,77.38,49.93
246,20260122,510,323,254,3,1,44.95,84.96,37.46
246,20260123,510,390,273,5,2,79.41,77.47,66.18
246,20260126,510,293,237,6,1,81.04,74.52,67.53
246,20260127,510,406,388,0,0,0.0,100.0,0.0
246,20260128,510,365,279,3,1,59.69,82.38,49.74
246,20260129,510,355,285,5,1,99.05,74.21,82.54
246,20260130,510,290,180,5,2,83.00999999999999,68.44,69.18
246,20260202,510,335,215,4,1,73.77,74.45,61.48
246,20260203,510,390,290,4,2,60.69,82.69,50.58
246,20260204,510,360,344,5,0,84.3,80.32,70.25
246,20260205,510,315,300,5,3,61.77,82.93,51.48
246,20260206,510,390,284,6,3,81.6,77.68,68.0
246,20260209,510,415,392,7,3,133.55,74.59,100.0
246,20260210,510,255,176,3,2,43.379999999999995,80.23,36.15
246,20260211,510,391,266,7,2,107.15,71.29,89.29
246,20260212,510,475,413,6,3,98.37,80.76,81.98
246,20260213,510,335,335,4,1,67.74,83.18,56.45
246,20260216,510,308,263,4,2,65.67,80.02,54.72
246,20260217,510,351,308,3,1,41.47,88.13,34.56
246,20260218,510,382,346,4,1,74.0,82.38,61.67
246,20260219,510,338,246,4,1,62.629999999999995,79.71,52.19
246,20260220,510,298,244,2,1,22.3,91.63,18.58
246,20260223,510,430,412,4,3,60.97,87.11,50.81
246,20260224,510,395,338,6,2,74.92,81.86,62.43
246,20260225,510,455,393,6,4,100.14,79.69,83.45
246,20260226,510,270,213,7,2,126.11,62.81,100.0
246,20260227,510,360,321,4,2,55.88,85.17,46.57
246,20260302,510,275,191,8,3,129.45,59.6,100.0
246,20260303,510,305,275,5,1,81.57,77.12,67.97
246,20260304,510,419,273,7,4,129.09,67.9,100.0
246,20260305,510,401,316,7,3,108.92,74.37,90.77
246,20260306,510,265,216,5,2,67.14,76.29,55.95
246,20260309,510,310,255,3,2,49.480000000000004,83.75,41.23
246,20260310,510,360,317,7,3,129.52,70.99,100.0
246,20260311,510,410,372,5,1,90.94999999999999,80.35,75.79
246,20260312,510,295,208,4,2,73.94,73.77,61.62
246,20260313,510,465,437,4,1,65.04,87.04,54.2
246,20260316,510,295,243,4,1,62.19,79.62,51.82
246,20260317,510,359,287,2,2,26.92,91.42,22.43
246,20260318,510,320,248,4,1,69.84,78.03,58.2
246,20260319,510,352,254,10,4,169.18,60.02,100.0
246,20260320,510,510,370,10,6,145.97,71.71,100.0
246,20260323,510,187,160,3,0,54.94,74.44,45.78
246,20260324,510,391,321,6,1,89.03,78.29,74.19
246,20260325,510,445,367,4,1,64.74000000000001,85.0,53.95
246,20260326,510,380,364,3,1,46.41,88.69,38.67
246,20260327,510,455,429,4,1,52.37,89.12,43.64
246,20260330,510,375,286,4,2,67.14,80.99,55.95
246,20260331,510,200,162,4,2,49.19,76.71,40.99
247,20260101,510,357,266,6,4,80.31,76.81,66.92
247,20260102,510,283,237,3,1,52.91,81.75,44.09
247,20260105,510,405,315,7,4,104.28,75.13,86.9
247,20260106,510,245,222,2,1,23.12,90.57,19.27
247,20260107,510,314,286,3,0,52.540000000000006,84.48,43.78
247,20260108,510,370,340,3,1,41.790000000000006,89.05,34.83
247,20260109,510,325,267,2,0,40.41,86.85,33.67
247,20260112,510,333,203,5,3,82.71,71.05,68.92
247,20260113,510,330,240,6,1,90.59,72.6,75.49
247,20260114,510,298,202,5,2,89.68,69.25,74.73
247,20260115,510,385,267,6,0,103.38,72.09,86.15
247,20260116,510,330,310,8,5,128.97,70.62,100.0
247,20260119,510,410,374,4,2,65.67,85.06,54.72
247,20260120,510,295,195,4,1,70.51,73.44,58.76
247,20260121,510,449,408,4,3,61.67,86.87,51.39
247,20260122,510,395,326,4,3,65.57,83.25,54.64
247,20260123,510,173,132,2,1,28.189999999999998,82.4,23.49
247,20260126,510,388,337,5,2,61.96,84.47,51.63
247,20260127,510,420,382,1,1,11.64,97.04,9.7
247,20260128,510,405,385,7,1,115.14,76.98,95.95
247,20260129,510,308,241,4,4,68.22,77.94,56.85
247,20260130,510,450,408,4,1,78.66,83.84,65.55
247,20260202,510,278,249,2,0,22.73,91.64,18.94
247,20260203,510,360,308,6,3,96.23,76.19,80.19
247,20260204,510,320,279,6,2,103.78,72.89,86.48
247,20260205,510,405,307,6,1,101.35,75.18,84.46
247,20260206,510,395,357,4,1,79.39,81.81,66.16
247,20260209,510,380,253,5,4,85.57,74.73,71.31
247,20260210,510,425,336,7,2,128.83,72.28,100.0
247,20260211,510,331,310,3,0,46.96,86.84,39.13
247,20260212,510,340,297,7,2,113.75,72.31,94.79
247,20260213,510,360,310,3,2,56.03999999999999,84.69,46.7
247,20260216,510,308,228,7,2,83.58,73.18,69.65
247,20260217,510,261,249,3,2,41.88,85.6,34.9
247,20260218,510,412,364,3,1,43.31,89.37,36.09
247,20260219,510,431,309,5,2,85.06,78.41,70.88
247,20260220,510,325,258,9,1,160.4,61.66,100.0
247,20260223,510,345,310,6,2,77.92,79.91,64.93
247,20260224,510,310,221,8,5,127.63,63.39,100.0
247,20260225,510,310,276,3,2,33.96,89.04,28.3
247,20260226,510,406,303,4,1,84.64,78.17,70.53
247,20260227,510,295,240,4,2,79.2,75.19,66.0
247,20260302,510,335,303,4,1,62.64,82.87,52.2
247,20260303,510,350,309,6,3,80.78,79.28,67.32
247,20260304,510,309,209,8,3,104.50999999999999,66.66,87.09
247,20260305,510,356,263,5,3,90.74,74.35,75.62
247,20260306,510,335,279,4,0,64.96000000000001,81.11,54.13
247,20260309,510,275,154,5,0,72.03,68.13,60.03
247,20260310,510,335,258,4,2,60.86,80.91,50.72
247,20260311,510,312,312,3,2,44.78,87.45,37.32
247,20260312,510,321,194,4,1,66.23,74.55,55.19
247,20260313,510,230,134,2,2,37.150000000000006,78.29,30.96
247,20260316,510,455,400,7,1,112.84,78.0,94.03
247,20260317,510,303,232,5,1,68.41,77.23,57.01
247,20260318,510,455,403,3,2,43.28,90.3,36.07
247,20260319,510,315,266,0,0,0.0,100.0,0.0
247,20260320,510,437,343,4,1,68.28,83.4,56.9
247,20260323,510,330,250,5,3,70.41,78.03,58.68
247,20260324,510,470,389,4,3,58.839999999999996,86.86,49.03
247,20260325,510,510,423,4,2,56.620000000000005,88.19,47.18
247,20260326,510,410,223,9,2,140.78,61.3,100.0
247,20260327,510,295,180,7,3,109.59,62.16,91.32
247,20260330,510,331,273,7,3,119.47,69.56,99.56
247,20260331,510,382,370,4,2,56.709999999999994,86.71,47.26
248,20260101,510,257,245,1,1,15.55,94.03,12.96
248,20260102,510,296,267,4,3,46.79,85.09,38.99
248,20260105,510,345,331,5,2,67.27,83.11,56.06
248,20260106,510,350,337,3,2,37.29,90.04,31.07
248,20260107,510,360,309,4,1,63.83,82.88,53.19
248,20260108,510,375,273,5,1,68.44,79.96,57.03
248,20260109,510,365,305,4,2,72.86,80.72,60.72
248,20260112,510,370,370,1,0,15.64,95.94,13.03
248,20260113,510,355,323,5,2,88.1,78.57,73.42
248,20260114,510,280,249,5,1,105.93,70.15,88.28
248,20260115,510,404,312,6,1,103.9,75.02,86.58
248,20260116,510,363,266,5,2,90.75,74.56,75.62
248,20260119,510,315,163,6,3,89.44,64.57,74.53
248,20260120,510,395,296,4,2,52.55,84.92,43.79
248,20260121,510,310,203,4,3,53.97,79.0,44.98
248,20260122,510,265,145,7,5,104.06,58.22,86.72
248,20260123,510,325,297,3,0,42.94,87.37,35.78
248,20260126,510,470,372,5,2,88.94,80.7,74.12
248,20260127,510,405,340,4,3,79.31,81.09,66.09
248,20260128,510,305,233,3,2,47.29,83.13,39.41
248,20260129,510,295,170,3,2,42.47,80.01,35.39
248,20260130,510,301,289,2,0,27.07,91.44,22.56
248,20260202,510,320,308,4,0,55.1,84.83,45.92
248,20260203,510,380,368,7,4,105.86,77.66,88.22
248,20260204,510,292,240,4,0,64.67,78.77,53.89
248,20260205,510,184,155,4,2,73.13,67.94,60.94
248,20260206,510,485,444,6,5,91.25,82.95,76.04
248,20260209,510,360,270,7,1,107.22,71.58,89.35
248,20260210,510,405,348,8,3,132.52,72.42,100.0
248,20260211,510,410,369,7,2,96.65,79.24,80.54
248,20260212,510,425,401,4,1,51.95,88.53,43.29
248,20260213,510,387,359,3,2,51.760000000000005,87.4,43.13
248,20260216,510,317,264,1,0,18.3,93.52,15.25
248,20260217,510,345,247,5,1,70.0,77.92,58.33
248,20260218,510,295,295,4,0,51.02,85.26,42.52
248,20260219,510,410,363,4,2,59.489999999999995,85.92,49.58
248,20260220,510,450,314,7,3,105.29,74.89,87.74
248,20260223,510,297,213,3,0,50.18,80.93,41.82
248,20260224,510,363,256,7,3,104.27,71.06,86.89
248,20260225,510,450,406,1,0,11.12,97.33,9.27
248,20260226,510,420,340,4,1,68.86,83.16,57.38
248,20260227,510,350,271,4,0,78.04,77.64,65.03
248,20260302,510,360,281,4,3,71.52,79.71,59.6
248,20260303,510,252,184,5,3,71.59,71.99,59.66
248,20260304,510,240,185,5,0,82.07000000000001,69.27,68.39
248,20260305,510,385,310,5,3,85.03999999999999,78.47,70.87
248,20260306,510,325,316,2,0,33.53,90.41,27.94
248,20260309,510,380,310,6,3,111.23,73.59,92.69
248,20260310,510,345,291,4,2,51.150000000000006,85.05,42.63
248,20260311,510,314,272,7,2,125.67,68.4,100.0
248,20260312,510,415,318,7,4,118.93,72.78,99.11
248,20260313,510,430,399,6,1,76.49,83.91,63.74
248,20260316,510,255,187,6,2,95.53,66.19,79.61
248,20260317,510,370,310,8,6,152.34,67.05,100.0
248,20260318,510,143,0,1,0,14.36,0.0,11.97
248,20260319,510,405,356,5,2,76.92,82.23,64.1
248,20260320,510,275,170,6,3,96.00999999999999,63.91,80.01
248,20260323,510,302,287,6,1,115.38,71.33,96.15
248,20260324,510,380,268,5,3,95.47999999999999,73.73,79.57
248,20260325,510,225,195,6,2,102.67999999999999,65.51,85.57
248,20260326,510,415,339,2,0,43.56,88.61,36.3
248,20260327,510,325,265,3,1,56.69,82.38,47.24
248,20260330,510,240,228,5,1,84.34,73.0,70.28
248,20260331,510,350,278,3,3,45.79,85.86,38.16
249,20260101,510,290,200,2,2,30.36,86.82,25.3
249,20260102,510,375,323,5,3,94.16,77.43,78.47
249,20260105,510,330,316,5,2,92.52,77.35,77.1
249,20260106,510,295,248,2,2,26.91,90.21,22.42
249,20260107,510,395,329,4,3,60.93,84.37,50.78
249,20260108,510,206,103,4,2,65.00999999999999,61.31,54.18
249,20260109,510,335,318,3,2,57.56,84.67,47.97
249,20260112,510,340,340,4,3,74.24,82.08,61.87
249,20260113,510,320,227,7,2,123.02000000000001,64.85,100.0
249,20260114,510,437,333,7,1,137.87,70.72,100.0
249,20260115,510,419,400,6,1,71.11,84.91,59.26
249,20260116,510,440,394,4,3,62.29,86.35,51.91
249,20260119,510,362,362,1,0,26.88,93.09,22.4
249,20260120,510,266,232,5,4,79.37,74.51,66.14
249,20260121,510,160,137,1,1,9.87,93.28,8.22
249,20260122,510,265,222,5,2,65.15,77.31,54.29
249,20260123,510,345,286,5,0,94.31,75.2,78.59
249,20260126,510,200,161,5,1,68.28999999999999,70.22,56.91
249,20260127,510,430,399,3,0,51.63,88.54,43.03
249,20260128,510,323,237,4,1,73.95,76.22,61.63
249,20260129,510,395,374,5,4,84.83,81.51,70.69
249,20260130,510,325,313,5,0,92.67999999999999,77.15,77.23
249,20260202,510,360,310,5,1,59.81,83.83,49.84
249,20260203,510,315,270,8,2,161.29,62.6,100.0
249,20260204,510,417,254,5,3,70.02,78.39,58.35
249,20260205,510,385,236,8,3,136.62,63.34,100.0
249,20260206,510,385,273,5,2,88.76,75.46,73.97
249,20260209,510,337,305,4,1,65.81,82.25,54.84
249,20260210,510,420,381,5,2,88.3,81.18,73.58
249,20260211,510,315,280,6,2,96.64999999999999,74.34,80.54
249,20260212,510,410,376,7,0,104.16,78.31,86.8
249,20260213,510,435,382,9,2,144.84,72.51,100.0
249,20260216,510,255,184,7,3,106.72999999999999,63.29,88.94
249,20260217,510,250,224,4,2,66.22,77.18,55.18
249,20260218,510,455,394,7,4,115.62,77.31,96.35
249,20260219,510,485,402,8,5,140.67,74.08,100.0
249,20260220,510,353,341,4,3,70.36,82.9,58.63
249,20260223,510,210,157,5,3,79.18,66.47,65.98
249,20260224,510,310,258,4,0,82.28,75.82,68.57
249,20260225,510,210,171,2,0,45.82,78.87,38.18
249,20260226,510,330,254,7,5,123.02000000000001,67.37,100.0
249,20260227,510,260,203,3,1,37.120000000000005,84.54,30.93
249,20260302,510,295,295,3,0,47.22,86.2,39.35
249,20260303,510,282,241,4,1,66.95,78.26,55.79
249,20260304,510,256,231,3,1,41.8,84.68,34.83
249,20260305,510,255,203,2,0,43.41,82.38,36.17
249,20260306,510,340,302,4,1,70.4,81.1,58.67
249,20260309,510,395,356,5,3,84.3,80.85,70.25
249,20260310,510,346,284,3,2,38.900000000000006,87.95,32.42
249,20260311,510,440,368,8,3,137.34,72.82,100.0
249,20260312,510,435,297,11,4,182.09,61.99,100.0
249,20260313,510,425,296,4,0,58.39,83.52,48.66
249,20260316,510,370,311,4,1,60.45,83.73,50.38
249,20260317,510,305,247,5,2,103.52,70.47,86.27
249,20260318,510,455,415,4,1,58.87,87.58,49.06
249,20260319,510,355,256,5,2,64.27,79.93,53.56
249,20260320,510,357,300,4,3,66.52,81.85,55.43
249,20260323,510,355,317,5,3,96.18,76.72,80.15
249,20260324,510,315,251,2,1,49.99,83.39,41.66
249,20260325,510,420,378,3,1,38.410000000000004,90.78,32.01
249,20260326,510,400,359,4,1,84.45,80.96,70.38
249,20260327,510,352,287,3,1,47.54,85.79,39.62
249,20260330,510,160,124,2,1,20.94,85.55,17.45
249,20260331,510,233,168,3,1,62.65,72.84,52.21
250,20260101,510,370,317,6,3,88.03,78.27,73.36
250,20260102,510,370,270,5,3,71.23,79.13,59.36
250,20260105,510,433,400,3,2,47.95,89.3,39.96
250,20260106,510,254,220,4,2,65.58,77.04,54.65
250,20260107,510,350,293,3,2,55.6,84.05,46.33
250,20260108,510,265,251,3,1,50.85,83.15,42.38
250,20260109,510,375,283,6,5,93.48,75.17,77.9
250,20260112,510,300,240,4,1,45.69,84.01,38.07
250,20260113,510,329,259,5,3,84.6,75.38,70.5
250,20260114,510,286,164,7,1,136.27,54.62,100.0
250,20260115,510,480,404,7,2,112.41,78.23,93.68
250,20260116,510,299,266,5,1,59.839999999999996,81.64,49.87
250,20260119,510,370,287,6,4,85.47,77.05,71.22
250,20260120,510,375,327,6,2,101.28,76.35,84.4
250,20260121,510,265,190,3,1,47.010000000000005,80.17,39.18
250,20260122,510,270,186,6,3,82.3,69.33,68.58
250,20260123,510,293,263,2,1,23.57,91.78,19.64
250,20260126,510,286,165,3,3,44.43,78.79,37.03
250,20260127,510,390,294,9,4,142.01,67.43,100.0
250,20260128,510,310,223,4,2,64.44,77.58,53.7
250,20260129,510,266,193,3,2,58.76,76.66,48.97
250,20260130,510,365,301,5,3,92.17999999999999,76.56,76.82
250,20260202,510,342,275,5,3,103.03,72.75,85.86
250,20260203,510,380,311,8,4,164.29,65.43,100.0
250,20260204,510,295,252,3,1,45.68,84.65,38.07
250,20260205,510,226,196,2,2,34.989999999999995,84.85,29.16
250,20260206,510,320,281,2,0,40.97,87.28,34.14
250,20260209,510,375,323,3,2,50.99000000000001,86.37,42.49
250,20260210,510,380,329,3,1,40.43,89.06,33.69
250,20260211,510,310,182,6,0,111.16,62.08,92.63
250,20260212,510,365,327,4,1,63.84,83.67,53.2
250,20260213,510,360,318,2,2,29.38,91.54,24.48
250,20260216,510,335,308,7,2,104.64,74.64,87.2
250,20260217,510,367,289,7,3,122.62,70.21,100.0
250,20260218,510,460,357,9,1,139.88,71.85,100.0
250,20260219,510,335,312,3,0,56.03,84.78,46.69
250,20260220,510,405,350,4,0,72.73,82.8,60.61
250,20260223,510,480,405,3,3,46.94,89.61,39.12
250,20260224,510,458,446,4,2,73.84,85.8,61.53
250,20260225,510,345,345,3,3,49.54,87.44,41.28
250,20260226,510,305,258,2,2,31.46,89.13,26.22
250,20260227,510,485,439,3,1,49.33,89.9,41.11
250,20260302,510,367,307,4,0,71.33,81.15,59.44
250,20260303,510,355,259,5,3,89.0,74.43,74.17
250,20260304,510,330,257,6,2,97.58,72.48,81.32
250,20260305,510,395,344,3,3,38.58,89.92,32.15
250,20260306,510,384,309,4,2,67.08,82.16,55.9
250,20260309,510,270,187,3,2,38.14,83.06,31.78
250,20260310,510,415,377,7,2,111.88,77.12,93.23
250,20260311,510,395,336,6,2,118.61,73.91,98.84
250,20260312,510,340,192,5,3,79.93,70.61,66.61
250,20260313,510,285,234,5,2,75.54,75.6,62.95
250,20260316,510,425,369,8,4,141.45,72.29,100.0
250,20260317,510,365,340,6,3,95.53999999999999,78.06,79.62
250,20260318,510,338,258,5,2,85.4,75.13,71.17
250,20260319,510,372,345,3,2,35.05,90.78,29.21
250,20260320,510,440,341,5,1,84.0,80.24,70.0
250,20260323,510,307,238,4,0,48.93,82.95,40.78
250,20260324,510,335,248,5,2,87.93,73.82,73.28
250,20260325,510,280,173,4,1,64.29,72.91,53.58
250,20260326,510,365,249,5,2,83.00999999999999,75.0,69.18
250,20260327,510,370,314,6,4,100.13,75.82,83.44
250,20260330,510,300,219,8,5,138.7,61.22,100.0
250,20260331,510,365,328,8,5,136.29,70.65,100.0
